SteetToyotaJG,40,6.4714766E+017,Things we love: finding vintage #Toyota ads. #TBT #ThrowbackThursday #LetsGoPlaces #SteetToyota http://t.co/vDnDby4psZ,ad,9/24/2015  8:36 PM,en,0,0,0.6369
iSagardutt,6486,6.4624123E+017,@Toyota_India #JoyOfOwningAToyota. I am in Love with this video. #Kudos to you team. https://t.co/sZ0lawcFcV,ad,9/22/2015  8:34 AM,en,0,0,0.6369
bkstgurl,362,6.4613936E+017,Sooo ummm Hey Toyota ... I LOVE that @Miles_Teller is narrating your commercials !!,ad,9/22/2015  1:50 AM,en,0,0,0.7592
TazyeenKhan,1263,6.4592198E+017,@Toyota_India  #JoyOfOwningAToyota. I am in Love with this video! Such a Mesmerizing video it is! :)  https://t.co/HIEWaETomE,ad,9/21/2015 11:26 AM,en,0,0,0.8309
cindylou_21,159,6.4578399E+017,I am so in love with the Toyota football commercial! Like yaaaas girls are passionate about football too! üëèüèºüèà,ad,9/21/2015  2:17 AM,en,0,1,0.8993
SirCuttsman,106,6.4565299E+017,Toyota taught me that Asians love ice cream and will kill anyone for it,ad,9/20/2015  5:37 PM,en,0,0,-0.128
GinoHammer7,107,6.4532335E+017,"Denis Leary Ford commercials: ""Drive a Toyota? Well your mom is a fat bitch and your father doesn't love you. Buy a Ford F-150, asshole.""",ad,9/19/2015  7:47 PM,en,0,0,-0.7243
alishanobbs,1213,6.4815027E+017,"@Roxanny5 Toyota Aygo, I love it so muchüòç",car,9/27/2015  3:00 PM,en,0,1,0.6369
Ferrari458mad,2330,6.4808762E+017,Love rear end. #Toyota #quad  #instacars #instacool  #epic #carporn #carshow #motorshow #loveit‚Ä¶ https://t.co/u8bgCxZs70,car,9/27/2015 10:51 AM,en,0,0,0.6369
SupercarsofMAN,35,6.4796584E+017,Toyota tundra looking clean üëåüèºüëåüèºüëåüèº #love #TagsForLikes.com #TagsForLikesApp #instagood #me #smile‚Ä¶ https://t.co/1T04S9WY,car,9/27/2015  2:47 AM,en,0,0,0.4019
iamsalimali,983,6.4791486E+017,Ah the 1998 Toyota Supra gotta love this Iconic Japanese car. It was futuristic in its time and still holds down th‚Ä¶ http://t.co/JLcnwwB0m,car,9/26/2015 11:25 PM,en,0,0,0.6369
watch1962,279,6.478751E+017,"I still love this Toyota Cressida DX, I owned a 79 model in 1983, it was a great ride to have. https://t.co/Yp2ekD8JTp",car,9/26/2015  8:47 PM,en,0,1,0.5525
xxmelliemoo19xx,158,6.4786067E+017,Glad I'm getting used to my car now....love my little yaris #toyota #firsttimedriver #yaris #24yearold #driver,car,9/26/2015  7:49 PM,en,0,1,0.4588
rebelpride02,530,6.4785114E+017,Love my Tacoma mine already has 160k..great run around truck! @CamoCandace @Ford @Toyota,car,9/26/2015  7:12 PM,en,0,1,0.6696
Bhuntz,187,6.4761E+017,Just got stuck in a group of teenage Street racers in the middle of Iowa.  I love my Toyota Camryüëçüèº,car,9/26/2015  3:13 AM,en,0,2,0.4939
Qwkhybrid,9,6.4757954E+017,"@Toyota @WillGeronimo I love my toyota camry, it's an 08 and has never been to dealer besides for oil changes and maintenance",car,9/26/2015  1:12 AM,en,0,1,0.6369
mikebcorry,405,6.4756712E+017,All clean! Thanks @Toyota love my new #Tacoma #ToyotaNation http://t.co/UfNTu2UjSQ,car,9/26/2015 12:23 AM,en,0,1,0.8777
CulverToyota,221,6.475577E+017,We'd love to see the @Toyota #Hilux in the States. http://t.co/9J3JDmZbAq,car,9/25/2015 11:46 PM,en,0,0,0.6369
Lanne6200,5,6.4752414E+017,@Toyota   Love my Hylander Hybrid! Just a good as 1st mile! http://t.co/4iPGJ2udiL,car,9/25/2015  9:32 PM,en,0,1,0.8264
dellabouy1398,253,6.4749882E+017,I am in love with driving my dads Toyota Matrix,car,9/25/2015  7:52 PM,en,0,0,0.6369
LodiToyota,249,6.4745038E+017,New #tacoma straight off the truck! Love the new design! #teamloditoyota #LodiLove #toyota #awesome http://t.co/8cKAI9oe5k,car,9/25/2015  4:39 PM,en,0,0,0.7707
ToyotaOnNich1,264,6.4741088E+017,"Love your #Toyota Tacoma? Don't worry, the 2016 'Taco' will keep its reign atop other midsi... http://t.co/RNFiRp7Nbb http://t.co/cx6PkHdc6f",car,9/25/2015  2:02 PM,en,0,0,0.7654
Geepate,239,6.4740859E+017,Love my sweet lil toyota üê∂üíú https://t.co/IcJ1WTTvI5,car,9/25/2015  1:53 PM,en,0,0,0.802
gocrowntoyota,238,6.4716756E+017,Orange Crush is the name of this beautiful 1973 #Toyota Celica. You can't help but fall in love with it! http://t.co/e8uLzZvunZ,car,9/24/2015  9:55 PM,en,1,0,0.8392
thenewswheel,551,6.4715592E+017,We love this 1971 @Toyota Celica ST on @jayleno 's Garage! #TBT #ClassicCars http://t.co/dgvq4cgIeY http://t.co/JKq4HjmA2a,car,9/24/2015  9:09 PM,en,0,0,0.6696
TheToyoist,235,6.4714155E+017,The Toyota I-Road is a 1+1 that leans into the turns. I love this car!!!! http://t.co/WcwRD6N2Ef,car,9/24/2015  8:12 PM,en,0,1,0.7482
thetravelguru_,2802,6.4712764E+017,@Toyota oh my. It's lush! So different from my 2001! I love not having a car payment but that #Prius is HAWT! #PrettyPrius,car,9/24/2015  7:17 PM,en,0,1,0.5386
Missz_Jay,1186,6.471085E+017,Love my Toyota ‚ò∫Ô∏è,car,9/24/2015  6:01 PM,en,0,0,0.6369
Wyrdwoman,1257,6.4708587E+017,@GMRathbun Thanks for the follow. Love my 13y old Toyota Prius.,car,9/24/2015  4:31 PM,en,0,0,0.7964
412MTM,459,6.4708193E+017,".@Uber I love you to death, but a Toyota Avalon is not a black car. I mean it was painted black...",car,9/24/2015  4:15 PM,en,0,0,0.0387
JeepTales,56,6.470748E+017,I love this new color for the 2016 TRD Pro @ Lithia Toyota of Odessa https://t.co/YbKcVfdGm0,car,9/24/2015  3:47 PM,en,0,0,0.6369
RachTaughtYou,2876,6.4690594E+017,@3zlifestyle I saw this nice 2011 Toyota Camry I fell in love but imma look at a few more spots tomorrow before I make final decisions,car,9/24/2015  4:36 AM,en,0,0,0.5754
thetravelguru_,2802,6.4685757E+017,@Toyota the #Prius just gets better and better! I still have my 2001 Prius and I love it. 225k miles &amp,car, still going strong!,9/24/2015  1:23 AM,en,0,2
ashrega,529,6.468425E+017,I love seeing an old Toyota Camry on the road. I love you Grandpa Raul ‚ù§Ô∏è,car,9/24/2015 12:24 AM,en,0,0,0.8555
thesweetmom,16416,6.4680763E+017,I‚Äôm in love with the Toyota Sienna. Come see if you are too! http://t.co/PDrh9ruOnH http://t.co/1a1SpcV4sm,car,9/23/2015 10:05 PM,en,0,0,0.6696
EarthTo_Kelsey,112,6.4678915E+017,Test drove a Toyota corolla and I love it! Two weeks before we get itüôåüöó,car,9/23/2015  8:52 PM,en,0,0,0.6696
CarissaNichole,1670,6.467406E+017,I love my Toyota but I swear it's always beeping at me.,car,9/23/2015  5:39 PM,en,0,0,0.3182
RicksonLucas,304,6.4671773E+017,My 3rd love #Toyota #FJ #FJcruiser #offroad #offroadlife #explorer‚Ä¶ https://t.co/HygXax1AeA,car,9/23/2015  4:08 PM,en,0,0,0.6369
yarbr012,630,6.4671767E+017,@Candypo A1 I have a Toyota Prius (2012) and I love it!  #CambioConfiable,car,9/23/2015  4:08 PM,en,0,0,0.6696
haswell2,57,6.4665533E+017,I will continue to love the Toyota 86 to the end http://t.co/hOk5KBIhKw,car,9/23/2015 12:00 PM,en,0,1,0.3818
jnrkofi3,437,6.466163E+017,"Fraud Boys dey Love Toyota Camry too much,Why is that what the Mallam told them to spend their money on?the gods must love Toyota LOL",car,9/23/2015  9:25 AM,en,0,0,0.8455
LauraJane_PA,694,6.4660757E+017,"Back in my lovely @toyota Yaris. I love her, I've had her since I was 18! She is indestructible! http://t.co/8NlPeprJq5",car,9/23/2015  8:50 AM,en,0,1,0.8802
MyInfo18519070,62,6.4650257E+017,I have a Scion xd which I love. Toyotas are great products and seem to be very reliable. https://t.co/S7Mc05ncxW http://t.co/7A5Wc9Opu5,car,9/23/2015  1:53 AM,en,0,0,0.9201
Randy_Haas,5156,6.4648323E+017,@SashaGrayLA I'm on my 2nd Toyota Camry - love it!! Best cars I've ever owned.,car,9/23/2015 12:36 AM,en,0,1,0.8745
ericab627,109,6.4647052E+017,@SassyFiancee I have a Toyota RAV4 4 and I absolutely love it. Hope you find something you can't wait to drive every day!!,car,9/22/2015 11:45 PM,en,0,1,0.8497
CarKeys_UK,3089,6.4644405E+017,#TurboTuesday: I still love the 1994 #Toyota #Supra Turbo! http://t.co/pqj5jrFDrn,car,9/22/2015 10:00 PM,en,3,6,0.6696
Aanchal1726,12772,6.4625826E+017,its fun to own toyota! I love my car. http://t.co/S7ge09bRZZ @Toyota_India,car,9/22/2015  9:42 AM,en,1,0,0.8313
Plan_B_Sztar8,623,6.4620438E+017,Found a white 1993 Toyota Supra 6 speed and I think I've fallen in love. üòç,car,9/22/2015  6:08 AM,en,0,2,0.4019
gordon_dona,14,6.4607286E+017,"@Toyota Bought this car in Oct 05...Love my 2006 Toyota Camry -  #350,000+miles #toyotastrong http://t.co/hXsMZU6zj6",car,9/21/2015  9:25 PM,en,1,2,0
salnews,5054,6.4604383E+017,Car Review: Do you love road trips? The Toyota Avalon XLE Touring Sport Edition is for for you http://t.co/3UeTyFK45V http://t.co/yAWK62obHE,car,9/21/2015  7:30 PM,en,0,0,0.6369
MrsGinaTaylor,1072,6.4602756E+017,"@Toyota pretty nice! Love the room in the back, since I have two children in car seats",car,9/21/2015  6:25 PM,en,0,1,0.8883
mlifeordebt,1378,6.4601815E+017,"We really do love our @toyota #prius#v. After many hours, our three are getting rowdy on a roadtrip‚Ä¶ https://t.co/IOLfjrpEIl",car,9/21/2015  5:48 PM,en,0,1,0.6682
voodooban1973,18,6.4600904E+017,The All new RAV4 Hybrid at the Frankfurt motorshow. I just love this HYbid! #HybridRoadTrip @ToyotaGB @toyota_europe http://t.co/vhernLUMy3,car,9/21/2015  5:12 PM,en,4,8,0.6696
testerdahl,219,6.4600851E+017,Driving a 2015 @toyota Sienna today and picking my son up from school. My boys love the easy to open‚Ä¶ https://t.co/IVVuWPE5O1,car,9/21/2015  5:10 PM,en,0,1,0.7964
csscoreboard,832,6.4598868E+017,Toyota: I Have Had My Toyota 4-Runner For 15 Years. I LOVE MY CAR!!!! This Car Has Been With Me for The birth Of My - http://t.co/gzGuzUcReI,car,9/21/2015  3:51 PM,en,0,0,0.7964
j3553pablo,188,6.459406E+017,The best gift I could ever receive: 1995 Toyota Supra with a 2jz twin turbo motor. üòçüòçüòç I will love you forever if you get me this.,car,9/21/2015 12:40 PM,en,0,0,0.9062
nuclear94,1793,6.4580434E+017,@hrana I definitely love it. I saw the Toyota at a recent American Chemical Society meeting. It looked nice.,car,9/21/2015  3:38 AM,en,0,0,0.8658
AlexUstasAuto,558,6.457011E+017,I LOVE the looks of the Toyota Camry and from what I've heard Toyota's are VERY reliable,car,9/20/2015  8:48 PM,en,0,0,0.7125
SwatyuPenz,1446,6.4569757E+017,Mthatha okes love driving Toyota Conquests at the speed of light.,car,9/20/2015  8:34 PM,en,0,0,0.6369
ash__bruh,72,6.4569234E+017,I love grandpa's Toyota http://t.co/eGAJILuNLZ,car,9/20/2015  8:13 PM,en,0,0,0.6369
j_mancia,69,6.4558994E+017,The moment I fell in love with the toyota supra http://t.co/D62onAbQb6,car,9/20/2015  1:26 PM,en,0,0,0.6369
PinkyHeart6,37,6.4556756E+017,"I love the Retro design of the Toyota Crown Sedan, too bad it's only available in Japan. http://t.co/QV9oe9hhYV",car,9/20/2015 11:57 AM,en,0,0,0.1779
bluejay198,146,6.4542915E+017,I love my Toyota Corolla. It's a pretty great reliable car. I can get in so many miles before filling up.,car,9/20/2015  2:47 AM,en,0,1,0.91
CraigFleece,32,6.4542831E+017,I love driving my mother's '96 #toyota #4runner ... it's my favorite! #beast #letsgoplaces #roadtrip‚Ä¶ https://t.co/wJBZm0pnlg,car,9/20/2015  2:44 AM,en,0,0,0.8172
GreaterImpact_,205,6.4541202E+017,My Toyota my roadrunner! I love them girls dearly. Like my kids ‚ù§Ô∏è all three of my kids üíØ,car,9/20/2015  1:39 AM,en,0,0,0.8687
tct_magazine,1497,6.454013E+017,So. #wouldyoudriveit? Soooo much 2016 Tacoma love coming soon!! #tacomatime #Thetoyotamag #toyota #4x4 #4wd... http://t.co/eiF8OmLU7h,car,9/20/2015 12:57 AM,en,0,0,0.6988
PaulRizzo504,12,6.4538892E+017,@Toyota  Got a Prius finally!!! Love it!!!!! So happy!! http://t.co/tjJuO8HFz8,car,9/20/2015 12:08 AM,en,0,2,0.885
SimonCotter62,133,6.4538424E+017,I do love the Toyota 6000 as well http://t.co/jE1hIXljBa,car,9/19/2015 11:49 PM,en,0,0,0.743
HussainAMajeed_,167,6.4534853E+017,I love A 2J engine swap Low Boost Toyota Supra‚ù§Ô∏è,car,9/19/2015  9:27 PM,en,0,1,0.7003
shrave,513,6.4532832E+017,I love #hybridvehicle only parking spots. It's like I have #PriusPriviledge. @Toyota #Prius FTW.,car,9/19/2015  8:07 PM,en,0,1,0.8868
jvr_xo,2225,6.4529489E+017,I've never been in love with a Toyota in my life ... This Toyota Camry 2016 is a beauty üòç &amp,car, white http://t.co/6D5z3tkPtB,9/19/2015  5:54 PM,en,0,2
huskybill2611,397,6.4529245E+017,"@almurray That's it , I'm off to buy a Toyota!! Love it!!! #RWC2015 #japanrugby",car,9/19/2015  5:44 PM,en,0,0,0.7482
JRW_SocialMedia,1569,6.4526996E+017,"I love that my 2003 Toyota Corolla with 217,000+ miles on it still gets 30+ MPG in mixed driving.",car,9/19/2015  4:15 PM,en,0,0,0.6369
LequitaaWard,144,6.4519843E+017,@Toyota Love the Blue!! :),car,9/19/2015 11:31 AM,en,0,1,0.8309
GalieDapula,446,6.4518804E+017,Toyota Hilux..Legend45 such a smooth ride...etsamaya monate i love it,car,9/19/2015 10:49 AM,en,0,0,0.6369
elvaulthunter,54,6.4510766E+017,@thecloudspretty I have a toyota and love it! 2012 corolla and it's awesome. I highly recommend anything toyota or german if you can afford,car,9/19/2015  5:30 AM,en,0,2,0.9078
tinyxx51,112,6.4510512E+017,Even my goats love my 4runnerüòçüòçüòç so in love with my car #toyota #4x4 #4runner http://t.co/mONgtKjOmE,car,9/19/2015  5:20 AM,en,0,0,0.8555
DreHiDeF,1377,6.4506067E+017,My love  1985 Toyota Sprinter Trueno GT Apex,car,9/19/2015  2:23 AM,en,0,0,0.7925
prettybumnigga,326,6.4504439E+017,They love Toyota Tundras in Texas,car,9/19/2015  1:19 AM,en,0,0,0.6369
scientistkev,249,6.4503716E+017,We love Toyota Priuses #ObservationsOfWhitesByWhites,car,9/19/2015 12:50 AM,en,0,0,0.6369
AirportHaircuts,94,6.4499148E+017,@Nobody1300 I love how Toyota used the same A/C switchgear in the Xb from 2008 as the 2013-2015 RAV4.,car,9/18/2015  9:48 PM,en,0,1,0.6369
victormacias,17536,6.4495372E+017,@Toyota It's going great. The center console system is great. Love playing with all the apps. Really digging the amount of space inside!,car,9/18/2015  7:18 PM,en,0,1,0.9381
Nerysxxxxxxx,654,6.449335E+017,@toyota_europe @voodooban1973 @ToyotaGB I love my Toyota Aygo watch! http://t.co/DlbtjHPJX4,car,9/18/2015  5:58 PM,en,0,3,0.6696
iam_mitchphelps,232,6.4488632E+017,"@Toyota, why cant we get the Global Land Cruiser here in the United States? I love the land cruiser but I would rather not spend $80K on it.",car,9/18/2015  2:50 PM,en,0,0,0.5423
emilythompson24,274,6.4486918E+017,A year ago today I bought my @Toyota  Camry! I'm still in love with it. ‚ù§Ô∏è,car,9/18/2015  1:42 PM,en,0,1,0.6696
shaun_izzle,192,6.4783796E+017,I love me a Honda but... The all new Toyota Mark X üòç https://t.co/TiojHTSnzw,car comparison ,9/26/2015  6:19 PM,en,0,0,0.6369
aeybie,297,6.4536146E+017,Dad wants the new toyota Yaris. Mom wants it too. But i love hyundai i20 cross sport. Huhu,car comparison ,9/19/2015 10:18 PM,en,0,1,0.6369
chunta72,152,6.4800034E+017,@macha227 we love toyota,company,9/27/2015  5:04 AM,en,0,1,0.6369
the__azhar,207,6.4766756E+017,My first love #Toyota #tazz #missher http://t.co/VxWkGfLAFw,company,9/26/2015  7:02 AM,en,0,0,0.6369
TylerShivers_,492,6.4749791E+017,It's kinda a love hate relationship. #Toyota https://t.co/TZw20HxLK2,company,9/25/2015  7:48 PM,en,0,0,0.1243
Jlopezosh,496,6.4747805E+017,@Uzziah_ I love those cars. I'm a fan of the fj cruisers too. There's just something about @Toyota,company,9/25/2015  6:29 PM,en,0,0,0.7579
jamesjcowan,241,6.4722951E+017,"As cities fall out of love with cars, #Toyota redefines its role as 'mobility provider':  Guardian http://t.co/8HDigFFgqM #transit #energy",company,9/25/2015  2:01 AM,en,0,0,0.6369
djsmoove1967,1276,6.4720909E+017,"Lexus does look sexy, but still have to remember they're a Toyota. Used to love Toyota Supras...",company,9/25/2015 12:40 AM,en,0,0,0.8402
imiKristin,3284,6.4719797E+017,@DanaMessner @TheMilkMan805 @fuf_mamba @FUF_Viper I'm in a Hyundai. I got nothing but love for Toyota. They have an amazing supply chain.,company,9/24/2015 11:56 PM,en,0,1,0.165
GroovyBo,1907,6.4689843E+017,@DayumCayum I love you Toyota,company,9/24/2015  4:06 AM,en,0,0,0.6369
albertsez,267,6.4682869E+017,A clue: #Toyota had a recall for electrical fires by the airbags. #fire #ruins #fear #loss #love‚Ä¶ https://t.co/PDmiHjJkdD,company,9/23/2015 11:29 PM,en,0,0,0
p_luvial,181,6.4674733E+017,I will never understand why people love Toyota so much,company,9/23/2015  6:05 PM,en,0,1,0.6369
fowwow,4315,6.4670584E+017,love @Toyota's #fueledby campaign to help introduce the new #hydrogen #mirai. https://t.co/1usrKvDLMr,company,9/23/2015  3:21 PM,en,0,1,0.7845
tjbmorningshow,693,6.4658486E+017,@Toyota We would love you to advertise with us! http://t.co/Fbl0OhJD5g,company,9/23/2015  7:20 AM,en,0,4,0.6696
Lroll11,475,6.4646935E+017,"reasons why I love working at Toyota, I see most of the new vehicles first üòç",company,9/22/2015 11:41 PM,en,0,1,0.6369
DreamTeamHaime,102,6.4645933E+017,"Pretty sure the on-hold music for Toyota Financial is a folksy, instrumental version of ""I Won't Say I'm in Love"" from Hercules...",company,9/22/2015 11:01 PM,en,0,0,0.8658
CulbersonToyota,39,6.45274E+017,The relationship between #Toyota and #BMW continues. Find out more of what we know right now: http://t.co/9mQ6vzeazn,company,9/19/2015  4:31 PM,en,0,0,0
grahamalive,834,6.4524713E+017,@IRPaulP I love Toyota. Always downshift whenever I go past a hybrid model to thank them for balancing the environmental impact of my V8. ÔøΩ,company,9/19/2015  2:44 PM,en,0,0,0.7717
romeovoid1,25,6.4523571E+017,@yokochin0907 Is it in Tokyo? I love Toyota cars!,company,9/19/2015  1:59 PM,en,0,0,0.6696
abattis18,32777,6.4501529E+017,"üòéthank you ""Toyota"" for a free new car 2016 until next spring got a love the recalls... Part will  not be in... http://t.co/ApHyO4CBkB",company,9/18/2015 11:23 PM,en,1,2,0.8176
Love_Bird47,72,6.4489406E+017,Final decision on Toyota/BMW sports car expected by end of year: Toyota and BMW will decide whether to proceed... http://t.co/LQWkIDLw4t,company,9/18/2015  3:21 PM,en,0,0,0
SUEResearch,517,6.4486124E+017,"As cities fall out of love with cars, Toyota redefines its role as 'mobility provider' http://t.co/kAVqLE6EKt",company,9/18/2015  1:11 PM,en,1,0,0.6369
tevzmaria,73,6.4742537E+017,@FordinKenya love your models than for toyota,company comparison,9/25/2015  3:00 PM,en,0,0,0.6369
ronie__,254,6.4542683E+017,I think im gonna have to beg my cousin to change the Toyota to the 5 series ... Falling in love with it everyday what's an Acura?,company comparison,9/20/2015  2:38 AM,en,0,1,0.5574
coachdustinfry,1989,6.4756953E+017,Just a normal Friday night in Dallas with @coachchadmorris at Frisco's Toyota Stadium!  Gotta love it!  #tempocopter http://t.co/BdL3nCcmiA,company owned,9/26/2015 12:33 AM,en,18,55,0.6988
fxckinoakley,2722,6.474038E+017,@troyesivan come to Houston b (wait but if you do don't play the toyota center for the love of god that venue is beyond tragic),company owned,9/25/2015  1:34 PM,en,0,0,0.7843
tearsforfears99,84,6.4706126E+017,the speaker @ the Toyota park eid prayer just threw so much shade @ trump &amp,company owned, the gop i love it,9/24/2015  2:53 PM,en,0,2
TabathaCoshow,2,6.4679934E+017,I would love to win tickets to town Toyota center for jurrasic quest #towntoyotacenterdino,company owned,9/23/2015  9:32 PM,en,0,0,0.8402
Vollyaholic,18,6.4648858E+017,@paulchapman03 @EssendonFC @Toyota_Aus Thanks for ending your career with the Bombers Chappy.  Love your work :),company owned,9/23/2015 12:57 AM,en,0,0,0.8779
cpelli,874,6.4602864E+017,Love the @Levy Twitter presentation at the Toyota Digital Learning Lab. Used one of clients as an example :),company owned,9/21/2015  6:30 PM,en,0,3,0.802
Waytogobrandyo,92,6.4578241E+017,WWE night of champions with my love #wwe #cenasucks @ Toyota Center WWE Night of Champions https://t.co/4e5KYUhOzt,company owned,9/21/2015  2:11 AM,en,0,0,0.9001
abecalder,77,6.4563291E+017,#cf97 is Love @ Toyota Park - Chicago Fire Soccer Club https://t.co/LdelqecMQY,company owned,9/20/2015  4:17 PM,en,1,3,0.4215
lizethmortiz,1574,6.4510892E+017,@ArianaGrande i love you so so much!!  you were so great today in the toyota center especially when i met youüòçüòçüòòüòöüòöüò¢i love,company owned,9/19/2015  5:35 AM,en,0,1,0.9453
itscarolineb_,2555,6.4508869E+017,I got to see my love tonight. Best concert ever. Love you Ariüíïüåô @ Houston Toyota Center https://t.co/XnpmaDEQo9,company owned,9/19/2015  4:15 AM,en,0,1,0.9274
PaigeWilliams_7,452,6.4507427E+017,couldn't love u any harder üíü @ Houston Toyota Center https://t.co/mm7ywA7WKZ,company owned,9/19/2015  3:17 AM,en,0,0,-0.5216
BriLoveLife,47519,6.4506511E+017,"Stuck in my head, but it's all love üíú @ Houston Toyota Center https://t.co/Kmm6t4zxsB",company owned,9/19/2015  2:41 AM,en,62,159,0.743
AIRTEL_KE,115908,6.4807462E+017,You need a car? #Smartika Love Toyota‚Äôs? #Smartika Like being a winner? #Smartika http://t.co/KR2hirnNSY http://t.co/FNzuxXFC0p,company res,9/27/2015 10:00 AM,en,0,3,0.9009
Toyota,523407,6.4709116E+017,"@thetravelguru_ Love hearing that, Roni! Have you seen the 2016 Prius yet? What do you think of it? :) http://t.co/JEYFOzJe2B",company res,9/24/2015  4:52 PM,en,0,1,0.8339
Toyota,523407,6.4682974E+017,@MWOverlanders Now that's a beauty! We'd love to go adventuring in that! How about you? :),company res,9/23/2015 11:33 PM,en,0,1,0.9421
Toyota,523407,6.4637853E+017,"@merrilljoe We'd love to see your Celica when you're done with it's restoration, Joe! :)",company res,9/22/2015  5:40 PM,en,0,0,0.8172
ToyotaGB,39897,6.4596447E+017,Show your #Toyota love by displaying one of our designs where your tax disc used to go! &gt,company res,&gt,http://t.co/BwBfCFenis&lt,&lt, http://t.co/6,9/21/2015  2:15 PM
ToyotaGB,39897,6.4588525E+017,Love #Toyota and #photography? Follow us on #Instagram for more exclusive shots like these: http://t.co/zDjAvzlvO0 http://t.co/Oak422BJvT,company res,9/21/2015  9:00 AM,en,4,5,0.8297
ToyotaGB,39897,6.4525298E+017,@sarahahrose You're more than welcome Sarah. We'd love to see a picture of your Toyota :-). ^KS,company res,9/19/2015  3:07 PM,en,0,1,0.8166
ToyotaGB,39897,6.4525092E+017,@JemmaLouise1501 We'd love to see a picture of your Toyota #Aygo Jemma. ^KS,company res,9/19/2015  2:59 PM,en,0,0,0.6369
Toyota,523406,6.4494324E+017,@KingRifa_ We love hearing that! What would you choose from our line? :),company res,9/18/2015  6:37 PM,en,0,0,0.8172
toyotajonesboro,255,6.4807697E+017,"Photo: Central Toyota Customer Review CARLOS DID A GREAT JOB, REALLY HAD A GOOD EXPERIENCE!! LOVE MY NEW... http://t.co/knFd5x41Cy",dealership,9/27/2015 10:09 AM,en,0,1,0.9513
scottandrews,140,6.4787126E+017,Love love love Jeff the tow truck guy and Hanlee's Toyota for fixing my alternator in such a quick and... http://t.co/Zb3HDIzMXU,dealership,9/26/2015  8:31 PM,en,0,0,0.9274
mkantos,75,6.4760818E+017,With a heavy heart I am almost to the end of my time with Expressway Toyota..   I love my job but the hour and... http://t.co/VH8GW25JGC,dealership,9/26/2015  3:06 AM,en,0,0,0.3818
quocvu12,688,6.4679401E+017,My sweet brand new ride. I love it. @ Maita Toyota of Sacramento https://t.co/no5vw12CTf,dealership,9/23/2015  9:11 PM,en,0,0,0.802
steaksause16,241,6.4603183E+017,"Toyota shop smells like grape white owls, I think ima love it here",dealership,9/21/2015  6:42 PM,en,0,0,0.7717
priscilla_yao,55,6.4526477E+017,Love when Longo Toyota gives you free coffee and donuts. #longotoyota,dealership,9/19/2015  3:54 PM,en,0,0,0.8176
AmandaS1630,74,6.4524814E+017,Gateway Toyota seriously gave me the best deal on my car!!! I'm so happy everything worked out. I love JAWS! üòçüöò,dealership,9/19/2015  2:48 PM,en,0,0,0.9394
JessicaPittser,391,6.4498897E+017,Love being back at Toyota üöóüîßüìë #partsdepartment #girlswhoworkwithcars‚Ä¶ https://t.co/97QdrCWzKz,dealership,9/18/2015  9:38 PM,en,0,0,0.6369
ToyotaofHunt,2996,6.4783179E+017,"Stylish, fun and affordable, because you should love what you drive. #Toyota #LetsGoPlaces http://t.co/vQFMV84BJ2",dealership ad,9/26/2015  5:55 PM,en,1,0,0.8176
JamesJSellsCars,213,6.4752684E+017,I love these cars Check out my periscope #Scion  reviews at James Johnson Sells Toyota  on Periscope  https://t.co/kkeih8kATY,dealership ad,9/25/2015  9:43 PM,en,0,0,0.6369
CarverToyScion,109,6.4744524E+017,What's not to love about this spicy red 2015 @Toyota #Corolla? See it here- http://t.co/SOOlvFUpIQ #CaroftheWeek http://t.co/zDjdREGOxh,dealership ad,9/25/2015  4:19 PM,en,0,0,-0.5216
ToyotaWatertown,748,6.4744046E+017,Did you love Tonka trucks as a kid? Check this out! #Toyota #Tacoma http://t.co/D7IAUPPFIX,dealership ad,9/25/2015  4:00 PM,en,1,0,0.6696
ToyotaofHunt,2996,6.4740068E+017,"Obsessed with #Scion, then this homage is just for you! http://t.co/wDhWR9IKdK http://t.co/nlKjYSl1mw",dealership ad,9/25/2015  1:22 PM,en,1,0,-0.2481
ToyotaofBoerne,731,6.471717E+017,We take pride in customer service! Here's some accolades and awards we would love to share with you! http://t.co/J56ZqkrM0y,dealership ad,9/24/2015 10:12 PM,en,0,0,0.9078
ToyotaOfLV,2130,6.4714902E+017,"Release your inner driver with the #ToyotaCorolla! Trust us, you'll LOVE this car! http://t.co/rurhuMAHnG http://t.co/IwRbvqprQq",dealership ad,9/24/2015  8:42 PM,en,0,0,0.8695
HaddadToyota,591,6.4713609E+017,One of many things to love about the Toyota Prius V? Bluetooth navigation! http://t.co/HPhvLPGvzy,dealership ad,9/24/2015  7:50 PM,en,0,0,0.6696
PatLobbToyota,204,6.471234E+017,The hybrid efficiency you love meets the rugged performance you crave. The all-new 2016 #Toyota #RAV4Hybrid. http://t.co/RxLBlhoUZT,dealership ad,9/24/2015  7:00 PM,en,0,0,0.7717
Route44Toyota,422,6.4710707E+017,Share a #Toyota #TBT with us! Tag us in your tweet with your vintage Toyota! We'd love to see them!,dealership ad,9/24/2015  5:55 PM,en,0,0,0.8061
ToyotaSedalia,531,6.4705841E+017,Do you love hybrids? So does the earth. #Toyota #GreenMachines http://t.co/gEQx8UEeY2,dealership ad,9/24/2015  2:42 PM,en,0,0,0.6369
Page_Toyota,14,6.4695985E+017,This new spot from @Toyota reminds us that it just takes a moment to fall in love with something. #cute http://t.co/rutczn8FAN,dealership ad,9/24/2015  8:10 AM,en,0,0,0.6369
RudyLutherTS,29,6.4679619E+017,"The 2016 Camry is sportier than ever! We love it, what do you think? Shop for it here: http://t.co/fH39t1lsIH http://t.co/KYM0tGJwIF",dealership ad,9/23/2015  9:20 PM,en,0,0,0.6696
ToyotaOfOrange,1013,6.4678752E+017,@bertrand_forbes What do you love most about the Toyota Corolla?,dealership ad,9/23/2015  8:45 PM,en,0,0,0.6369
Toyota_Desert,25,6.4678009E+017,Can seat heaters and cup holders make you love your #car more? http://t.co/kZu5NsE4Zo #ProjectListen #comfort,dealership ad,9/23/2015  8:16 PM,en,0,0,0.6369
Fletcher_Toyota,100,6.4673562E+017,Happy First Day of Fall!! There is no better time to #FALL in love with a Toyota!! #FletcherToyota http://t.co/glzpvjY39S,dealership ad,9/23/2015  5:19 PM,en,0,0,0.8949
jerrystoyota,1874,6.4668921E+017,Do you love your new #Toyota? Let us know how your experience has been http://t.co/MFkSixa7ae #JerrysToyota  https://t.co/RPJaBNwegG,dealership ad,9/23/2015  2:14 PM,en,3,1,0.6369
ToyotaOfOrange,1013,6.4646113E+017,Comment if you know someone who would love this Toyota! https://t.co/MGlsQobtAt,dealership ad,9/22/2015 11:08 PM,en,1,0,0.6696
ToyotaofRiver,938,6.4641874E+017,@TeamNEGU We certainly do! What do you love most about your Toyota?,dealership ad,9/22/2015  8:20 PM,en,0,1,0.784
toyotadealerwv,306,6.4638107E+017,We always love getting reviews and recommendations from happy customers and whenever we receive a review that... http://t.co/ZhviEgfpUm,dealership ad,9/22/2015  5:50 PM,en,0,0,0.836
ToyotaTweetClub,775,6.463532E+017,#car Used Toyota Avalon Jacksonville FL 32225: You're going to love the 2004 Toyota Avalon. Th... http://t.co/vAsdrbDdxi #Toyota #Avalon,dealership ad,9/22/2015  3:59 PM,en,0,0,0.6369
ToyotaofHunt,2996,6.4630682E+017,Obsessed with #Scion? Check this out! http://t.co/sZtQOKerRr,dealership ad,9/22/2015 12:55 PM,en,1,0,-0.2481
WesternToyota,571,6.4622428E+017,Show your #Toyota love by displaying one of our designs where your tax disc used to go! &gt,dealership ad,&gt,http://t.co/xgyd62nze5&lt,&lt, http://t.co/N,9/22/2015  7:27 AM
ToyotaofHunt,2996,6.461382E+017,There is a deer out there in the world that is apparently obsessed with #Toyota #Tacoma trucks and we love it! http://t.co/Rt48pfxYzV,dealership ad,9/22/2015  1:45 AM,en,2,0,0.5848
WooParkMazda,80,6.461339E+017,Congratulations to Bryan Gallo-Malta on his purchase of his Toyota Tundra.  Great choice and we love the TRD... http://t.co/xE7OwcYL1Q,dealership ad,9/22/2015  1:28 AM,en,0,0,0.9217
ThompsonToyota,781,6.4603849E+017,"Don't you just love videos that make you go ""Awe""?? http://t.co/1dkIVUrNaK #FirstGames .@Toyota",dealership ad,9/21/2015  7:09 PM,en,0,0,-0.5759
WondriesToyota,74,6.4603378E+017,"People are falling in love with the 2016 Tacoma's upgrades, and its off-road handling is mighty impressive--  http://t.co/TGQQWOWOyN",dealership ad,9/21/2015  6:50 PM,en,0,0,0.5574
ToyotaofHunt,2996,6.4600936E+017,Huntington Toyota Scion is all for the Love of Boosted Scions on Instagram http://t.co/4xjpblmN5d,dealership ad,9/21/2015  5:13 PM,en,1,0,0.7717
CommunityToyota,62,6.4600484E+017,What do you love about your #Toyota?,dealership ad,9/21/2015  4:55 PM,en,0,0,0.6369
ClayToyota,46,6.4600224E+017,How much do we love the 2016 Toyota Corolla? Let us count the ways... Take a look at one of our latest blog... http://t.co/tZJZSEN3da,dealership ad,9/21/2015  4:45 PM,en,0,0,0.6369
DickPoeToyota,357,6.4599203E+017,Have you checked out our Yelp page yet? We'd love for you to visit us there! http://t.co/jPnRpBjNLL,dealership ad,9/21/2015  4:04 PM,en,0,0,0.6696
FAToyotaScion,204,6.4596073E+017,Love the #Camry? Score an awesome deal today! http://t.co/X3AQnSaNXk http://t.co/4rNAjfk7xb,dealership ad,9/21/2015  2:00 PM,en,0,0,0.8622
FAToyotaScion,204,6.4596069E+017,What features do you love about your #Toyota? http://t.co/3gzS1V2MlH,dealership ad,9/21/2015  2:00 PM,en,0,0,0.6369
ToyotaMotorPH,10762,6.4593048E+017,"Because at Toyota, we believe that you should have more time to do the things that you love! With Toyota Express... http://t.co/5cwM2coe0g",dealership ad,9/21/2015 12:00 PM,en,0,0,0.6696
ClayToyota,46,6.4560465E+017,Happy #WifeAppreciationDay! Why not come in and buy your wife a Toyota? We know she'll love it! See more:... http://t.co/lPwmN0JDPg,dealership ad,9/20/2015  2:25 PM,en,0,0,0.8585
sunrise_toyota,758,6.4537417E+017,@RoadTestRuss Uh-huh...riiiiight...we love the look tho! üëç,dealership ad,9/19/2015 11:09 PM,en,0,0,0.6696
ali_schreiber,36,6.4524015E+017,Who doesn't love the Bills AND Llyod's?! Come visit me today at Northtown Toyota and get $250 in platinum plus points http://t.co/UwqZm2la3N,dealership ad,9/19/2015  2:16 PM,en,0,1,-0.5661
AutosandMore,604,6.4506525E+017,07 @Toyota #Tundra Limited 4x4 TRD Off Road 4dr Love the Lift #toyota #tundranation #tundraoffroad #truck #forsale http://t.co/X0LfAKMBQI,dealership ad,9/19/2015  2:41 AM,en,0,0,0.5106
ooyuzautos,3049,6.4502152E+017,"New 2016 Toyota Prius: Love It Or Loathe It, But You Can't Ignore It.. Related Articles: http://t.co/rQ7zygsFK0",dealership ad,9/18/2015 11:48 PM,en,0,0,0.4784
DurantToyotaTX,643,6.4499423E+017,"Our customers love Durant Toyota! ""We are very pleased with our new Rav 4 and very happy with the lease"" http://t.co/xhZt70EwWe",dealership ad,9/18/2015  9:59 PM,en,0,0,0.9132
RCash_Back,1,6.4496816E+017,What do you think of the new #Prius design? Love it or hate it? http://t.co/BmWgWwQPPw,dealership ad,9/18/2015  8:16 PM,en,0,0,0.2168
CamelbackToyota,737,6.4495102E+017,Love adventures? The Toyota Tacoma has you covered!  http://t.co/HAyXWGr5Bi,dealership ad,9/18/2015  7:08 PM,en,1,1,0.784
brunertoyota,104,6.4491338E+017,Who is in love? #Toyota  #Tundra http://t.co/4FqHLBIh5F,dealership ad,9/18/2015  4:38 PM,en,0,0,0.6369
Ens_Auto,1664,6.4491072E+017,"We are in LOVE with the Scion iM! If you haven't seen it yet, you must stop by!! #yxe #scion #toyota #newcar http://t.co/YDhqkGB4LU",dealership ad,9/18/2015  4:27 PM,en,1,0,0.6817
CarverToyScion,109,6.4490169E+017,We're in love with our newest #CaroftheWeek! It's a 2015 @Toyota #Highlander! Take a look- http://t.co/QdbpUQtvdq http://t.co/JWQcZkFTiR,dealership ad,9/18/2015  3:52 PM,en,0,0,0.6988
ToyotaWoodford,1661,6.4489199E+017,We love a #cuddle with our #loyal #Toyota #customers #satisfaction #10outof10 #happydrivers #happyfriday #happy http://t.co/yfJ9SpE4wO,dealership ad,9/18/2015  3:13 PM,en,0,1,0.6369
Toyota_Kenya,2174,6.448804E+017,We are at the @totalmotorshow check our stand. You will LOVE the TOYOTA experience http://t.co/lmYSiLG6xL,dealership ad,9/18/2015  2:27 PM,en,3,1,0.7125
Capt_Morgan1440,349,6.4720864E+017,"Anyone know who drives a Silver Toyota Tacoma with the plate ""LAXPLYR""? Id love for you to put us in contact so I can do some fuckin yelling",driver,9/25/2015 12:39 AM,en,0,0,0.6369
_junfckngee,70,6.4720153E+017,Love seeing Toyota guys throwing Shakas! \000/,driver,9/25/2015 12:10 AM,en,0,1,0.6696
iamsupervillain,6941,6.4642947E+017,You Nigerians really really really love this big body Toyota Camry.,driver,9/22/2015  9:02 PM,en,0,0,0.7214
brieemariexo,226,6.4635637E+017,"""@sullivanofswat: Gotta love people who put all black wheels and rims on a Toyota Camry üòÇ""   @ginarussooo",driver,9/22/2015  4:12 PM,en,1,1,0.6369
dj_hexx,98,6.4579947E+017,"Love it when another car enthusiast admires my car, just had a nice 20 min convo with a guy in a 2000 e36 M3 at Shell Toyota Park #respect",driver,9/21/2015  3:19 AM,en,0,0,0.9001
jmdurruty,978,6.4813734E+017,Why Rebel Groups Love the Toyota Hilux http://t.co/XXH4Z6Y0UH,isis,9/27/2015  2:09 PM,en,0,0,0.5574
ormiga,1094,6.4764264E+017,#Terrorists Love #Toyota #Tacoma http://t.co/aUSCDjU3SQ NO #softwareiseatingtheworld #fraud like #volkswagen #marketing,isis,9/26/2015  5:23 AM,en,0,1,0.5813
GenBuy,12300,6.4757808E+017,I compare OJ/Bronco with Isis/Tacoma in this great piece by @charlesbethea Why Do Terrorists Love Toyota Tacomas? http://t.co/c3AI2gwRGl,isis,9/26/2015  1:07 AM,en,1,1,0.7162
torrHL,727,6.4756774E+017,"@tminus5 ""Why Do Terrorists Love Toyota Tacomas?"" http://t.co/jv0TjXZXgT",isis,9/26/2015 12:25 AM,en,0,0,0.0258
charlesbethea,1442,6.4748054E+017,I wrote about #ISIS's possible effect on #Toyota #truck sales -- especially the beloved Taco: http://t.co/dFMHe5SUGN,isis,9/25/2015  6:39 PM,en,2,1,0.5542
NewRepublic,134728,6.4747085E+017,Why do terrorists love Toyota Tacomas? http://t.co/GUKCwwUzRQ,isis,9/25/2015  6:00 PM,en,0,2,0.0258
theodoreross,1149,6.4747076E+017,"""You'd think since they're a bunch of suicide bombers that they'd drive G.M. products,"" one post reads.  http://t.co/P7a3BmEa6U",isis,9/25/2015  6:00 PM,en,0,0,-0.6705
ComplaymentdO,263,6.4745907E+017,#CyberCulture Why Do Terrorists Love Toyota Tacomas? http://t.co/2DGxVLEofo instant Melville,isis,9/25/2015  5:14 PM,en,0,0,0.0258
_avrm_,842,6.4786472E+017,my love for the new Honda Accord &amp,other car, Toyota Corolla üî•üòçüòç,9/26/2015  8:06 PM,en,0,1
GoussardW,548,6.4782543E+017,@VsauceThree @Toyota Absolutely Love The Extreme Science Episode1!!!!!! GOOD JOB its Different But Really Cool,prop,9/26/2015  5:29 PM,en,0,1,0.9167
lifeofjovolume1,88,6.4747586E+017,Dukes of Hazzard Prius!! Love it! @ Glen Toyota https://t.co/Tdp4fZg7BU,prop,9/25/2015  6:20 PM,en,0,1,0.7249
toorilette,1038,6.4684641E+017,LOVE LOVE LOVE this picture of booger üíñ @ Toyota Motor Manufacturing West‚Ä¶ https://t.co/K5jOFe5ybU,prop,9/24/2015 12:39 AM,en,0,0,0.9501
FeBelles,123,6.4662086E+017,Photo: toyota-afficionado: Forever in love with my boosted e120‚Ä¶ http://t.co/dYwavniyi7,prop,9/23/2015  9:43 AM,en,0,0,0.7717
SaadNaeem31,2,6.4556934E+017,@BlackPanthaaYT Would you love to see some models of Toyota Cressida in Need For Speed? https://t.co/JTsrmLwlDE,prop,9/20/2015 12:05 PM,en,0,0,0.6369
lakerfans32,32717,6.4815295E+017,Man I love Race day!! üòÉüèÅ #Go19 #JGR #CarlEdwards #Pole #Toyota #Camry #loudon http://t.co/DSx8hkTzTr http://t.co/QOpiYqsp8Q,racing,9/27/2015  3:11 PM,en,0,0,0.6988
Justin777185,2,6.4749637E+017,@DRIVECLUB Two car's people would love to see in DRIVECLUB. The Nissan Skyline (R34) and the Toyota Supra twin turbo (JZA80).,racing,9/25/2015  7:42 PM,en,0,1,0.6369
JS_thatsme,632,6.4596603E+017,@Mark_Whitelegge I would love Button to go to Toyota! But let's hope the performance returns!,racing,9/21/2015  2:21 PM,en,0,1,0.8264
DrunkBrianF,2858,6.457435E+017,"I also love all the whining about Toyota. If y'all are so damn sure this is how it will be going to Homestead, why keep watching?",racing,9/20/2015 11:37 PM,en,3,3,0.3372
stackmack746,36,6.4573893E+017,"@TeamKalitta @NHRA @DHL_Del l love del,to bad he's driving a mother F N toyota.",racing,9/20/2015 11:18 PM,en,0,0,0.1779
Medfred35,497,6.4572205E+017,Love seeing the Hamster win!!! #Toyota,racing,9/20/2015 10:11 PM,en,0,0,0.8713
ThePodiumFinish,2032,6.4568866E+017,"#NASCAR must love what they're seeing after 68 laps. @KyleBusch leads in a Toyota, @KevinHarvick P2 in a Chevy &amp; @joeylogano P3 in a For",racing,9/20/2015  7:59 PM,en,0,0,0.6369
annhalley1,1,6.456773E+017,Love all the Toyota drivers in the Chase. So exciting!,racing,9/20/2015  7:13 PM,en,0,0,0.8395
Toyota_CAMRYx3,823,6.4818366E+017,love hearing bands play,yes,9/27/2015  5:13 PM,en,0,0,0.765
hedia19,573,6.4810358E+017,@The_Toyota_Way @thetoyotagal Love this and am intrigued to know what 5 &amp,yes, 6 are,9/27/2015 11:55 AM,en,0,0
andirabintang94,628,6.4807496E+017,#KCA #VoteJKT48ID AIRTEL_KE: You need a car? #Smartika Love Toyota‚Äôs? #Smartika Like being a winner? #Smartika  http://t.co/krPegc2694,yes,9/27/2015 10:01 AM,en,0,0,0.9009
Toyota_CAMRYx3,823,6.480649E+017,Love and hip hop is trash,yes,9/27/2015  9:21 AM,en,0,0,0.6369
Sunny72Jz,231,6.4803412E+017,@SaraRamirez @EW @twitter @Toyota OMG  I LOVE YOU üíñ http://t.co/pzD3VI8E1R,yes,9/27/2015  7:19 AM,en,0,0,0.7125
othsavedme,797,6.4799087E+017,This is how we #TGIT! http://t.co/gRX2M8l7FR omg!! #MalinaBesties I love them!!!!!!,yes,9/27/2015  4:27 AM,en,0,0,0.7482
itsDerryl,394,6.4794503E+017,The iA is like Mazda's and Toyota's love child,yes,9/27/2015  1:25 AM,en,0,0,0.7717
F1taxi,6939,6.4784027E+017,@Mark_Whitelegge @girlwholoveskol @FakeBritta @SiBoyle46 @DatingRacing you know your signed up! Gonna find you true love üòç her names Toyo,yes,9/26/2015  6:28 PM,en,0,0,0.807
maxwelltani,543,6.4783541E+017,"‚ÄúI figure if a Taco can handle desert war zones, it can handle my ski and mountain bike trips"" is a good quote http://t.co/z0l2fXVhyG",yes,9/26/2015  6:09 PM,en,0,1,-0.25
CamoCandace,13075,6.4781455E+017,Love our F250 &amp,yes, ranger but since @Ford won't bring the diesel Ranger to the U.S. I guess I'll go test drive a @Toyota Tacoma. #TruckGirl,9/26/2015  4:46 PM,en,2,21
Toyota_CAMRYx3,823,6.4780604E+017,I love you I love you,yes,9/26/2015  4:12 PM,en,0,0,0.8555
MaxwellReese7,12,6.477819E+017,Toyota Carolla these bitches love soda,yes,9/26/2015  2:36 PM,en,0,0,0.0772
toyota_manual,143,6.4763964E+017,MP3 Thompson - Lonely And In Love Download: Fresh and flavorful indie pop...lyrics with a smart melancholic fe... http://t.co/ihA8kwieY5,yes,9/26/2015  5:11 AM,en,0,0,0.7506
uuilly,542,6.4762562E+017,Because they're awesome: http://t.co/iNFMQC1CLd,yes,9/26/2015  4:15 AM,en,0,0,0.6249
barbedwirekat,17,6.476227E+017,@_TinaD Ooh! Check out Wrestling Goddess Athena matches! She's amazing. And Manami Toyota. Do you love her?,yes,9/26/2015  4:04 AM,en,0,0,0.8619
giovanniazael,478,6.4761989E+017,"@Toyota_CAMRYx3 May be fun short-term but hurtful in the long run. Love builds, it doesn't break. Don't need to #breakup to stay up.",yes,9/26/2015  3:53 AM,en,0,0,0.5187
Toyota_CAMRYx3,823,6.4761094E+017,the love I have for you is more than everybody combined forreal.,yes,9/26/2015  3:17 AM,en,1,0,0.6369
Toyota_CAMRYx3,823,6.4761035E+017,"can we make it like it was, we were in love",yes,9/26/2015  3:15 AM,en,0,1,0.7717
wallenbell,264,6.4760871E+017,How @charlesbethea writes about such a breadth of subjects always amuses me. Good story: http://t.co/bIAZqZGx90,yes,9/26/2015  3:08 AM,en,0,1,0.6808
lil_biganne,363,6.4759688E+017,im sure Tito Sen gonna be there i love his krispa o toyota question last Sat. #ALDubEBforLOVE,yes,9/26/2015  2:21 AM,en,2,1,0.7579
Toyota_CAMRYx3,823,6.4757804E+017,cause love has Angels and Demons,yes,9/26/2015  1:06 AM,en,0,0,0.6369
AlwaysPony,451,6.4752414E+017,Thoughts on my edits? By the way if you couldn't tell I love Toyota chasers lol -----------------------------------‚Ä¶ http://t.co/XmrzUuP7Y,yes,9/25/2015  9:32 PM,en,0,0,-0.1451
KenLally,876,6.4751579E+017,"Kickass callback for Toyota today, got to sing and do my Meatloaf ""anything for love"" impression! Thanks again @sanfordcasting ! #actorslife",yes,9/25/2015  8:59 PM,en,0,1,0.8619
GringoBrulee,1832,6.475094E+017,I wanna make love to you in the back seat of my Toyota. But with candle in the cup holders so it's classy and romantic.,yes,9/25/2015  8:34 PM,en,10,12,0.8773
the_thinker2k,31,6.4750664E+017,National Pabebe Wave..count me in. spread love and hapiness. frm. Toyota City Aichi Japan @EatBulaga #ALDubEBforLOVE http://t.co/0uD1s0RvPr,yes,9/25/2015  8:23 PM,en,26,7,0.6369
Kerry_Toyota,186,6.4749608E+017,@laurnfarmer You most definitely should! Where would you love to take a road trip?,yes,9/25/2015  7:41 PM,en,0,0,0.8169
TheCoastalCrew,7407,6.474937E+017,"What does it take to keep CGP running? Lots of love, lots of good friends and a couple of Toyota BC trucks is... http://t.co/Hxa7UF8QFl",yes,9/25/2015  7:31 PM,en,0,1,0.8807
theodoreross,1149,6.4747088E+017,"""This is a more complicated association than the O.J.-Bronco situation,"" said Kit Yarrow,"" No way!  http://t.co/P7a3BmEa6U",yes,9/25/2015  6:01 PM,en,0,0,-0.3595
cf_toyota,12,6.4747034E+017,@LisaMcHughx You were brilliant in Downtown records in castlebar on Wed and I Love ur New Album :),yes,9/25/2015  5:58 PM,en,0,0,0.9001
familytoyotatx,568,6.4745073E+017,"@keithbernabo I'm sure you don't photograph Toyota's, but if you happen to, please share with us and I'd love to show our followers!",yes,9/25/2015  4:40 PM,en,0,1,0.9259
andscoop,224,6.4738541E+017,"@Toyota I've got a nice Passat tdi to trade you. Dealers would love it, no cosmetic problems",yes,9/25/2015 12:21 PM,en,0,0,0.4767
Misch3000,31,6.4735376E+017,@TheSmokingTire you should definitely import a #Toyota #Century. Love the show. Cheers.,yes,9/25/2015 10:15 AM,en,0,0,0.875
duaa03,101,6.4727972E+017,@Sasssmaa awwee thank you love üòò I seen you at Toyota but you were far üëÄ you looked so hot tho mashallah,yes,9/25/2015  5:21 AM,en,1,1,0.5187
NewCarStuff,49,6.4724877E+017,@phonny86  love your brand new #toyota . This is the perfect photo for your #logbook. Don't tell me you don't have plans to get one?!?,yes,9/25/2015  3:18 AM,en,0,0,0.8608
feghaarvianti,453,6.472448E+017,"Happy‚Ä¶ ‚ô´ After the Love Has Gone by Chicago-Earth, Wind &amp; Fire With Bill Champlin (at Wijaya Toyota-Dago) ‚Äî https://t.co/ThN0VY8z7",yes,9/25/2015  3:02 AM,en,0,0,0.4215
rockitpromo,12120,6.4717089E+017,"""Love what you‚Äôre doing or don‚Äôt do it.""‚Äî@YouTube-er, vegan advocate @hotforfood + #MediaDarling @laurentoyota chats http://t.co/roYDd",yes,9/24/2015 10:08 PM,en,3,4,0.6369
pnkheelspnktrk,5662,6.4712663E+017,Sharing the Toyota love on Ep 002 of #BOSSGIRLCREATIVE Podcast http://t.co/lTDeiROEhc #bossgirl #bossbabe,yes,9/24/2015  7:13 PM,en,0,1,0.7906
isaaclange,45,6.4712095E+017,@btsukuda Romeo Honda Vs. Juliet Toyota - can love exist in a battle betwixt the Civic and the Kanmuri? Coming to theaters this Christmas!,yes,9/24/2015  6:50 PM,en,0,0,0.4389
iainreid,1771,6.4707643E+017,Love this picture of the Toyota #Tacoma - and love how it's described as a mid-sized truck in the US http://t.co/aouA7pZ0t1,yes,9/24/2015  3:53 PM,en,0,1,0.8555
LodiToyota,249,6.4704221E+017,Its going to be a beautiful day! Love the sunrise! #teamloditoyota #LodiLove #toyota #workflow http://t.co/uMrKT9nX4m,yes,9/24/2015  1:37 PM,en,0,0,0.8652
asianbama,365,6.4702894E+017,#toyota #2016tacoma getting some love from the D5 #letsgoplaces #asianbama #iaimtacoma @ Emerald‚Ä¶ https://t.co/k08sxtKxIf,yes,9/24/2015 12:44 PM,en,0,0,0.6369
devinmelgar21,86,6.4700937E+017,"Big Sean Toyota Music.. ""Living life I hope everyone I love will get to see "" yup!",yes,9/24/2015 11:27 AM,en,0,0,0.8122
Hboboht,543,6.4700896E+017,A rich man from kogi state must have like 5 Toyota Sienna and 2 hummer bus... They love transportation business,yes,9/24/2015 11:25 AM,en,0,0,0.8834
ForDaBoyzz,115,6.4695385E+017,I added a video to a @YouTube playlist http://t.co/00uSoURRuP Why We Love Toyota's Mudding!,yes,9/24/2015  7:46 AM,en,0,0,0.6696
Losee14,820,6.4694015E+017,@99_chevy_boy @honey_badgerr keep hating but forever love Toyota tacoüíñüíñüíñüíñüíñ,yes,9/24/2015  6:52 AM,en,0,0,0.6858
Mutate20,553,6.4691936E+017,@PopeBrendadict @toyota_kamry like actually love it. Not shade.,yes,9/24/2015  5:29 AM,en,0,0,0.7717
Toyota_CAMRYx3,823,6.4690666E+017,why I love Kylie üò≠üò≠üò≠ http://t.co/qwduGK4BIs,yes,9/24/2015  4:39 AM,en,0,0,0.6369
suhaylah_love,242,6.4690378E+017,"He said what you got a ""99 Toyota"" üòÇüòÇüòÇüòÇüòÇüòÇ",yes,9/24/2015  4:27 AM,en,0,0,0
LanceTheDriver1,5669,6.4690018E+017,Meeting the faces and hard work behind @Toyota trucks has taken my love for the automotive industry even further. #thankful,yes,9/24/2015  4:13 AM,en,1,22,0.5859
toyota_Camri,764,6.4684848E+017,@vrabel_julia I love it‚ò∫Ô∏è,yes,9/24/2015 12:47 AM,en,0,1,0.6369
vrabel_julia,432,6.4684818E+017,ok @toyota_Camri we get it... you love that fountain lmaoüòÇüòÇüòÇüòÇüòÇüòÇ,yes,9/24/2015 12:46 AM,en,0,0,0.7506
michellekatzmsn,65563,6.4684708E+017,"@Toyota love my @FIATUSA but interested in hearing about this campaign, especially if it involves #healthcare",yes,9/24/2015 12:42 AM,en,0,0,0.7311
teasendrive,184,6.4679636E+017,"What Car Brand Do You Love Or Prefer, Toyota Or Honda?",yes,9/23/2015  9:20 PM,en,0,0,0.6369
alexxxjadeee,221,6.4679187E+017,"I love the people I work with at Toyota, we're all sarcastic assholes.",yes,9/23/2015  9:02 PM,en,0,0,-0.1531
CAIQUOTE,11922,6.4678169E+017,@Toyota Love Fall! #Toyota,yes,9/23/2015  8:22 PM,en,0,1,0.6696
brittanyhebeda,830,6.4673831E+017,love my bestfriend üíì #wcw @ Toyota Park https://t.co/xrnnAV1Kql,yes,9/23/2015  5:30 PM,en,0,0,0.6369
Drew_Wynn,177,6.4671393E+017,@Toyota_CAMRYx3 nothing just working out and playing the game I love,yes,9/23/2015  3:53 PM,en,0,0,0.7184
localCarInfo,837,6.4658666E+017,Forever in love with my boosted e120‚Ä¶ http://t.co/5eg86lJbdD http://t.co/OGazAWmZYY,yes,9/23/2015  7:27 AM,en,0,0,0.7717
Glidesabove,357,6.4651848E+017,@roknrob121 Whaaaat no love in da land of da rising sun ... Toyota,yes,9/23/2015  2:56 AM,en,0,0,0.4588
Asalgado321,384,6.4651569E+017,"The mvp of tonight, always #1 in my heart üèÜ 2-0  love you so much kubaslomkowski @ Toyota Park -‚Ä¶ https://t.co/NAqFXsHeXA",yes,9/23/2015  2:45 AM,en,0,2,0.6369
Toyota_CAMRYx3,823,6.4650776E+017,fuck love I'm tired of trying,yes,9/23/2015  2:13 AM,en,0,0,-0.296
get_cars,444,6.4649824E+017,"Safety updates assure future for iconic workhorse, who doesn't love a work horse? read here. http://t.co/KK48JXqNxi http://t.co/RB3IRux9on",yes,9/23/2015  1:36 AM,en,0,0,0.21
NewCarStuff,49,6.4649045E+017,@jdonith @Toyota don't forget your #cloud #logbook from @stuffistry. We know how much you love great stories. #storify you car story!,yes,9/23/2015  1:05 AM,en,0,0,0.8822
Toyota_CAMRYx3,823,6.4647862E+017,do what I can just to show you you special. certain its your love that holds me together,yes,9/23/2015 12:18 AM,en,0,0,0.8402
mollyknicholson,174,6.46468E+017,"I mean, if you put a classic logo on a cake pop, this PR grad is going to love it. @ Milton Ruben Toyota https://t.co/7efwpRzy5M",yes,9/22/2015 11:35 PM,en,0,0,0.6369
maftd,1995,6.4645393E+017,"REALLY LOVE TO SHARE THE TOYOTA MEETING. A AGREEABLE, DISPLANT THE SCOOBY POO HOTEL. GOOD GO TO JASON'S COURT TO TMI BEAT",yes,9/22/2015 10:40 PM,en,0,0,0.9073
suarezjessica_,887,6.4639472E+017,@EST_199X whoa. Calm down. I have a Toyota and I love him,yes,9/22/2015  6:44 PM,en,0,1,0.7579
Toyota_CAMRYx3,823,6.4637518E+017,she don't love me like she say she do *twerks*,yes,9/22/2015  5:27 PM,en,0,0,-0.6681
BSpice,704,6.463692E+017,"@Co_wheels Thanks. Happened a couple of times now, for no apparent reason. Toyota Yaris in Hexham (I love that car btw)",yes,9/22/2015  5:03 PM,en,0,0,0.7096
CulbersonToyota,39,6.4635083E+017,How do you go the extra mile for the sports team you love? @Toyota http://t.co/ly2h1l1gOG #LetsGoPlaces,yes,9/22/2015  3:50 PM,en,0,0,0.6369
Toyota_CAMRYx3,823,6.4635031E+017,Yall  know I love Liquor by Chris brown ... He made a VIDEO BRUH üí¶üí¶üí¶üí¶üí¶üí¶üí¶üí¶üí¶üí¶üí¶üí¶üí¶üí¶üí¶üí¶üí¶üí¶ÔøΩ,yes,9/22/2015  3:48 PM,en,1,0,0.6369
MommyIves,1138,6.4632657E+017,"@ScaryMommy Love this! I fought the minvan for so long, bought a new @Toyota Sienna &amp; it was love at first carpool. #minivanmom #momlife",yes,9/22/2015  2:13 PM,en,0,3,0.7945
DaiStephensknob,82,6.4631744E+017,"I love stuff yeah! For $5800, This 1983 Toyota Corolla Wagon Hums A New Tune - Jalopnik",yes,9/22/2015  1:37 PM,en,0,0,0.7712
TheIzunna,2047,6.4628132E+017,Politicians love that toyota prado car and the big lexus too.,yes,9/22/2015 11:14 AM,en,0,0,0.6369
toyota_manual,143,6.4621378E+017,"You Are the Love of My Life: A Novel - Susan Richards Shreve Download: ""Spare, elegant and absolutely riveting... http://t.co/SaqNlUxgO2",yes,9/22/2015  6:45 AM,en,0,0,0.8625
sfarva,59,6.461696E+017,@russlaraway @Toyota love to see pics of that when you get it. Dm me!!!,yes,9/22/2015  3:50 AM,en,0,0,0.7249
iz_golden,19,6.4615651E+017,So proud of you love! üåüüåüEveryone check out @jeanette_samano Toyota commercial!!!! Link on her bio.‚Ä¶ https://t.co/CQsKLHu4JW,yes,9/22/2015  2:58 AM,en,1,1,0.8677
Omar_landaverde,982,6.4614881E+017,In love with my office's view! @ TOYOTA MONTERREY https://t.co/W3pXz354e5,yes,9/22/2015  2:27 AM,en,0,0,0.6696
laneygalligan,3948,6.4613496E+017,Now that would be fun! @Toyota_Aus 700+ bloggers would love to have you at our event.  https://t.co/gDwSZgku3A,yes,9/22/2015  1:32 AM,en,0,0,0.8313
PugPug_Love,8973,6.460717E+017,His and hers üöóüöò #bmw #Corolla #toyota  #320 #pug #Pugstagram #alfie #myboy http://t.co/mpPIRBX8VW http://t.co/9PwEs6WCPY,yes,9/21/2015  9:21 PM,en,1,0,0
Toyota,523406,6.4606286E+017,"@testerdahl Pulled up in the #SwaggerWagon. Rolling in style. Hard not to love that either, Tim. ;)",yes,9/21/2015  8:46 PM,en,0,1,-0.4344
itoddk17,1543,6.4605036E+017,Need my '98 Toyota Avalon to last that long as well. Would love me an Apple Car! https://t.co/IReDxFl730,yes,9/21/2015  7:56 PM,en,0,0,0.7644
JenniferBushon1,46,6.4601743E+017,Our Director of Marketing spies sign at SeaTac. Love Toyota! #towntoyotacenter #toyota #townauto https://t.co/C513ifhvE6,yes,9/21/2015  5:45 PM,en,0,0,0.6696
BayRidge_Toyota,769,6.4599465E+017,‚ÄúDarkness cannot drive out darkness: only light can do that. Hate cannot drive out hate: only love can do that.‚Äù... http://t.co/piux9Thx,yes,9/21/2015  4:15 PM,en,0,0,0.6414
adit_yudistira,359,6.4597789E+017,FuelCell Vehicle! LOVE IT! üëç #SilverWeekDay1 @ Toyota Museum @ Nagoya https://t.co/xUPZChNCB2,yes,9/21/2015  3:08 PM,en,0,0,0.7592
jinges,333,6.4592498E+017,I Love Capitalism ‚Äì Dagens bild‚Ä¶ #√∂stermalm #toyota #trump #capitalism #dagensbild --&gt,yes, http://t.co/gOUeISz6W0,9/21/2015 11:38 AM,en,0,0
Toyota_CAMRYx3,823,6.4580342E+017,Dr heavenly LMFAOOOO üòÇüòÇüòÇ I love her,yes,9/21/2015  3:35 AM,en,0,0,0.8481
anggakur22,181,6.4578143E+017,Morning love (with Ratna at Astrido Toyota) [pic] ‚Äî https://t.co/B8vQnQa5hP,yes,9/21/2015  2:07 AM,en,0,0,0.6369
nabate99,32,6.4576023E+017,"A Little White Toyota, A Laugh like a Hyena, a Cat with Six Toes, and the Loss of a First Love http://t.co/PTdsIgaUas via @wordpressdotcom",yes,9/21/2015 12:43 AM,en,0,0,0.8288
I_Love_JB_1D69,1625,6.4575193E+017,Had an amazing day at @HolidayWorld today!! Rode Thunderbird and it was so fun I wanted to keep riding it! Got some cool Toyota sunglasses!ÔøΩ,yes,9/21/2015 12:10 AM,en,0,1,0.9102
MomtoAandK,58,6.4575105E+017,Love my kids!! Great day for FedEx11 and Toyota!! https://t.co/jB0QutWPJj,yes,9/21/2015 12:07 AM,en,0,0,0.8877
classydenyol,14,6.4571737E+017,'The Adam I love hijjabs and want my wages now and drive a Toyota Corolla and touch men starter pack' http://t.co/KKZVgqHB6b,yes,9/20/2015  9:53 PM,en,0,0,0.6705
toyota_manual,143,6.4567588E+017,The Perfect Christian: Still Divas Series Book Two - E.N. Joy Download: Mother Doreen thought she'd never love... http://t.co/qASCEK98a2,yes,9/20/2015  7:08 PM,en,0,0,0.8176
Grifferin,631,6.4565384E+017,No hapana. It's like saying you hate Rolls Royce but love Toyota  https://t.co/Wyd1PgWJrJ,yes,9/20/2015  5:40 PM,en,0,1,0.6808
mark_davis45,312,6.4562002E+017,When Nathan is in love with his new car and he just sends pictures to me... #Toyota #Prius http://t.co/lKzqFemz27,yes,9/20/2015  3:26 PM,en,1,4,0.6369
CNHolefield,56,6.4558846E+017,"@NinjaEconomics I love Japan. And to think, this new dating service and Honda &amp; Toyota wouldn't have been possible without the Atom Bomb",yes,9/20/2015  1:20 PM,en,0,0,0.78
MashR008,450,6.4552817E+017,I still love Toyota Legend 40 albeit the beating from Japan!,yes,9/20/2015  9:21 AM,en,0,0,0.3595
POPE_TNWB0TH,15933,6.454513E+017,Love your smile üòÉ cr.onpic #Toyota http://t.co/qtEmxijH4m,yes,9/20/2015  4:15 AM,en,15,13,0.7717
Toyota_CAMRYx3,823,6.4545055E+017,I love cheesy shit ‚ò∫Ô∏è,yes,9/20/2015  4:12 AM,en,0,0,0.1531
Toyota_CAMRYx3,823,6.4545043E+017,goodnight/I love you texts are so heart warming üò≠üò©,yes,9/20/2015  4:12 AM,en,0,0,0.7251
andweaaa17,509,6.4538663E+017,JUNIORS LOVE TOYOTA,yes,9/19/2015 11:58 PM,en,2,19,0.6369
Chelsss_97,584,6.4535308E+017,"I wish I could work at Toyota the rest of my life, and be a nurse bc I love the people here so much",yes,9/19/2015  9:45 PM,en,0,0,0.7845
MotoManTV,1632,6.4535009E+017,"When these came out, I thought I had seen #jesus . . . Still LOVE these . . . #toyota #supra at #jccs‚Ä¶ https://t.co/vRNJYBbOBS",yes,9/19/2015  9:33 PM,en,0,0,0.7125
twieterazzi,1071,6.453329E+017,Radio702 @702JohnRobbie you can't fault Japanese durability. Just think about how boere love their toyota bakkies.,yes,9/19/2015  8:25 PM,en,0,0,0.7549
Couchh00,165,6.4525494E+017,Almost everybody in this neighborhood has a Toyota Tacoma üòÇ love pointing them out,yes,9/19/2015  3:15 PM,en,0,0,0.6369
BoltonToyota1,339,6.452286E+017,"Love this to pieces ‚Äì all 57 pieces, of them. A vehicle unlike any other. Learn more &gt; http://t.co/TT32jYDAuf http://t.co/4dlZHfo31o",yes,9/19/2015  1:31 PM,en,0,0,0.6369
cathereford,61,6.4521149E+017,@jimbolte love@toyota!  Thank you so much for your incredible support!,yes,9/19/2015 12:23 PM,en,0,1,0.6988
LolomaJewellers,876,6.4518633E+017,So much love for our North Queensland Toyota Cowboys everywhere today!!   GO Cowboys!! http://t.co/YzsKnwIpiM,yes,9/19/2015 10:43 AM,en,0,0,0.7681
deitylady,201,6.451571E+017,We love His Call Church #toyota #jesuslovesyouandme https://t.co/qN5eG44v5C,yes,9/19/2015  8:46 AM,en,0,0,0.6369
artist_musician,553,6.4512299E+017,"A dude at the Toyota lounge told me going to Cali wasn't traveling. I will not be buying a car from you, sir, I love Cali. @FeverishPanther",yes,9/19/2015  6:31 AM,en,0,0,0.6369
happydawgblawg,7046,6.4505492E+017,Barks of Love Animal Rescue shared Tustin Toyota's photo. http://t.co/Hhv1TabN57 #animalrescue,yes,9/19/2015  2:00 AM,en,0,0,0.872
tamsjunque,50,6.4499459E+017,I love My Toyota  One Million Dollar Bill by TamsJunqueNovelties http://t.co/wmWUZvKWeY via @Etsy,yes,9/18/2015 10:01 PM,en,0,0,0.6369
LanceTheDriver1,5669,6.449913E+017,It's official: I love #Texas. My journey to the birthplace of the @Toyota Tundra continues. http://t.co/FOKZ3PC15i,yes,9/18/2015  9:48 PM,en,4,45,0.6369
SimmonePark,98,6.4498948E+017,.@Toyota LOVE to have your support for the epic@wonderwomentech conference in 2016 honoring #womeninSTEAM #wearepioneers #joinus #diversity,yes,9/18/2015  9:40 PM,en,1,0,0.8986
Jeanelyn,265,6.4496361E+017,The Blue Beast 2 jaar. Love ny #toyota http://t.co/pGs707uI8Y,yes,9/18/2015  7:58 PM,en,0,0,0.6369
JessBenson_,259,6.4496225E+017,Going to have my first love reading at 4:30 in a Toyota Camry sorry but it's sold outüìö,yes,9/18/2015  7:52 PM,en,0,0,0.3506
aomkatycats25,18,6.4492071E+017,I love you @katyperry Goodnight kiss Toyota Yaris #Roar http://t.co/wHoHbaJ010,yes,9/18/2015  5:07 PM,en,0,0,0.7906
PDetail,1211,6.4491925E+017,Spies Hecker tops Toyota competition. We love artists like these http://t.co/7T31sGScBq,yes,9/18/2015  5:01 PM,en,0,0,0.875
LombardToyota,544,6.4490922E+017,@SFllad @DoYouPK52 @Toyota We love it!,yes,9/18/2015  4:21 PM,en,0,0,0.6696
FiftyBuckss,2451,6.4488551E+017,"@FakeGhostPirate Right! Would love to see a Porsche/VW factory team. Is that a rumour or just a wish? :P Would love to see Toyota, too!",yes,9/18/2015  2:47 PM,en,0,1,0.9415
5loodevil,417,6.4488332E+017,"@BenWalke @NeedforSpeed Fall in love with R34 üòç, but where is my lovely Toyota Supra üò≠üíî",yes,9/18/2015  2:38 PM,en,0,1,0.8316
Toyota_CAMRYx3,823,6.4487791E+017,think I just fell back in love with her after watching Angels &amp,yes, Demons üòãüí¶,9/18/2015  2:17 PM,en,0,1
