nicktucker,38399,6.8988333E+017,Rad to hear @ozarsalazar1's talk about his love for skateboarding in @Toyota's #PlayNow #Sp https://t.co/Te8yRcuEib https://t.co/2metd364vf,ad,1/20/2016  6:52 PM,en,1,7,0.6369
Iris_2amclub,1203,6.8980478E+017,Can I just say how much I love the Toyota commercials that James Marsden is in!,ad,1/20/2016  1:40 PM,en,0,0,0.6696
JonathanL58,357,6.8967702E+017,Love how Kira's mom shows up like she's in an epic Toyota commercial,ad,1/20/2016  5:13 AM,en,0,0,0.7717
wtzsam,200,6.8959371E+017,@HassGeee love a bit of Morata on Toyota,ad,1/19/2016 11:42 PM,en,0,0,0.6369
Herbalna,749,6.8924625E+017,"https://t.co/CO5kLOjmAy Toyota, son's love for his mother",ad,1/19/2016 12:41 AM,en,0,0,0.6369
kelanabumi,37562,6.892453E+017,"#Berita #News | Toyota, son's love for his mother https://t.co/AIJbhAAGCf",ad,1/19/2016 12:37 AM,en,0,0,0.6369
beritik,1963,6.8924326E+017,"#Berita: Toyota, son's love for his mother  https://t.co/70BqOk8nlX ¬∑ By #SbyCuk",ad,1/19/2016 12:29 AM,en,0,0,0.6369
GEMAWAHYUH,30762,6.8924128E+017,"@info: Toyota, son's love for his mother  -",ad,1/19/2016 12:21 AM,en,0,0,0.6369
PGMblog,246,6.8924128E+017,"#News Toyota, son's love for his mother https://t.co/1WTCdceH9U",ad,1/19/2016 12:21 AM,en,0,0,0.6369
kontendewasa,20102,6.8924126E+017,"‚Äú@Tertua: Toyota, son's love for his mother https://t.co/Nr1HLSEata ‚Äù",ad,1/19/2016 12:21 AM,en,0,0,0.6369
jawabarat_info,4556,6.8924126E+017,"Promo Handphone | Toyota, son's love for his mother https://t.co/IFllechDKu https://t.co/rMdJ3sDp9n",ad,1/19/2016 12:21 AM,en,0,0,0.6369
indberitanews,743,6.8924096E+017,"republikaonline : Toyota, son's love for his mother  https://t.co/QpzVUBOBrG (via Twitter https://t.co/4cVGR3GIJU) https://t.co/BRvLrwsJrS",ad,1/19/2016 12:20 AM,en,0,0,0.6369
hsiangwayyy,108,6.8872542E+017,another reason why i love toyota - their commercials,ad,1/17/2016  2:11 PM,en,0,0,0.6369
aaois,11,6.8863769E+017,@TOYOTA_PR @Toyota @ToyotaCanada @toyota_europe @Toyota_Aus I love CMs of #TakuyaKimura. Thank you! I'm waiting for a new CM.Please!,ad,1/17/2016  8:23 AM,en,0,0,0.8065
RhodeyLove,140,6.8859385E+017,James Marsden in the new @Toyota commercial has me like üòçüòçüòç. Makes me love my #RAV4 even more.,ad,1/17/2016  5:29 AM,en,0,2,0.7717
austinrider500,235,6.8858442E+017,@SODIKOFFtoyota can I meet you. love the steven toyota commercials. huge fan.,ad,1/17/2016  4:51 AM,en,0,0,0.8316
brenna_whalen96,327,6.8855269E+017,"The fact @youngrisingsons ""King of the World"" is used in a Toyota makes me happy. Love themüòç",ad,1/17/2016  2:45 AM,en,0,1,0.836
Neranjanghost,75,6.8793967E+017,Toyota love ice-cream üòçüòçüòç https://t.co/CPRSD5vg8K,ad,1/15/2016 10:09 AM,en,0,0,0.6369
1CCRecruitment,12,6.8747162E+017,@995PlayFM I love you always forever was used in the Toyota Corolla commercial. :) Can you please greet us on air? Thanks so much!!! :),ad,1/14/2016  3:09 AM,en,0,0,0.9557
asunyui,316,6.8738985E+017,I keep laughing at kwangsoo in that Toyota commercial I love him,ad,1/13/2016  9:44 PM,en,0,2,0.8126
shaller839,446,6.8710686E+017,Don't you love it when MTV shamelessly promotes Toyota,ad,1/13/2016  3:00 AM,en,0,1,-0.5216
ExterminateKali,268,6.8710567E+017,The new Toyota commercial with James Marsden makes me so happy I love him,ad,1/13/2016  2:55 AM,en,0,1,0.8812
LoveAllRaces,109,6.8710472E+017,Keegan-Michael Key in Toyota commercial. Two thumbs up. Love it!,ad,1/13/2016  2:51 AM,en,0,0,0.6696
Yeti00LNH,35,6.8699786E+017,"@HTC_AshleyR @brentjkleinman @TexansCheer @HTC_Speaker This reminds me of the old Toyota commercials: ""We love what you do for us, #HTC!""",ad,1/12/2016  7:47 PM,en,0,1,0.6696
bozhida4,512,6.866316E+017,"Toyota Mother of Invention Maria Dellapina: A Woman With Vision https://t.co/aDp889EBMJ #money #dogecoin #bitcoin #news,¬†#love,¬†#photograp",ad,1/11/2016  7:31 PM,en,0,0,0.25
xtagia,466,6.8992699E+017,Ford or @Toyota I love my Toyota Corolla Le,car,1/20/2016  9:46 PM,en,0,1,0.6369
lewisleong,662,6.8985592E+017,I love small cars and the Gazoo Racing Toyota S-FR nails it. Most likely not coming to the US though. https://t.co/5SoSjGVnqv,car,1/20/2016  5:04 PM,en,0,2,0.6369
lastcallracing,9,6.8984371E+017,Who has love for the  Toyota Supra? https://t.co/d5MeBE4hg1,car,1/20/2016  4:15 PM,en,0,0,0.6369
callummacphers2,0,6.8983062E+017,Fuck me just seen the new #Toyota #mirai. Not even its own mother could love it. Hideous. #uglyaf,car,1/20/2016  3:23 PM,en,0,0,0.1779
Koty149Koty,513,6.8972922E+017,But i absolutely love my Toyota üòî,car,1/20/2016  8:40 AM,en,0,1,0.6697
skyblueocean,95,6.896756E+017,@Toyota love the color of this Rav 4. what is the starting price for this model?,car,1/20/2016  5:07 AM,en,0,0,0.6369
LozzaRayzer11,417,6.8966325E+017,@Toyota_Aus Hey guys! Just wanted to say your cars are really comfy and safe enough to drive in and I love them! Plz follow me back :),car,1/20/2016  4:18 AM,en,0,0,0.9052
7jdrabble,252,6.8958282E+017,Went car browsing the other day! I love this car! #maybeoneday #toyota https://t.co/I3HACWGYps,car,1/19/2016 10:58 PM,en,0,0,0.6988
LivermoreToyota,70,6.8955367E+017,Time to fall head over heels in love with the #PriusV! Start here: https://t.co/2stDd26IHa #TestDriveTuesday #Toyota https://t.co/EDYXxtt6ko,car,1/19/2016  9:02 PM,en,0,0,0.6696
drewbezanson,26543,6.8955065E+017,"@Toyota How couldn't I! Love all the changes in the 2016! Push to start, seat warmers and tapping the door handle to lock is so rad, etc etc",car,1/19/2016  8:51 PM,en,0,1,-0.4501
nongallery,340,6.8954479E+017,‚ÄúI Love my 2003 Toyota Avalon‚Äù by @nongallery https://t.co/kIV9xh1rik,car,1/19/2016  8:27 PM,en,0,1,0.6369
PuebloToyota,1121,6.8951083E+017,@Toyota Love the Sienna!,car,1/19/2016  6:12 PM,en,0,1,0.6696
RightToyota,2892,6.8950824E+017,Who said you had to keep your 4Runner clean?  'LIKE' this if you love to off-road in your #Toyota! https://t.co/QShnjOwVhE,car,1/19/2016  6:02 PM,en,0,0,0.8016
HeatherLouisaW,152,6.8948564E+017,@gavf1 I love my Toyota,car,1/19/2016  4:32 PM,en,0,2,0.6369
Shakaneng,233,6.8945535E+017,@ToyotaSA I Love This Toyota yaris!Sketch doesn't look exactly like a photo. Hope it wins me a spot prize üò∞ Thanks ‚ô° https://t.co/HA685,car,1/19/2016  2:32 PM,en,1,0,0.9449
hftris,152,6.8939207E+017,Yuna rileks je beli Toyota Corolla. How can you not love this girl.,car,1/19/2016 10:20 AM,en,0,0,-0.5216
langatp01,15,6.8931713E+017,"@africayaa mornng there u'r , that is the travelling vehicle i love ever # ""TOYOTA HIACE"" my right car for my right tour's.",car,1/19/2016  5:23 AM,en,0,0,0.6369
BillMcCarroll,2103,6.8927569E+017,"@johnnypatience no, haha.  I drive a trusty Toyota Tacoma pickup.  Love my truck.",car,1/19/2016  2:38 AM,en,0,4,0.8481
amoongazer,8,6.8923265E+017,"@Toyota gotta be honest, love my #Rav4Limited, hate the voice command. NEVER works as intended.",car,1/18/2016 11:47 PM,en,0,0,0.5859
ChrisHamer,441,6.8921826E+017,Very cool to be riding in a Hydrogen powered car. 2016 Toyota Mirai. I love the 'Fuel Cell' label. Smooth and quiet. https://t.co/nOMlcto4pz,car,1/18/2016 10:50 PM,en,0,1,0.7778
adam_hartshorn,251,6.8921431E+017,Love how @chazm31 thinks his Toyota Aygo is a sports car,car,1/18/2016 10:34 PM,en,0,2,0.6369
Stoliarova_Ana,104,6.8915676E+017,"The new #avensis at #toyota stand #AutoSalon2016, love the new colour https://t.co/c1e0379c6o",car,1/18/2016  6:45 PM,en,0,0,0.6369
ToyotaSQ,2106,6.8911028E+017,In love with this modified #Toyota #GT86. definite cruising material through #Manchester. #ModifiedMondays https://t.co/hYB0EXnAx8,car,1/18/2016  3:41 PM,en,1,4,0.743
AlisonAldred1,32,6.8906712E+017,@Toyota_Aus I love my Toyota!,car,1/18/2016 12:49 PM,en,0,0,0.6696
redbullcat,938,6.8906586E+017,"I mean the car I'm most looking forward to seeing is the Toyota TS050 LMP1 challenger, but always love seeing new season F1 cars too.",car,1/18/2016 12:44 PM,en,1,0,0.7935
Phosphatide,1212,6.890013E+017,@sayumeki they're all the individual car parts you know and love like the double-wishbone suspension and the toyota safety sense,car,1/18/2016  8:28 AM,en,0,0,0.8591
HanisAziz_,24,6.8898827E+017,Baby!!!! Im fall in love with Toyota Mark X!!!!!!! ‚ô•‚ô•‚ô•‚ô•,car,1/18/2016  7:36 AM,en,0,1,0.7482
xdaniel_sonx,145,6.8897262E+017,Can't stress enough how much I love this truck #Toyota #tundra https://t.co/iZQgmg9r6K,car,1/18/2016  6:34 AM,en,0,0,0.7602
ChrystianTeh,127,6.8895651E+017,I still miss her till this day. #memories #love #toyota #celica #ccm #celicaclubmalaysia #siaodays https://t.co/dbxF83cvkv,car,1/18/2016  5:30 AM,en,0,0,-0.1531
BoomBriggs,715,6.8895036E+017,@tonyarnoldine 1994 Toyota Supra. I've always had a love affair with that car.,car,1/18/2016  5:05 AM,en,0,0,0.6369
tmustac,526,6.8893854E+017,Love my 2011 @Toyota #Prius - 105k trouble free miles - I want to replace the shocks and springs to improve my ride but dealers dont care,car,1/18/2016  4:18 AM,en,0,0,-0.0624
dsantoj,630,6.8889314E+017,@Toyota yes they do my 2003 4Runner has 146k still looks new and runs great. We love‚ù§Ô∏èour @Toyota,car,1/18/2016  1:18 AM,en,0,2,0.7783
Limecello,4723,6.8888557E+017,@heatherlire I'm thinking a Toyota - I LOVE my current Corolla (an 04) but it's like‚Ä¶. it really needs to die) - or a Prius? I dunno. :|,car,1/18/2016 12:48 AM,en,0,0,0.3327
voodooban1973,150,6.8887724E+017,"Out and about in my amazing Toyota Auris Hybrid. Where will your hybrid take you? Live, Love, Hybrid ‚ù§Ô∏è https://t.co/4PwFZQgMzS",car,1/18/2016 12:15 AM,en,0,0,0.8402
RetroDriftCars,9,6.8885714E+017,love these old celica's possibly better looking than the hakosuka? #celica #toyota #hakosuka #ra21 #fastback #retro https://t.co/GGHebeKGC3,car,1/17/2016 10:55 PM,en,0,0,0.7964
EtheWHITAKER,172,6.8885495E+017,"The truth be, yeah I'm a TOYOTA 4WD fan but I love all 4x4s. My heart is in TOYOTAs though considering I own one and LOVE IT!!",car,1/17/2016 10:46 PM,en,0,3,0.9595
KittyLovesGod,602,6.8885413E+017,"@Toyota I love Toyotas! So long as ya take care of 'em they'll last 300,00 miles. My Husband is a 20 yr Toyota Master Auto Technician.",car,1/17/2016 10:43 PM,en,0,1,0.8268
jmchuckerel,486,6.8885201E+017,@DARCARS you made me very happy! Tomorrow I turn 18 and you guys made it great already! I love my new #Toyota https://t.co/NMscA3ykHK,car,1/17/2016 10:34 PM,en,3,2,0.931
_thedude2,328,6.8884376E+017,I love when people wanna buy my Toyota.,car,1/17/2016 10:02 PM,en,0,0,0.6369
WLFHNTER,32,6.8883642E+017,@Toyota we love our Prius C two 2015,car,1/17/2016  9:32 PM,en,0,0,0.6369
candymaguire,166,6.8871357E+017,Love my new wheels! #toyota #aygo https://t.co/5aUpZQJ5P8,car,1/17/2016  1:24 PM,en,0,0,0.6696
laurenehopkinsx,1181,6.8869556E+017,There's a white Toyota GT that always parks near me on a Sunday and im in love with it ‚ù§Ô∏è‚ù§Ô∏è‚ù§Ô∏è,car,1/17/2016 12:13 PM,en,0,1,0.7925
iambrentemerson,364,6.88602E+017,Gotta love Bae. üòÅ‚ù§Ô∏è #toyota #corolla #altis #wheels #mags #auto #cars https://t.co/Dx573uETms,car,1/17/2016  6:01 AM,en,0,0,0.6369
bestcarmodz,449,6.885524E+017,Look at dat #Ass üòç #cars #Toyota @Toyota #Supra #PaulWalker #love #black #fast #speed #food #old #classic #fifa #yes https://t.co/1SvO3ih,car,1/17/2016  2:44 AM,en,0,1,0
SeanSWhite,152,6.885262E+017,#toyotatreats #toyota306 @Toyota  your cars are awesome  love the design,car,1/17/2016  1:00 AM,en,0,1,0.8519
PierceyToyotaCA,120,6.8847991E+017,Love saving money on gas? The all-new 2016 Corolla will get you 37 mpg hwy!  https://t.co/RnjMHvj8X2 https://t.co/fkEwONBU0Y,car,1/16/2016  9:56 PM,en,0,0,0.6696
princeslh,193,6.8845406E+017,You will be in love with Toyota hiace ‚ù§Ô∏è‚ù§Ô∏è‚ù§Ô∏è https://t.co/HQsqYzzZiC,car,1/16/2016  8:13 PM,en,0,0,0.6369
Cr8DigitalAsset,1654,6.8845325E+017,Mac and Sasha love to ride w/Mommy and @dsantoj! Lots of room in the back of the @Toyota 4Runner! #goldenretrievers https://t.co/HX5eXM3bh9,car,1/16/2016  8:10 PM,en,1,2,0.6988
ZA_Campbell,269,6.8844891E+017,"Our uber driver just picked us up in a fucking TOYOTA TACOMA.  With a lift.  God, I love Asheville.",car,1/16/2016  7:53 PM,en,0,1,0.743
HowlinHounds,3768,6.8844653E+017,@rusty044 @Toyota Very nice. The Bassets will love it!üê∂üêæ,car,1/16/2016  7:43 PM,en,0,1,0.8217
_ii_love_keke,923,6.8841852E+017,I am so over this Toyota,car,1/16/2016  5:52 PM,en,0,0,0
SaithusX1,27,6.8836905E+017,@Toyota I'm on my third Prius... love these cars! Toyota... love you guys!,car,1/16/2016  2:35 PM,en,0,1,0.8745
ahstroeher,937,6.8833689E+017,My 1979 Toyota Land Cruiser FJ40 and 2016 Toyota Tacoma TRD sport. New and Old. Love them both. My w https://t.co/UP9pBO2Geb,car,1/16/2016 12:27 PM,en,1,0,0.6369
eddo_,3708,6.8832778E+017,"Fallen in love with a 2nd hand top spec Toyota Yaris. Ridic low mileage, free road tax, 67MPG.",car,1/16/2016 11:51 AM,en,0,2,0.836
RailYardHobo,2297,6.8832727E+017,"Love the caboose. Not my photo, but still very cool. Thanks for sharing. Lived in one for a bit! So much toyota, so little time.... The #exÔøΩ",car,1/16/2016 11:49 AM,en,0,0,0.9354
Curtisjmills,12,6.8829271E+017,@Toyota I love my #tacoma but there were two things out of the factory that dealers wont fix. ahhhh #steeringwheelbuzzzzz  #windshieldleak,car,1/16/2016  9:32 AM,en,1,0,0.3818
alaaana_,1791,6.8820103E+017,2014 Toyota Camry or 2015 Cruze üòÅ I love both of them.,car,1/16/2016  3:28 AM,en,0,0,0.6369
PierceyToyotaCA,120,6.8818119E+017,The all-new 2016 Toyota Camry is simply impossible to ignore! Why do you love it? https://t.co/rYNGmUNCRu https://t.co/aGEr2foWgi,car,1/16/2016  2:09 AM,en,0,0,0.4574
vinnisaur,213,6.8815326E+017,jk I drive a Toyota but I love it,car,1/16/2016 12:18 AM,en,0,0,0.8047
AndersonToyota2,438,6.8814389E+017,WE LOVE THIS TRUCK!  New 2016 Toyota #4Runner TRD Pro - IN STOCK! Call 815-397-8995.  #TRDPro https://t.co/RIfln37l9z,car,1/15/2016 11:41 PM,en,0,0,0.7592
StadiumToyota,1379,6.8811848E+017,Our #FeatureFriday is the 2016 Toyota 4Runner. This is a great SUV that you are sure to love. Check it out and... https://t.co/SAR16HJrs8,car,1/15/2016 10:00 PM,en,0,0,0.891
RosevilleToyota,364,6.8810415E+017,The love has to start somewhere. Upgrade your toy truck for a real Toyota truck this weekend! #TGIF #Toyota https://t.co/GgwfRpWMZ5,car,1/15/2016  9:03 PM,en,1,1,0.6696
CFToyota,81,6.8809657E+017,We love seeing a #vintage #Toyota on the road! Can you tell us which model this is? https://t.co/7hqW6mVn7F,car,1/15/2016  8:33 PM,en,0,0,0.6696
JonesToyotamd,6,6.8808324E+017,We love when you sport a classic #Toyota! Can you tell us which decade this one came out? https://t.co/TAEVGuVIVF,car,1/15/2016  7:40 PM,en,0,0,0.6696
BigLouNY,61,6.880825E+017,Love my car and love it even more when it's clean. #toyota #avalon #touring https://t.co/QF03aNNVx6,car,1/15/2016  7:37 PM,en,0,0,0.9074
massholemommy,10923,6.8806355E+017,"Meet our new baby, Crowley.  He's a 2016 Toyota Highlander and we love him ‚ù§Ô∏è‚ù§Ô∏è #rueyear2016‚Ä¶ https://t.co/lFCHeAcdpJ",car,1/15/2016  6:21 PM,en,0,0,0.6369
FckLove_GetPaid,1297,6.8804084E+017,Dont get me wrong tho .. I love my Toyota Camry ! thats my baby üòç,car,1/15/2016  4:51 PM,en,0,0,0.3382
Trish_Heuer,118,6.8803012E+017,@Toyota It was successful!We love our new #SwaggerWagon!The drive was better because of it!Going to make one more trip to LA this weekend!,car,1/15/2016  4:08 PM,en,0,1,0.8507
ImageOfPakistan,1112,6.8800463E+017,My Second Love :P waleedjutt13  #sexy_machine #Toyota #altis #Grande #team_theknightriders #autoporn #dropped #paki‚Ä¶ https://t.co/jhvRgGvF,car,1/15/2016  2:27 PM,en,0,0,0.8091
MommyGoRun,1591,6.8799461E+017,I love that I don't need to look at my phone for directions!  ¬†#Toyota #LetsGoPlaces #RAV4‚Ä¶ https://t.co/EacdISUabJ,car,1/15/2016  1:47 PM,en,0,1,0.6696
Awankbombom,170,6.8795263E+017,I love toyota #toyotalandcruiser (with Lazuardi) [pic] ‚Äî https://t.co/ZNnz8suRYt,car,1/15/2016 11:01 AM,en,0,0,0.6369
Sirblakely27,206,6.879222E+017,Why isn't there any small trucks made anymore? I love my little Toyota. I would pay a good price to have my truck in new condition again.,car,1/15/2016  9:00 AM,en,0,2,0.7884
HuntingLife,25426,6.8789559E+017,@Toyota lets work out a deal my 2002 Tacoma is close to 300K miles and we love it!,car,1/15/2016  7:14 AM,en,0,2,0.6696
ToyotaTweetClub,952,6.8781641E+017,#cars Australia taking on American love of big cars: The Toyota Camry was a constant in both ma... https://t.co/YQG45Z9OBS #toyota #camry,car,1/15/2016  1:59 AM,en,0,0,0.6369
thomasvilletoyo,323,6.8778834E+017,Take the #Toyota RAV4 on your next adventure! You will absolutely LOVE this car! https://t.co/GPBjeYxyaG https://t.co/Veu689ihdl,car,1/15/2016 12:08 AM,en,0,0,0.8446
drewbezanson,26543,6.8777086E+017,"@Toyota Well that too, of course! Love my Tacoma üôåüèº",car,1/14/2016 10:58 PM,en,0,2,0.7644
DJNoRequest,4740,6.8767249E+017,@SaraBekah Toyota is a good call-I love my tacoma - 4-wheel drive is so much better than all-wheel - for me anyway.,car,1/14/2016  4:27 PM,en,0,3,0.8828
durusky,205,6.8764332E+017,"Well it happened finally, and I love the choice I made.#newtruck#toyota#2012 https://t.co/5liXsJJ5ZA",car,1/14/2016  2:31 PM,en,0,4,0.743
asianbama,390,6.8763648E+017,#asianbama in #love with the all new #toyota  #2016RAV4SE #letsgoplaces https://t.co/y61ROaDaJ5,car,1/14/2016  2:04 PM,en,0,0,0
hiverpot,4,6.8741616E+017,@LenosGarage I love cars too. Unfortunately I can't afford the luxury. I do alright with my little Toyota it brings me where I need to go.,car,1/13/2016 11:29 PM,en,0,1,0.5859
TrustHub,58,6.8738802E+017,@miraclewatts00 no love for the toyota?!,car,1/13/2016  9:37 PM,en,0,0,0.5093
LivermoreToyota,70,6.8737932E+017,"Do you believe in love at first sight, or should we drive around the block again? #CarCrushWednesday #Toyota https://t.co/Es5N3s0Eda",car,1/13/2016  9:02 PM,en,0,0,0.3182
bmkidd26,12,6.8737521E+017,"I purchased a 2009 Toyota Camry in 2008, and I absolutely love this car.  I just rolled o... https://t.co/RDgHCjdbTO https://t.co/lRr62heqk9",car,1/13/2016  8:46 PM,en,0,0,0.6697
jaschin80,21,6.8731832E+017,I'd really love to get one of these gorgeous machines. #DaddyNeedsANewCar #Toyota #Tacoma #Jeep #Rubicon https://t.co/knORho3fMt,car,1/13/2016  5:00 PM,en,0,0,0.8588
ForgiveSmile,1062,6.8719818E+017,Sometimes I love my little toyota! I actually found a parking place at work after 09:00 :O :D,car,1/13/2016  9:03 AM,en,0,0,0.5202
barrywheeler75,225,6.8708882E+017,@RutledgeWood @mecum @NBCSN @Toyota nice love those body style of trucks of the 60s,car,1/13/2016  1:48 AM,en,0,0,0.7906
Librocube,1240,6.8707162E+017,@pieinstomach The Toyota Avalon will always have a special place in my heart. Love it (Most people think it's too plain though).,car,1/13/2016 12:40 AM,en,0,0,0.7845
tashijade017,127,6.8706052E+017,"So I just test drove a #Toyota #Prius and I'm pretty much in love. So now the question is, do I want a Toyota or a #Honda? Bye bye #VW",car,1/12/2016 11:56 PM,en,0,0,0.8271
larryjg,1239,6.8705521E+017,@Toyota I would absolutely love a new Tacoma!!!!,car,1/12/2016 11:35 PM,en,0,1,0.7691
gaulttoyota,358,6.8701302E+017,@FrankGTNY @MF3419 @Toyota Love it!,car,1/12/2016  8:47 PM,en,0,1,0.6696
MorriesAuto,609,6.8700731E+017,Happy fun-time funky bunch with the #Toyota #Kikai concept. So many cool little details to love‚Ä¶ https://t.co/sqIzokIQTq,car,1/12/2016  8:24 PM,en,0,0,0.7076
SzottAutomotive,444,6.8695989E+017,2016 Toyota Highlander: A Large Crossover We Love https://t.co/65eo2X85qv https://t.co/yhn5CEtpDO,car,1/12/2016  5:16 PM,en,0,0,0.6369
AugustGabrielle,1368,6.8694592E+017,Already love my job at Toyota/Scion. Motivated to move up. Seeing great things for 2016 üíú https://t.co/wtgL7cPxsC,car,1/12/2016  4:20 PM,en,0,2,0.9062
Love_JDD,983,6.8694006E+017,"@A_Kid_Named_Lee Toyota, but I'm biased because it's the only car I've had lol",car,1/12/2016  3:57 PM,en,0,0,0.2617
HuntingLife,25426,6.8692728E+017,Back at it #NAIAS2016 with @Toyota. We love this Tacoma! https://t.co/Rqkj2OyIwH,car,1/12/2016  3:06 PM,en,0,3,0.6696
styneomite,144,6.869235E+017,@SethTowerHurd I have a Toyota and love it,car,1/12/2016  2:51 PM,en,0,0,0.6369
AmesVanGo,1122,6.8691132E+017,And there's my dream car! How awesomely weird is this? :) I love it! #NAIAS #Toyota Kikai https://t.co/LVRZ3Ro8Cw,car,1/12/2016  2:03 PM,en,1,1,0.8436
MensJournalZW,385,6.8687755E+017,"Because boys will always be boys and still love toys. Classic Toyota Land cruiser, the go‚Ä¶ https://t.co/O5aNOZCr7t",car,1/12/2016 11:49 AM,en,0,0,0.6369
dianeFaris,131,6.8675119E+017,@Toyota love mine!!!,car,1/12/2016  3:26 AM,en,0,1,0.7249
xx_chloejackson,708,6.8666531E+017,"Love my first car, meet Tara the Toyota Yarisüòçüòç https://t.co/C9GAoyEYLa",car,1/11/2016  9:45 PM,en,0,0,0.6369
Love_tatii_,1039,6.8664215E+017,I think I might just get a Toyota,car,1/11/2016  8:13 PM,en,0,0,0
love_NoHoee,1433,6.8964567E+017,It take 6 months to build a Rolls Royce and 13 hours to build a Toyota,car comparison,1/20/2016  3:08 AM,en,0,0,0
nadiaaghanem,352,6.8959863E+017,@luvlandi it's honestly Beautiful but I love the Toyota too so I'm stuck but the civic Is better body  I was originally gonna lease,car comparison,1/20/2016 12:01 AM,en,0,0,0.9039
admirejazzy,28,6.8956973E+017,@KillEmWitASmile but I love my Toyota. They're both good cars. I don't know lol. This is a hard decision.,car comparison,1/19/2016 10:06 PM,en,0,0,0.7936
Audrey_Estep,479,6.8956175E+017,@B_Keller09 I love my Toyota 4Runner! The Honda pilots are nice too. Both hold their value over time!,car comparison,1/19/2016  9:35 PM,en,0,1,0.8745
EggplantVibes,58,6.8953082E+017,Love when I get burned by Lambos in my Toyota on the 405,car comparison,1/19/2016  7:32 PM,en,0,0,0.6369
eric_arriaza,18,6.8750903E+017,Love these two car Toyota FT1 and Nissan GTR R35 https://t.co/PxRcItFbRx,car comparison,1/14/2016  5:38 AM,en,0,2,0.6369
kermit150,116,6.8669584E+017,"@Jetmarlin yea i love the car, 3.0L turbo engine, so comfy to drive, im afraid company will give me toyota next time, ill buy the car myself",car comparison,1/11/2016 11:47 PM,en,0,0,0.34
MR_AndrewBrady,2226,6.8668074E+017,This is what the Toyota Land Cruiser V8 looks like as a Lexus. 5.7-litre V8. I love it. #NAIAS2016 https://t.co/LYa7of8q3Y,car comparison,1/11/2016 10:47 PM,en,1,0,0.7717
LuvLadders,1416,6.8991563E+017,BMW's next Z roadster spied: It has been three years since BMW AG and Toyota Motor Corp... https://t.co/nD1mproYmT https://t.co/7c2n6smTM0,company,1/20/2016  9:01 PM,en,0,0,0
aero_shooter,706,6.8981969E+017,@a_ayaka0511 I LOVE TOYOTAüò≠üò≠üò≠,company,1/20/2016  2:40 PM,en,0,0,0.7125
kenzkingerski,146,6.8964757E+017,@b_morg_ aww love you üíû talk to toyota üòÇüò¢,company,1/20/2016  3:16 AM,en,0,0,0.6369
69DIRTYBIEBER,63127,6.8952184E+017,@otraderbynjh I love you so much toyota,company,1/19/2016  6:56 PM,en,1,0,0.6369
SergioSierra67,208053,6.8948247E+017,We #love #Toyota the best in the üåèüëçüöïüíñ @RTaverBella @toyota_italia @toyota_europe @ToyotaCorp #Arigato ! https://t.co/EtU7IBbpWQ,company,1/19/2016  4:20 PM,en,1,1,0.6696
LuvLadders,1416,6.8937183E+017,2018 BMW Z5 Spy Shots: It was back in 2011 that we first caught wind of BMW and Toyota'... https://t.co/WdRjmKSqWo https://t.co/7c2n6smTM0,company,1/19/2016  9:00 AM,en,0,0,0
ericofsecrets,176,6.8930383E+017,"@raddy I Love What You Do For Me, Toyota",company,1/19/2016  4:30 AM,en,0,0,0.6369
EricBu1,482,6.8929273E+017,"love that animes always rep tf outta the badass cars they made by putting them in tue series like rx7s,r34s,supras, or even a toyota 2000gtÔøΩ",company,1/19/2016  3:46 AM,en,1,2,0.7269
KobeNoBean,1772,6.8926963E+017,I Love @Toyota,company,1/19/2016  2:14 AM,en,0,1,0.6369
SavageAngg,584,6.892432E+017,Broooo I love toyota.üôå,company,1/19/2016 12:29 AM,en,0,2,0.6369
LuvLadders,1416,6.8920804E+017,BMW Z4 and Toyota Supra replacement spied in the snow: The new BMW Z4 and Toyota Supra ... https://t.co/4WVml6GJcr https://t.co/7c2n6smTM0,company,1/18/2016 10:09 PM,en,0,0,0
pagirl1119,31,6.8885814E+017,Love Toyota because you can get a free Hershey Bar #TOYOTATREATS #TOYOTA417,company,1/17/2016 10:59 PM,en,0,0,0.8176
youbet90,261,6.8852001E+017,Team Toyota on #Yelp: I am a Toyota owner and I love the 2 years of free maintenance they provide and the service w‚Ä¶ https://t.co/8Rji6ebO,company,1/17/2016 12:35 AM,en,0,0,0.8176
CrumblingBrooke,377,6.8850617E+017,I love Toyota because they are safe and look sharp! #toyotatreats #toyota933,company,1/16/2016 11:40 PM,en,0,0,0.8122
xMissAnthropist,614,6.8841984E+017,Niggas love a Honda Accord and a Toyota Corolla,company,1/16/2016  5:57 PM,en,0,1,0.4215
twiitter_sucks,346,6.8812679E+017,"""@VoidFeels: find what you love and kill yourself with it"" TOYOTA",company,1/15/2016 10:33 PM,en,0,0,-0.128
egog,277,6.8810901E+017,Reading what @BarkM302 dropped on @TTAC reminded me of why I love Toyota. They always manage to do what feels right when they can.,company,1/15/2016  9:22 PM,en,0,0,0.6369
HFHIVRestore,19,6.8776947E+017,@TV_Toyota we would LOVE a donated Toyota from commercial line of trucks or any sponsorship/donation @TV_Toyota would make to @habitativ,company,1/14/2016 10:53 PM,en,0,0,0.7125
saulkza,4926,6.8772033E+017,Brand of the year: Toyota. South Africans love their Toyota's #CarsAwards,company,1/14/2016  7:37 PM,en,0,6,0.6369
NathalieMolina,2468,6.876803E+017,"Love this story about a #womanowned manufacturing co, killing it! #toyota #RosaSantana @curemarkCEO @ninagvaca https://t.co/KwnEKH7OJs",company,1/14/2016  4:58 PM,en,0,2,-0.126
PyschedelicOwl,23,6.8765717E+017,@ToyotaMotorCorp @TheRealGiniel @dakar @dakarlive @ToyotaSA @Imperial_Toyota @rallyedakar i love toyotas https://t.co/boFit4Smrj,company,1/14/2016  3:26 PM,en,0,0,0.6369
Tony1petrolhead,9348,6.8760906E+017,@ToyotaDakar  Love this Brand @Toyota  Just Awesome Vehicles  !! https://t.co/5SjXqLmts0,company,1/14/2016 12:15 PM,en,0,3,0.8715
jacob_oleary_21,479,6.8753801E+017,I love how that car is all about America but it's a Toyota  https://t.co/SDVCqy2ZEC,company,1/14/2016  7:33 AM,en,0,0,0.3818
realMikeBullen,387,6.8731285E+017,@TheSuperSaiyan_ @mchivallati Lexus is a brand out of Toyota. I love my car.,company,1/13/2016  4:38 PM,en,0,2,0.6369
anwaronfire,75,6.8699492E+017,That's why I love toyota https://t.co/GnMvgVRZ25,company,1/12/2016  7:35 PM,en,0,0,0.6369
AZILINONS,1928,6.8663949E+017,#LOVE #TECH # Toyota plans to market Lexus fuel cell car around 2020: executive https://t.co/2v6gGf4haC,company,1/11/2016  8:03 PM,en,0,0,0
Tobi_555_MB,10,6.8952154E+017,@automobilehome1 no. Toyota is Not Bad but i just love renault and Honda.  And sorry i forget you speak english!,company comparison,1/19/2016  6:55 PM,en,0,0,0.3489
LuvLadders,1416,6.8877172E+017,"Report: Mercedes-Benz Will Release a Hydrogen Fuel Cell GLC Next Year: Soon, Toyota and... https://t.co/HHX5lpgnPo https://t.co/7c2n6smTM0",company comparison,1/17/2016  5:15 PM,en,0,0,0
lucycarin,978,6.8874922E+017,"@AnOldLefty yep,+side Honda parts cheap/can get Toyota-not a fan-Me-Nissan Murano over n ova again just love em üëäüèº but I cant work in",company comparison,1/17/2016  3:46 PM,en,0,0,0.3818
rileymeyer24,46,6.8845894E+017,@Honda got a new 2016 Honda Civic and love it! Way better than Toyota . Thanks for being awesome https://t.co/EnFGYWTtmn,company comparison,1/16/2016  8:32 PM,en,0,0,0.937
MidwstHotMess,3273,6.8750873E+017,@SassyVAGirl @_TheDieselMan_ I love Lexus but hate Toyota,company comparison,1/14/2016  5:37 AM,en,0,0,-0.5346
samanthafitnes5,113,6.8723533E+017,"When things don't happen right away just remember, it takes 6 months to build a Rolls Royce, and 13 hours to build a Toyota. #patience #love",company comparison,1/13/2016 11:30 AM,en,0,0,0
Texasgal841,414,6.8710221E+017,@Pyxus_inc @scrowder I drive a Toyota and love it. You couldn't give me a Ford. Chevy is just ok.,company comparison,1/13/2016  2:41 AM,en,0,0,0.7506
FinneusPRockus,15,6.8704422E+017,I love white collar mentality. I can buy a ten year old bmw and instantly have more cred than a brand new Toyota. #lifehack #boysclub #itsbs,company comparison,1/12/2016 10:51 PM,en,0,0,0.6369
tsarnas15,316,6.866504E+017,I love my BMW but i'de much rather have a home and a new Toyota than to drive a BMW and not help Ernie with bills...,company comparison,1/11/2016  8:46 PM,en,0,0,-0.0739
salazarkarate,202,6.8952018E+017,"Papi happy birthday, love u, #thebestdadintheworld @ Houston Toyota‚Ä¶ https://t.co/8oXAplvg0U",company owned,1/19/2016  6:49 PM,en,0,0,0.836
biggs_jeff,2557,6.8888472E+017,@Dloading with a little Pre-Game love! Please join me for the Toyota @Lakers Countdown! Live at 5! @ESPNLosAngeles https://t.co/5eleu1vvkb,company owned,1/18/2016 12:44 AM,en,1,3,0.8416
kamrynstarr,281,6.8821548E+017,"""@cavs: OK, KEVIN LOVE! From deeeeeeeep in the Toyota Center! #NBAVote https://t.co/xE4sJ8JZR2""",company owned,1/16/2016  4:25 AM,en,0,1,0.8573
cavscountry,294,6.8821289E+017,"#Cavs Tweets: OK, KEVIN LOVE! From deeeeeeeep in the Toyota Center! #NBAVote‚Ä¶ #NBA https://t.co/QRlj2ZhKKJ https://t.co/KYrQzsFTfL",company owned,1/16/2016  4:15 AM,en,0,0,0.8573
cavs,1013041,6.8821147E+017,"OK, KEVIN LOVE! From deeeeeeeep in the Toyota Center! #NBAVote https://t.co/hnAw3l9Eo3",company owned,1/16/2016  4:09 AM,en,625,815,0.8573
FORDfive,215,6.8821142E+017,K-Love! Deeeep in the Toyota Center #CavsRockets,company owned,1/16/2016  4:09 AM,en,0,0,0
tashamacc__,844,6.8814715E+017,When you love @KingJames but can't see him play so your friend that works at the Toyota center and sends you thisüòç‚ù§Ô∏è https://t.co/68f,company owned,1/15/2016 11:54 PM,en,0,0,0.6969
kyrafalcone_,769,6.8781447E+017,"Come on out to Toyota field to watch us take on Taft. 4 o'clock, we'd love to see ya there",company owned,1/15/2016  1:52 AM,en,0,7,0.6369
JimSarosy,1848,6.8768407E+017,Love seeing all the support for the 2016 @Toyota #AHLAllStar game. Thanks @DunkinCNY #StarsInCuse https://t.co/NaH5kOkAa0,company owned,1/14/2016  5:13 PM,en,2,7,0.8689
integritycomics,114,6.8734237E+017,Texas love Madonna it seems. Good Vibes! Toyota Center Crowns Madonna Queen Rebel  https://t.co/Z6WdJsLjYK via @hprocksoff,company owned,1/13/2016  6:36 PM,en,0,0,0.7777
cctexasgirl,733,6.8731905E+017,LOVE this review: Toyota Center Crowns Madonna Queen Rebel  https://t.co/glrXjECAEh via @hprocksoff,company owned,1/13/2016  5:03 PM,en,0,0,0.6523
RobbeyDeLeon,214,6.8712213E+017,Lots of love for #davidbowie at #rebelhearttour #madonna #houston @ Houston Toyota Center https://t.co/lBkmhWpYeq,company owned,1/13/2016  4:00 AM,en,0,2,0.6369
jvlaha,617,6.8701069E+017,"@Frayed_Nets One more, ""why isn't there a wine bar/bistro set up at Toyota Park. I'd like a fully bodied Napa Cabernet for the love of God""",company owned,1/12/2016  8:38 PM,en,0,0,0.8316
jackson_rollins,4,6.8667965E+017,@SportsNation @Toyota no love for Peyton manning or the Broncs,company owned,1/11/2016 10:42 PM,en,0,0,0.4588
Toyota,556801,6.8984629E+017,@LOYALTOYOTA That's a win. We love our future Toyota drivers! :),company res,1/20/2016  4:25 PM,en,1,2,0.906
Toyota,556801,6.8949423E+017,"@SaithusX1 It's hard not to love the Prius with it's eco-friendly attitude. And we love you too, Prince! :)",company res,1/19/2016  5:06 PM,en,0,1,-0.6628
Toyota,556801,6.8701521E+017,"@seansmcbride We love that you're going places, Sean! :)",company res,1/12/2016  8:56 PM,en,1,2,0.8172
Toyota,556801,6.8667614E+017,"@Metalmikefisher Thanks for the love, Mike! :)",company res,1/11/2016 10:28 PM,en,1,1,0.8858
missmcqueeen,140,6.8881395E+017,My little man trying out toyota's kids section driveway. He love cars just like his daddy üöó https://t.co/XHzsnvhfvD,dealership ,1/17/2016  8:03 PM,en,0,0,0.7717
NicholaPickla,62,6.8841384E+017,@ToyotaGB Best service from Mark at Toyota in Sunderland today. I absolutely love my new Aygo!! Professional and friendly service,dealership ,1/16/2016  5:33 PM,en,0,2,0.9257
mhmilam,802,6.8778778E+017,I seriously love the guys at Toyota! Making my car look brand new and what not!üíÅüèº,dealership ,1/15/2016 12:06 AM,en,0,0,0.6229
EricaMueller,4947,6.8769006E+017,"Sure do love the staff at our local @Toyota dealer/service garage. Friendly, professional, and always happy to answer questions. #parisTX",dealership ,1/14/2016  5:37 PM,en,0,1,0.9246
malonetoyotaUT,1714,6.8749825E+017,We love our #Family here at Malone #Toyota and want share with you! Check us out at https://t.co/IiC7xKN7Ad #Utah https://t.co/uPbEZakjU9,dealership ,1/14/2016  4:55 AM,en,0,1,0.7901
Bucksfizzer,171,6.8736689E+017,@BurrowsToyota Wish we had an exceptional Toyota dealer like Burrows in the south of England!   Love your video. #thedealerinfrontisburrows,dealership ,1/13/2016  8:13 PM,en,0,0,0.8655
ToyotaDealerSEO,121,6.8718853E+017,Love Cool Gear?!?! #Toyota #Dealers can capitalize sales for Tacoma &amp,dealership , Tundra with this bed &amp, tailgate mod ‚û°Ô∏è https://t.co/wwYRh2,1/13/2016  8:24 AM,en,2
bitchasslen,311,6.8703835E+017,"I I love coming to Toyota bc everyone just talks to me and is my friend bc my car :,)",dealership ,1/12/2016 10:28 PM,en,0,0,0.8126
bobsmithtoyota,163,6.8993354E+017,Have you visited Bob Smith Toyota recently? Click the link below to leave us a review! We love hearing from you! https://t.co/tJ6LQ4tFzM,dealership ad,1/20/2016 10:12 PM,en,0,0,0.6792
familytoyotatx,795,6.8876675E+017,We sure love our Toyota family here. Tag one of your family members that you love! #FamilyToyota https://t.co/DwRFh39NHh,dealership ad,1/17/2016  4:56 PM,en,0,0,0.8999
charmingmitu,16147,6.8870181E+017,@saachigarg Love Win Rs.500 worth shopping vouchers ? Follow #@Toyota_India Join to #AchieveMore And win #ShoppingVouchers,dealership ad,1/17/2016 12:38 PM,en,0,0,0.9423
RudyLutherTS,63,6.8842373E+017,Toyota vehicles love winter time. Shop here for a winter-ready ride: https://t.co/g9oKqDkXzp https://t.co/SUBQd1IqtP,dealership ad,1/16/2016  6:13 PM,en,0,0,0.6369
GalaxyToyotaNJ,85,6.883817E+017,Are you in the Monmouth County area? Stop by #GalaxyToyota and fall in love faster with your next #Toyota! https://t.co/ivFA94Agg6,dealership ad,1/16/2016  3:26 PM,en,0,0,0.5093
GulloToyota,1655,6.8811293E+017,How much do you love your new #hybrid #Toyota? Share your photos with us here! https://t.co/QRziQPyulI,dealership ad,1/15/2016  9:38 PM,en,0,0,0.7712
HolmanToyota,176,6.8800288E+017,One of the many happy customers at Holman Toyota! Stephanie picked up her 2016 Toyota Tacoma she ordered 2 months ago and she is in love!,dealership ad,1/15/2016  2:20 PM,en,0,0,0.8585
MikeWoodToyota,150,6.8775784E+017,You‚Äôre going to love the 2016 #Toyota RAV4! Come check it out: https://t.co/niz4uZl6pD https://t.co/FUv8Ko0lBi,dealership ad,1/14/2016 10:07 PM,en,0,0,0.6696
ArdmoreToyota,919,6.8775281E+017,Stop by and test-drive this 2016 Toyota Corolla LE! It'll be love at first drive: https://t.co/28gR1KUu3Q https://t.co/zr3yRgROc2,dealership ad,1/14/2016  9:47 PM,en,1,0,0.5093
VentureComms,1820,6.876731E+017,"#TBT¬†to our romance with @PrairieToyota, where we encouraged Canadians to show off their love for Toyota!¬†https://t.co/avWeb4J9Yb",dealership ad,1/14/2016  4:30 PM,en,0,0,0.8908
ClintBowyerAuto,1342,6.8733684E+017,Aaron Bura proud veteran at 93 years young just swapped for this 2015 @Toyota  #camry we love our customers! https://t.co/B2AirQBVXk,dealership ad,1/13/2016  6:14 PM,en,1,4,0.8221
StGeorge_Toyota,671,6.8702393E+017,Today is your lucky day if you love 2016 TRD Pro Tundras. Come check it out and even take it for a spin! https://t.co/OdRJ0kMll2,dealership ad,1/12/2016  9:30 PM,en,0,0,0.807
gaulttoyota,358,6.8700859E+017,"@MF3419 @Toyota @FrankGTNY Awesome! Great choice, Mark. We hope you love it!",dealership ad,1/12/2016  8:29 PM,en,0,1,0.9508
ToyotaGB,42658,6.8700677E+017,"@hayleyredfern That's great, Hay. We hope you can come and see us tomorrow and find a #Toyota you'll love. ^ST https://t.co/ftv1TRP9TR",dealership ad,1/12/2016  8:22 PM,en,1,1,0.9042
FrankToyotaSD,1037,6.8697853E+017,ÛæîóÛæü§ÛæîóAllison traded in her #Jetta with newrly 200k miles on it for a '13 #Toyota #Corolla! We love making trades!... https://t.co/QHy,dealership ad,1/12/2016  6:30 PM,en,1,0,0.6988
ToyotaCSprings,577,6.8696788E+017,This 2013 Toyota Highlander is sitting here at Toyota of Cool Springs waiting for someone to fall in love with it!  https://t.co/Q2D5u6ff4M,dealership ad,1/12/2016  5:48 PM,en,0,0,0.7777
schmidtcity,1169,6.8695788E+017,"Love dune buggies, but u're stuck in the urban jungle? Get yourself a Toyota Kikai! #NAIAS2016 https://t.co/lKNPDlnqBq",dealership ad,1/12/2016  5:08 PM,en,0,0,0.1007
nemerford,100,6.8673639E+017,"The Batkas love their new Toyota Camry already, congratulations.  Thank you for working with Scott Canfield .... https://t.co/WMxJw7mOYn",dealership ad,1/12/2016  2:28 AM,en,0,0,0.891
FrontierToyota,794,6.8669158E+017,Your phone will love it's home sweet home in the 2016 Toyota Camry. https://t.co/J3HL6ymqyw,dealership ad,1/11/2016 11:30 PM,en,0,1,0.802
StadiumToyota,1379,6.8668402E+017,Take a more in-depth look at the 2016 Toyota Camry Hybrid. This is one great vehicle that you are sure to love.... https://t.co/dNCUHbkltl,dealership ad,1/11/2016 11:00 PM,en,0,0,0.7506
Samuraaiii,387,6.8968045E+017,My bosses Toyota&gt,driver,&gt,my BMW it's push start all the bomb features. I love my car for my first car but I want a 2017 car already,1/20/2016  5:26 AM,en,1
LuvLadders,1416,6.8917825E+017,Samuel L. Jackson Drives a Toyota Camry in Beverly Hills: Jackson was spotted behind th... https://t.co/oKZegddmpf https://t.co/7c2n6smTM0,driver,1/18/2016  8:11 PM,en,0,0,0
babs721,177,6.8892118E+017,@BetteMidler the Chinese love Toyota mini vans,driver,1/18/2016  3:09 AM,en,0,0,0.6369
TaylorAttack14,77,6.8886856E+017,I love making people mad that drive Toyota's,driver,1/17/2016 11:40 PM,en,0,0,0.25
h_melv,215,6.887451E+017,"Just saw a bumper sticker that said ""I love my Honda"" on a Toyota. happy Sunday‚úåüèªÔ∏è",driver,1/17/2016  3:30 PM,en,0,0,0.836
Earsiq_Radkeys,378,6.8845706E+017,"I just got cut off by a Toyota Corolla, it's a sign that these chickens love soda.",driver,1/16/2016  8:25 PM,en,0,0,0.4767
DirtbagCHS,184,6.8787081E+017,White people love to name their kids after rejected Toyota hatchback models #Zander #Ainsley,driver,1/15/2016  5:35 AM,en,0,1,0.2263
tapemachines,1223,6.8780703E+017,One thing I love to do: give THE FINGER to people who drive by my house with too much shitty bass in their assed out Toyota Camrys,driver,1/15/2016  1:22 AM,en,0,2,0.1531
Bane_Jnr,1010,6.8774337E+017,"Africans love Toyota, I swear",driver,1/14/2016  9:09 PM,en,0,0,0.6124
abbieneal2,489,6.8773265E+017,@Fruity_Fergie üòÇüòÇüòÇüòÇ in the toyota prius love itttt,driver,1/14/2016  8:26 PM,en,0,1,0.6369
chaseperkins22,130,6.8770442E+017,"Love the bumper stickers that say ""the 99%"" pshhh like i couldnt tell by your toyota  Yaris that you arent a billionaire",driver,1/14/2016  6:34 PM,en,2,0,0.7717
Sofie_Lovee,1081,6.8711221E+017,"Africans, especially Nigerians love their Toyota, Honda, Lexus, Acura, Nissan, &amp; Madza...",driver,1/13/2016  3:21 AM,en,1,1,0.6682
Passeriform,592,6.8816711E+017,Why Rebel Groups Love the Toyota Hilux https://t.co/I4nSrc0cw3 @greatdismal,isis,1/16/2016  1:13 AM,en,0,0,0.5574
LuvLadders,1416,6.8964377E+017,"BMW Z4 Replacement Spied, Likely Based On Platform Shared With Toyota: BMW is currently... https://t.co/nB2JFd9c1X https://t.co/7c2n6smTM0",other company,1/20/2016  3:01 AM,en,0,0,0.34
LuvLadders,1416,6.8931087E+017,BMW Z5 First Spyshots: Why BMW Plans to Reinvent the Sportscar with Toyota: We've been ... https://t.co/RKetoIF0Js https://t.co/7c2n6smTM0,other company,1/19/2016  4:58 AM,en,0,0,0
ALYCIACALLME,5207,6.8837739E+017,i love alycia and mercedes' friendship i'm glad alycia's hanging out with mercedes cause i didn't like toyota,other company,1/16/2016  3:08 PM,en,23,68,0.8398
Route44Toyota,399,6.8957439E+017,We love this comedy group's sketch about a movie filmed entirely with a #Prius backup camera! https://t.co/mlsbeTdtPY,prop,1/19/2016 10:25 PM,en,0,0,0.8109
think5577,1591,6.8951018E+017,"Thinking wrong about filmmaking. Love this! ""Finally, A Movie Shot Entirely On a Toyota Prius Backup Camera"" https://t.co/P5SRXxKc5D",prop,1/19/2016  6:10 PM,en,0,0,0.3382
bigantvideo,3626,6.8910591E+017,I would love to see the next #Marvel film shot on a Toyota Prius backup camera! https://t.co/XE6OnJFGrH,prop,1/18/2016  3:23 PM,en,1,1,0.6696
JLMdirect,1854,6.8858395E+017,"Lol love this! #scarves üòú - Finally, A Movie Shot Entirely On a Toyota Prius Backup Camera https://t.co/cExgo0dUOR",prop,1/17/2016  4:49 AM,en,0,0,0.807
nat_nat0412,6,6.8838807E+017,My natmobile and the Knight Rider! @Toyota and @mitsucars for life!!! I love these two!!!! They are awesome!!! https://t.co/ykyMoq64g3,prop,1/16/2016  3:51 PM,en,0,0,0.8877
_jasonjohnson__,94,6.8760608E+017,Love Dimension W. It's 2071 and the main character drives a 1960's Toyota 2000GT. üòÇüëåüèª,prop,1/14/2016 12:03 PM,en,0,0,0.6369
t0759,359,6.8993591E+017,"@ToyotaRacing @dnlsuarez @Toyota I'm expecting great things from Daniel this year. Great personality,driver, and happy. Love him.",racing,1/20/2016 10:21 PM,en,0,0,0.9524
TheRealBudwah,351,6.8993031E+017,@jim_utter @NASCAR @Motorsport Id love to see these crate motors just kick the üí© out of the toyota motors this season.,racing,1/20/2016  9:59 PM,en,0,0,0.6369
24elliott24,34,6.8979734E+017,@NASCARonNBC @Monte241  hope not  love seeing Ford and Toyota living the track on a hook,racing,1/20/2016  1:11 PM,en,0,0,-0.12
m_mediouni,1954,6.8972866E+017,@darkhorsehuxley doing he's thing last year at @ukbdc round 4 love this car! #Toyota #Celica #drift #forge #sr20 #t‚Ä¶ https://t.co/Md7gB2Zi,racing,1/20/2016  8:38 AM,en,0,0,0.6696
MaryJrNation88,1499,6.8961977E+017,@17Jeni20 People saying they love Truex but won't support him in a Toyota really makes me sick.,racing,1/20/2016  1:25 AM,en,0,0,-0.7297
jrisgr88,1350,6.895526E+017,@SoCalRaceGirl14 @MartinTruex_Jr @FR78Racing @BassProShops Love Truex hate Toyota oh well can't root for him this yr,racing,1/19/2016  8:58 PM,en,0,0,0.3818
StephanDolk,17,6.8875639E+017,"@TheRealGiniel @dakar @dailymotion would love to see a min 1 hour documentary of team SA toyota of the 2016 dakar with in car, comments etc",racing,1/17/2016  4:14 PM,en,0,0,0.6369
jmpina79,12,6.8805782E+017,"@TheRealGiniel  Thanks for letting us have respect for another year of your participation in the Dakar, I love the sound of your toyota !!",racing,1/15/2016  5:59 PM,en,0,0,0.8953
955MMJ,1121,6.877177E+017,@AzSportsGirl63 @Toyota @ToyotaRacing love the color üòé,racing,1/14/2016  7:27 PM,en,0,0,0.6369
ChouraEvents,492,6.8742587E+017,We love being a part of the Toyota Grand Prix of Long Beach,racing,1/14/2016 12:07 AM,en,0,0,0.802
Richardm_jbaus,280,6.8995786E+017,Got to love the buzz of Peel st @TCMF_Official .. And getting the @Toyota_Aus festival hats @McGrathFdn great cause. https://t.co/QakJxNORw6,yes,1/20/2016 11:49 PM,en,0,0,0.91
toyota_kamry,265,6.8994897E+017,Grow a backbone and stick to those guns you love so much if it's so damn important to you.,yes,1/20/2016 11:13 PM,en,0,0,0.419
ToyotaGB,42658,6.8992303E+017,"@SCWorks_media Indeed! We have a lot of love for AE86 too. In fact we own one. D Reg, 40,000 miles, mint condition: https://t.co/qazg2hfcjs",yes,1/20/2016  9:30 PM,en,0,0,0.6696
WBEZ,88649,6.8982535E+017,Benjamin donated his 2007 Toyota to WBEZ. Your old car can support the station you love! Visit https://t.co/wBkuBEPKwi for more info.,yes,1/20/2016  3:02 PM,en,0,3,0.8016
StadiumToyota,1379,6.8959445E+017,Toyota asks a panel of travel experts what they love about traveling alone. If you could go anywhere in the world... https://t.co/AiMvlvhlfg,yes,1/19/2016 11:45 PM,en,0,0,0.4939
m_mediouni,1954,6.8956936E+017,Love that my car is slowly coming along üòáü§òüèª#trd #toyota #tc #ft86_daily #ft86speedfactory #rwd #race #rawdriving #f‚Ä¶ https://t.co,yes,1/19/2016 10:05 PM,en,0,0,0.6369
TaiDollas,1078,6.8956528E+017,got a love tap from a white toyota camry,yes,1/19/2016  9:49 PM,en,0,0,0.6369
jayneewolff,117,6.8953407E+017,I love this photo so so much. toyota_corona https://t.co/MjDWGG1Vn2,yes,1/19/2016  7:45 PM,en,0,0,0.6369
Morten_S_Jensen,564,6.8952152E+017,"In regards to Love - Talent clearly warrants contract, but Cavs overpaid for the production they needed. Needed Toyota, bought Ferrari.",yes,1/19/2016  6:55 PM,en,0,1,0.6542
ANativeAngeleno,362,6.8950211E+017,"Former CaFCP staff member, now at @Toyota, describes her love affair with cars and #fuelcell tech. https://t.co/uOJem7lW0P @cafcp",yes,1/19/2016  5:38 PM,en,2,1,0.6369
hwonseepurress,227,6.8949847E+017,The Toyota I'm at for my car's safety recall is playing HGTV. I love hearing rich yuppies complain about mansions.,yes,1/19/2016  5:23 PM,en,1,0,0.872
JHToyota,458,6.8947584E+017,@TheShaylaEm We that isn't a Toyota... are you sure you love it?,yes,1/19/2016  3:53 PM,en,0,0,0.7579
Alaraipek9944,181,6.894444E+017,If you love edits of this cutie go follow @whimsicalumhood bc janeth from Toyota ... (Vine by Idiotic rockers) https://t.co/VVefoAnPsa,yes,1/19/2016  1:48 PM,en,0,0,0.5385
madtyger,387,6.8935672E+017,I love Japan. https://t.co/uxsubFGRK9,yes,1/19/2016  8:00 AM,en,0,0,0.6369
Jacckboyz,948,6.8928672E+017,Will got this lil crush that work w us at Toyota really never knew he was the type to fw dark skins but ig he love him some chocolate,yes,1/19/2016  3:22 AM,en,0,0,0.7579
KetteringU,6133,6.8926607E+017,"""I just fell in love w/ taking something apart &amp; putting it together‚Äù -Jackie Birdsall '07 https://t.co/k19xQdNcN0 https://t.co/vr89QL",yes,1/19/2016  2:00 AM,en,0,2,0.6369
TobyTheTester,1038,6.8920191E+017,"Anyone implemented Mike Rother/Toyota Improvement Kata? If so, I'd love to pick your brains #help",yes,1/18/2016  9:45 PM,en,0,0,0.8166
Dark_Derek,759,6.8917677E+017,A labour of love. My 'Betty Boop' decal on the 1998¬†Toyota Supra RZ. @ForzaMotorsport #Forza6 #XboxOne https://t.co/92UPAGjgmm,yes,1/18/2016  8:05 PM,en,0,0,0.6369
WolfChaseToyota,1214,6.8914522E+017,A regular Picasso visited our dealership and left us this masterpiece. We love it! #Toyota https://t.co/QZTT7iRN8A,yes,1/18/2016  5:59 PM,en,1,0,0.8851
QueenToniKisses,1481,6.8914156E+017,@Toyota_CAMRYx3 and bitches love hood niggas wit ambition,yes,1/18/2016  5:45 PM,en,0,0,-0.2732
Toyota_CAMRYx3,942,6.8914003E+017,niggas love pretty bitches wit ambition,yes,1/18/2016  5:39 PM,en,1,0,0.2732
diahrum,1713,6.8899293E+017,"happy birthday once again, we love you! üòÇüòÇüíúüíï (with benny at PT. Liek Motor Toyota - Head Office) [pic] ‚Äî https://t.co/dvJAww2A",yes,1/18/2016  7:54 AM,en,0,0,0.8478
Toyota_CAMRYx3,942,6.8894088E+017,@QueenToniKisses they don't love you,yes,1/18/2016  4:27 AM,en,0,0,-0.5216
kelseahammons,1276,6.8893143E+017,If you don't love smoking to Mary 3X and Toyota Music....,yes,1/18/2016  3:50 AM,en,0,2,-0.5216
aprillaney0316,19,6.8883079E+017,"Wow, I love @Listia! I just won this for free, HTF 2016 HOT WHEELS Toyota Supra on Snowflake card https://t.co/WTepZuPZIe",yes,1/17/2016  9:10 PM,en,0,0,0.9459
TEB2350,3268,6.8882969E+017,@bravo_rhony @RHO_TWEETS I love how the Toyota keychain had Steven's DNA on it but no one else's......  How was Teresa DNA not on it,yes,1/17/2016  9:06 PM,en,0,2,-0.0516
kristkevj,100,6.8881179E+017,"@mnwild @Toyota @MarcoScandella love these shows, Marco you are first class person #wild#6",yes,1/17/2016  7:55 PM,en,0,0,0.6369
adultblackmale,2457,6.8881065E+017,"@HotEnoughForYa üéâüéâüéâüéâüéâüéâ time to get drunk and DM ""I love too spare the air"" to Toyotaüéâüéâüéâüéâüéâ",yes,1/17/2016  7:50 PM,en,0,3,0.4215
PaulTorque,87,6.8878347E+017,Still one of our favourite stories! https://t.co/wigM43Vedu,yes,1/17/2016  6:02 PM,en,0,0,0
nevereverDave,663,6.887566E+017,How I do love the #TokyoTower glimpsed in #YouOnlyLiveTwice the #Toyota sports car is now almost priceless &amp,yes, #NancySinatra sings title.,1/17/2016  4:15 PM,en,0,0
benjaminjriley,3955,6.8873356E+017,"Not sure ""love"" led to Toyota's reliability, but an interesting read.  https://t.co/D4bvdFyV0l",yes,1/17/2016  2:44 PM,en,0,0,0.6369
allison_forbes,209,6.8861982E+017,It's nearly here! So much love from these 2 for tonight's Toyota Star Maker finals.....lets do‚Ä¶ https://t.co/ewbrm9bu7T,yes,1/17/2016  7:12 AM,en,0,0,0.6975
destinyj3212,16,6.8860237E+017,@TamarBraxtonHer @Toyota_CAMRYx3 yes u love him,yes,1/17/2016  6:02 AM,en,0,0,0.7845
Toyota_Preius,308,6.885782E+017,I get way to excited watching football. I love it,yes,1/17/2016  4:26 AM,en,0,0,0.765
ApexToApex,626,6.885527E+017,"Oh, STFU ABC and your Toyota paid ""people love sports but go the extra mile"" bullshit.",yes,1/17/2016  2:45 AM,en,0,0,-0.5574
ittatto23,993,6.8847768E+017,@scifigeekpete @TheWorksStores I absolutely love your Corgi YOLT Toyota GT2000 model car!,yes,1/16/2016  9:47 PM,en,0,1,0.6989
deecarri,124,6.8833377E+017,Still one of our favourite stories! https://t.co/Ar2cI01nK9,yes,1/16/2016 12:15 PM,en,0,0,0
Quahneet,41,6.8827928E+017,JDM rims love em' all. #JDM #toyota #honda #mazda #nissan #ke70 #lowlife #wishlist https://t.co/eSMKPuwQRv,yes,1/16/2016  8:39 AM,en,0,0,0.6369
toyota_kamry,265,6.8819612E+017,I love the aesthetic of the video though.,yes,1/16/2016  3:08 AM,en,0,0,0.6369
sabrinahgrace,101,6.881389E+017,"All you need is a Toyota highlander full of people you love but can't stand, some junk food, and N.W.A. @1Smgrace @wkd_54 @BilbreyAlayna",yes,1/15/2016 11:21 PM,en,1,0,0.3818
SethLSanders,744,6.8813758E+017,"@mirahwood @wandrngscholar @StuntBirdArmy that's a huge recommendation: bad theology, morals &amp; politics, good truck https://t.co/bZQNLr9",yes,1/15/2016 11:15 PM,en,0,1,0.1779
H08Zpaik,40,6.8812686E+017,@Toyota_Aus love it,yes,1/15/2016 10:33 PM,en,0,0,0.6369
GatorlandToyota,159,6.8811849E+017,Time to show your car some love with this month's parts and service specials!  - https://t.co/RBcm39hTTa,yes,1/15/2016 10:00 PM,en,0,0,0.6696
ashfordwest18,8,6.8809685E+017,@Radiomattrick I would love to meet you &amp,yes, your family where re you going to be tonight at Toyota Center?,1/15/2016  8:34 PM,en,0,1
Toyota_CAMRYx3,942,6.8805891E+017,Keke Wyatt- Fall In Love &gt,yes, üòã,1/15/2016  6:03 PM,en,0,0
b_fearron,131,6.8805167E+017,@Toyota @vagabrothers  many benefits of JESUS/YESHUA teaching based on mosaic laws title You Must Love Your Neighbor https://t.co/w4jy53zYHR,yes,1/15/2016  5:34 PM,en,0,0,0.7783
Knight1John,3,6.8799237E+017,#toyota I love pizza...umming,yes,1/15/2016  1:38 PM,en,0,0,0.6369
Knight1John,3,6.8798969E+017,#toyota Chinese I love love...like,yes,1/15/2016  1:28 PM,en,0,0,0.6369
Knight1John,3,6.8798897E+017,#toyota Ice Cream I love love...like,yes,1/15/2016  1:25 PM,en,0,0,0.6369
Knight1John,3,6.8798883E+017,#toyota Mediterranean food love..love...like,yes,1/15/2016  1:24 PM,en,0,0,0
Knight1John,3,6.8798866E+017,#toyota American food love...love ..like,yes,1/15/2016  1:24 PM,en,0,0,0
AnIceCreamCone,1157,6.8795801E+017,Love to find pics of me! (not my pic) Ice cream hangs #nissan #gtr #toyota #chaser #110 #r32 #yamaha #r6 #icecream #friends,yes,1/15/2016 11:22 AM,en,0,0,0.6696
derekwsteele,280,6.8785499E+017,Thank goodness I'm a 1993 Toyota Corolla because I love mozzarella sticks https://t.co/w6tZV6H1Tl,yes,1/15/2016  4:33 AM,en,0,0,0.8658
DaleRussellFox5,4289,6.8784035E+017,Didn't you love the SOTU pick up truck imagery. Poor Toyota.  https://t.co/aIXy45UMKA,yes,1/15/2016  3:34 AM,en,0,0,-0.7556
WritersUSA,458,6.8778839E+017,No1TheEssence : Today I went to some awesome special training today for Autonation and Toyota. I love these 2‚Ä¶ ‚Ä¶ https://t.co/St8aXfKCO0,yes,1/15/2016 12:08 AM,en,0,0,0.9001
No1TheEssence,598,6.8778825E+017,Today I went to some awesome special training today for Autonation and Toyota. I love these 2‚Ä¶ https://t.co/VCvvmZSDTo,yes,1/15/2016 12:07 AM,en,0,0,0.9001
KRuhling,126,6.8778252E+017,@ringofhonor 10 years of social media and Internet marketing/sales experience in Toyota sales. I would love to come work for you!,yes,1/14/2016 11:45 PM,en,0,1,0.6696
njnhlguy,72,6.8775191E+017,@RorySpecia @SyracuseCrunch @Toyota these are great sweaters!!! Love the throwback. Sure to be an amazing night at the WMC!,yes,1/14/2016  9:43 PM,en,1,1,0.9483
lyonsdigital,1043,6.8774123E+017,I love mine.  https://t.co/VdeSI3FJo8,yes,1/14/2016  9:01 PM,en,0,0,0.6369
_shekhar_menon_,121,6.8763204E+017,". @Car_Trade love storm troopers much, eh @Toyota",yes,1/14/2016  1:47 PM,en,0,0,0.6369
HarperWallace1,42,6.8757693E+017,Grad humanist raps his dearly love to versus spellbinding an 2012 toyota corolla: BzMy,yes,1/14/2016 10:08 AM,en,0,0,0.7906
cbarlow27,5,6.8754007E+017,@TheEddChina huge fan of @Wheeler_Dealers. Would love if he could rebuild my 87 Toyota Supra Turbo. Love his work.,yes,1/14/2016  7:41 AM,en,0,0,0.9186
KCJO38824,1235,6.8750952E+017,@Jhawke1993 yes I sure am &amp,yes, like @MartinTruex_Jr understand he went 2 Toyota for $ but not happy about it also love Chase E -,1/14/2016  5:40 AM,en,0,0
SFbayClassified,656,6.874649E+017,"#sfbaybarter 1983 Toyota pickup for trade or $: I would love to trade my truck with a legal car that works, I ... https://t.co/PpFPHq2y9q",yes,1/14/2016  2:43 AM,en,0,0,0.4939
madeforamiracle,197,6.8742724E+017,Hey @Toyota we all LOVE our #swaggerwagons ...help sponsor us at @LLRMH Walk For Kids in March!! #Madeforamiracle #BoothSponsors,yes,1/14/2016 12:13 AM,en,0,0,0.7592
lolliepop8oh8,60,6.8740131E+017,@Toyota_Makoto I felt like it was such a fun show! Reminded me of high school! Would love to make the brown derby myself one day!,yes,1/13/2016 10:30 PM,en,0,0,0.8974
ServproCarWash,929,6.8738318E+017,@Pshykman we are at 437 36 ave SE - just off Macleod near Heninger Toyota! We'd love to see you &amp,yes, are open 7 days a week 6 AM to 10 PM,1/13/2016  9:18 PM,en,0,0
shenoadiamonds,2077,6.8737367E+017,"@Toyota The season of #love is upon us! #ValentinesDay is sooner than you think hint, hint make it #unforgettable https://t.co/oCPCQstNVf",yes,1/13/2016  8:40 PM,en,0,0,0
rossi250gto,83,6.8737008E+017,"@DougDeMuro Love the article and totally agree with it. Just for funsies, why did you buy an Aston Martin and not a Toyota Prius?",yes,1/13/2016  8:26 PM,en,0,0,0.7902
Simplyy_Kiondra,1782,6.8736019E+017,@Toyota_CAMRYx3 - Don't front like you don't love me.,yes,1/13/2016  7:46 PM,en,0,0,-0.6681
obtusetweets,147,6.8735652E+017,OTA! n_williams21 : I love the snow but seeing the truck coated in salt kills me #tacoma #toyota #liftedtrucks @‚Ä¶ ‚Ä¶ https://t.co/Hjslw5U,yes,1/13/2016  7:32 PM,en,0,0,-0.5334
ashleeeygarcia,359,6.8735432E+017,Saw the most beautiful man I've ever seen in my entire 19 years of life at the Toyota dealership I'm in love,yes,1/13/2016  7:23 PM,en,0,1,0.8553
n_williams21,339,6.8735267E+017,I love the snow but seeing the truck coated in salt kills me #tacoma #toyota #liftedtrucks @‚Ä¶ https://t.co/m6jhdRa9U2,yes,1/13/2016  7:17 PM,en,0,0,-0.4854
PattyWheeler12,390,6.8733816E+017,@ClintBowyerAuto @Toyota I love veterans,yes,1/13/2016  6:19 PM,en,0,1,0.6369
WesternToyota,606,6.8725875E+017,Lined up ready for the media....who will just Love #Hybrid.  #TryAHybrid today at Western Toyota in Edinburgh &amp,yes, Fife https://t.co/cgv1oV,1/13/2016  1:03 PM,en,0,0
brennon_dale,119,6.8715872E+017,"Manitowoc cops can see a Toyota Rav4 in a huge junkyard, but can they see why kids love the cinnamon-sugar taste of Cinnamon Toast Crunch?",yes,1/13/2016  6:26 AM,en,1,1,0.8151
toyota_tevin,112,6.8712617E+017,Today I attempted to rekindle my love for Christian rap...üôèüèΩüòÇ,yes,1/13/2016  4:17 AM,en,0,2,0.6369
Toyota_CAMRYx3,942,6.8711893E+017,call me crazy but I think I found the love of my life,yes,1/13/2016  3:48 AM,en,0,0,0.7269
DavinCaruso,785,6.8708296E+017,Love getting stuck In the road -.- Toyota problems,yes,1/13/2016  1:25 AM,en,0,0,0.128
MsDaciaJ,189,6.8708189E+017,"I would love to give a -1 star review of the service received here, but @Yelp only allows 1 https://t.co/J925zPNcwK",yes,1/13/2016  1:21 AM,en,0,0,0.3818
veganjourno,396,6.8706734E+017,"@planetjedward I love u guys! thank u for an awesome day! ask Lauren Toyota for Vegan recipes and advice, she rocks :D",yes,1/13/2016 12:23 AM,en,0,0,0.947
storm_jennings,30,6.8704902E+017,@ChuckBell4 @Reagan_Airport yes the winds were pushing me across the road #SUV @Toyota love them.,yes,1/12/2016 11:10 PM,en,0,0,0.7845
mlncrs,411,6.8700035E+017,love that @YesJulz went for toyota like yall swore she was goin for the benz but shes keepin it real,yes,1/12/2016  7:57 PM,en,0,1,0.5187
EtheWHITAKER,172,6.8697371E+017,@KristofurFox @Vanos_Sheppy Lololol! The only Toyota I love to hate on.,yes,1/12/2016  6:11 PM,en,0,1,0.2003
SmsGuildford,689,6.8694251E+017,@lexuspilot @Toyota @LibertyToyota @AlamoToyotaSA @BoscoJl65 @Aventurero64 @NoeRastrero @corozco7872 @pedrodolar13 @Zeroto60Times Love it:-),yes,1/12/2016  4:07 PM,en,0,5,0.6369
NardVillacorta,1288,6.8684933E+017,Love and a Toyota 86 https://t.co/gp7TUfgfZI,yes,1/12/2016  9:56 AM,en,0,1,0.3818
Jorge2SAUCY,815,6.8680628E+017,if I didn't drive a Toyota Yaris would you still love me ?,yes,1/12/2016  7:05 AM,en,0,0,0.6369
madelynxox_,567,6.8677278E+017,"@kusd I have a Toyota Corolla 97 who hates winter &amp;seems to hit a curb everytime it snows,I would love if u cancel school b4 I break my",yes,1/12/2016  4:52 AM,en,0,5,0.0772
doyougbr,24,6.8676661E+017,Anyone that knows me knows I LOVE this! #LS400 #bippu #slammed #white #lexus #vip #celsior #toyota https://t.co/5cLnhgKMAN,yes,1/12/2016  4:28 AM,en,0,0,0.7371
toyota_tevin,112,6.8673883E+017,"""Grandma I'm broke"". Gives me 10 dollars üíØ. I love my grandma so much",yes,1/12/2016  2:37 AM,en,0,1,0.6369
Ramey_Toyota,359,6.8668169E+017,@wdud009 Haha gotta love it! Good pic!,yes,1/11/2016 10:50 PM,en,0,0,0.893
rdouthit,337,6.8666204E+017,Love. My. Job. #carsofinstagram #toyota #snow #hoon https://t.co/azm18t7Ztr,yes,1/11/2016  9:32 PM,en,0,0,0.6369
