muttbag,243,7.0605869E+017,@Toyota_Aus i love ur advert very funny :-),ad,3/5/2016 10:08 AM,en,0,0,0.8742
megan_hayes,4177,7.0584125E+017,Love it! #yoda #toyota https://t.co/nz83T5GEIY,ad,3/4/2016  7:44 PM,en,0,1,0.6696
manfresi,989,7.0582529E+017,Man I love that Toyota Hilux commercial.,ad,3/4/2016  6:40 PM,en,0,0,0.6369
cherylj24,522,7.0576606E+017,#toyota please for the love of god stop serving me this ad on #spotify #soannoying https://t.co/zHJp1jSljP,ad,3/4/2016  2:45 PM,en,0,1,0.7506
Ravn987,15,7.0560829E+017,"@anna_train You are gorgeous in that Toyota commercial! Didn't know you were also in Frankenstein MD, which I love! https://t.co/o8no87FKMV",ad,3/4/2016  4:18 AM,en,0,1,0.8684
Antwann_,368,7.055638E+017,Swear i LOVE @Toyota 's commercial with the Camry üòÇüòÇ,ad,3/4/2016  1:21 AM,en,0,1,0.694
billmossburg,131,7.0553267E+017,I love #Toyota cars but that #prius ad campaign is going to piss off the cops who might write extra tickets to prison drivers,ad,3/3/2016 11:17 PM,en,1,0,-0.7506
love_me_avenue,763,7.0478591E+017,That Toyota advert can go do one.,ad,3/1/2016  9:50 PM,en,0,1,0
TheMaxMiller,602,7.0469955E+017,@Ewing_Jameson I'd love to see Toyota's wind tunnel piano with the DB11,ad,3/1/2016  4:07 PM,en,0,0,0.6369
TyrMactire,98,7.0443295E+017,"I love that the @Toyota Prius commercial starts with ""you can't make this stuff up"". Advertising is entirely lies. You made it up. LOL",ad,2/29/2016 10:27 PM,en,0,0,0.6848
Sun_Toyota,562,7.0442129E+017,"In honor of ""Leap Day"" how about a classic Toyota commercial featuring the ""I love What You Do For Me"" Toyota leap! https://t.co/jmCFJxBIqI",ad,2/29/2016  9:41 PM,en,0,0,0.8268
MarkShep_Lcfc,365,7.0440843E+017,"Love the Toyota advert, just because of the thought of Bowie and Shrek",ad,2/29/2016  8:50 PM,en,0,0,0.6369
Matt2Harrington,850,7.0403088E+017,I'd love to know the song in the Toyota Tacoma commercial,ad,2/28/2016  7:50 PM,en,0,0,0.6369
tybibifebab,4102,7.0378882E+017,Toyota's Tacoma TRD Pro is a truck Marty McFly would love    https://t.co/AVi1N3jriH https://t.co/lNj8JaEFow,ad,2/28/2016  3:48 AM,en,0,0,0.6369
armyofmike,229,7.0377305E+017,"Toyota marketing exec: ‚Äúok try this..let‚Äôs have the dude from True Blood rob a bank and steal a Prius, then hire extras to love that shi",ad,2/28/2016  2:45 AM,en,0,0,0.0516
PunaniGuru69,507,7.033403E+017,"Toyota did a viet ad, dis why I love Toyota. I love you @Toyota",ad,2/26/2016 10:06 PM,en,0,1,0.8555
kevinashworth,886,7.0333829E+017,"Love me some HECK ON WHEELS still! / Toyota Prius Super Bowl 2016 TV Spot, 'Heck on Wheels' - https://t.co/HSJVuKK4MJ #ispottv",ad,2/26/2016  9:58 PM,en,0,0,0.8553
MrDeads28,326,7.0333047E+017,"So based on @Toyota new commercial, it's totally okay to rob a bank in their Prius bc people will love you &amp; cops won't catch you? ü§î#",ad,2/26/2016  9:27 PM,en,0,3,0.3673
ToyotaElCajon,1471,7.0331494E+017,Why we love Toyota watch the video https://t.co/BuaBXF3EJ6 #ToyotaNation #Toyota,ad,2/26/2016  8:25 PM,en,1,0,0.6369
amylee926,73,7.0302233E+017,"Am I the only one who doesn't love ""Jan"" from #Toyota commercials?",ad,2/26/2016  1:02 AM,en,0,0,-0.5216
jaclynn_9,225,7.0301027E+017,@brookieccb I love that Toyota commercial,ad,2/26/2016 12:14 AM,en,0,1,0.6369
christyblanch,2044,7.0287155E+017,@Toyota This is a cool commercial. And I love my Prius!!!!,ad,2/25/2016  3:03 PM,en,0,0,0.8257
ash_lav,219,7.0270128E+017,Oh MAN do I love the sobotka Toyota commercial.,ad,2/25/2016  3:46 AM,en,0,0,0.6369
N_Y_realness,11,7.0268312E+017,"I love this! @Toyota new #Prius commercial: 4 bank robbers, 3 of which are the Sobotka's from #TheWire #nick #frank #ziggy",ad,2/25/2016  2:34 AM,en,0,0,0.6696
ElbeFanatic,137,7.0266265E+017,"""To catch a #Prius you got to be a #Prius"" - Great one @Toyota Love your ads a lot!",ad,2/25/2016  1:13 AM,en,0,0,0.8622
GlennCrockford,125,7.0608208E+017,Love the look of the Toyota CHR....Top 10 cars launched at Geneva 2016 you should get excited about https://t.co/vxNP8l2Gsm @MailOnline,car,3/5/2016 11:41 AM,en,0,0,0.7964
laura_kayt,91,7.0607101E+017,I just drove a 2.2 litre Toyota Rav 4 and i'm in love üöôüíû #toyota #rav4,car,3/5/2016 10:57 AM,en,0,0,0.6369
jnkjlezv,2933,7.0592504E+017,@ToyotaRoswell never owned a Toyota but love the look of the Avalon hybrid :),car,3/5/2016  1:17 AM,en,0,0,0.8957
hanabanaboo,146,7.0588136E+017,Love at first sight üôàüôàüíúüíúüöóüöó @Toyota #ToyotaCHR #ToyotaGeneva #AutoExpo2016 https://t.co/34Stpt6Ox1,car,3/4/2016 10:23 PM,en,0,1,0.6369
stefmcguire,536,7.058783E+017,Is it weird I still love my 11 year old car?? #toyota https://t.co/1uPboRbrWc,car,3/4/2016 10:11 PM,en,0,1,0.594
kali_iatrou,388,7.0585152E+017,@UnionParkBMW yeah idk I love my Toyota so I would definitely go back with the same car I had! Toyota Corolla,car,3/4/2016  8:24 PM,en,0,0,0.8508
NewmarketToyota,702,7.0582061E+017,Friday's finally here! Wouldn't you guys love to drive this car? #Toyota #GT86 https://t.co/S896UDgbnY,car,3/4/2016  6:22 PM,en,0,0,-0.5661
AAlasondro,73,7.05719E+017,I love driving. I still drive a 1993 Toyota Camry. I do want to get an elec... #JoshFox #quotation https://t.co/DV0DEilujg,car,3/4/2016 11:38 AM,en,0,0,0.6705
a1_auto1,63,7.0571524E+017,That's the #Toyota #Hilux we all love and remember: https://t.co/Zr6UYpADOq,car,3/4/2016 11:23 AM,en,0,0,0.6369
Juunglej,3334,7.0561264E+017,"I really love that my 1996 Toyota Camry only has 64,500 miles on it üò≠üò≠üò≠ https://t.co/PaHLsRFFcB",car,3/4/2016  4:35 AM,en,0,1,0.6697
itsmejunmo,11,7.0554753E+017,I love this #ToyotaCHR #toyota #car https://t.co/Txerc4qCaT,car,3/4/2016 12:16 AM,en,0,1,0.6369
NickWMpls,375,7.0552518E+017,"@LanceTheDriver1 @Toyota Perhaps a new Land Cruiser? all new for 2016! ...I love mine, they last forever!",car,3/3/2016 10:48 PM,en,0,0,0.6988
nwbailey5,128,7.0552187E+017,Love my car #toyota #pruis https://t.co/9l53KTnM0w,car,3/3/2016 10:34 PM,en,0,0,0.6369
abrahamjba1,12,7.0551293E+017,@Toyota  I love Toyotas but you guys really messed up on the new Prius it looks so terrible probably ugliest car I seen since PT Cruiser,car,3/3/2016  9:59 PM,en,0,0,-0.9328
ltis1,20,7.0551265E+017,@WLFHNTER @Toyota it was :) love it :),car,3/3/2016  9:58 PM,en,0,1,0.8807
alastairfrance,188,7.0548334E+017,@AutoPap I love an old Toyota... I'm about to sell mine though üò≠,car,3/3/2016  8:01 PM,en,0,0,0.6369
Abby_Skeldon,722,7.0546257E+017,Actual in love with the new Toyota aygoüòçüò•,car,3/3/2016  6:39 PM,en,0,0,0.6369
SteetToyotaJG,48,7.0542122E+017,We love #Toyota Trucks. #TBT #LetsGoPlaces https://t.co/ImvNj1N3F1,car,3/3/2016  3:55 PM,en,0,0,0.6369
JayGoonetilleke,372,7.0535423E+017,I love #toyota 2016 with fully load navigation system + love to listen to @HowardStern  https://t.co/ZYbkJ77Cub,car,3/3/2016 11:28 AM,en,0,0,0.8555
Jackson_love_97,64,7.0532169E+017,Toyota C-HR ‚Äì production HR-V rival officially unveiled https://t.co/pFFsOWxQfa,car,3/3/2016  9:19 AM,en,0,0,0
DBDAN61,99,7.0527888E+017,@Edmunds_Test @Toyota I love spotting these all over LA. It's always fun even when they're dead giveaways. #CarJunkie,car,3/3/2016  6:29 AM,en,0,0,0.4939
thealso,766,7.051998E+017,@wee_baldy_ian I have a secret love for the Toyota Avensis. Ive found that no one has ever driven a brit made Japanese car to Japan overland,car,3/3/2016  1:15 AM,en,0,0,0.4588
CotsonasTheo,285,7.0516644E+017,I love all of Dr. Dhillon's old Toyota 4x4s,car,3/2/2016 11:02 PM,en,0,0,0.6369
ElizQueen__,7535,7.0510959E+017,"Toyota Rav4 is the car i love, Toyota camry is the car that loves me https://t.co/IGTsAF7LyT",car,3/2/2016  7:16 PM,en,0,0,0.836
Nuh_Ordinary,1849,7.0505655E+017,@AJ_Phx I love my Toyota and my no car payments . People who make way less than me keep telling me that I need a new car,car,3/2/2016  3:45 PM,en,0,0,0.4588
ShultsToyota,134,7.0501877E+017,"SPIED: Toyota C-HR, @Toyota's latest SUV. We think we're in love https://t.co/58nWEGwdrQ @autocar #Toyota #GreenEnergy",car,3/2/2016  1:15 PM,en,0,0,0.6369
BasketsByJill,1425,7.0496444E+017,"@Toyota my 15 yr old 4 runner 115,000 miles got hit last night. Devistated as I love my #Toyota !!!#bestcarever it saved my life.",car,3/2/2016  9:39 AM,en,0,1,0.8349
carol74625081,582,7.0491733E+017,@Toyota this is what it looks like after 24 years AMAZING Ha. LOVE CELICAS https://t.co/gq7m1lyBK7,car,3/2/2016  6:32 AM,en,0,1,0.9368
Gena_Gavrilov,124,7.0488696E+017,@MENACE @Toyota new priuses are so sick! Love both tho... Blue!,car,3/2/2016  4:32 AM,en,0,0,0.2074
ericwillson7,9,7.0488492E+017,@CURTMFG how about some 2016 Toyota Tacoma love?,car,3/2/2016  4:23 AM,en,0,0,0.6369
h3e44,267,7.0479502E+017,"@Toyota I ABSOLUTELY LOVE THE C-HR DESIGN, I WILL DEFINITELY BE WAITING FOR IT",car,3/1/2016 10:26 PM,en,0,1,0.8858
AngryPW,297,7.0479012E+017,@P31Grits I know someone on their 3rd toyota sienna. (First 2 were in accidents that weren't their fault). They love it.,car,3/1/2016 10:07 PM,en,0,1,0.4404
jmikekuhn,84,7.0474911E+017,The new rav 4 is looking more like it's down low name #ravenousforce ! I'd love to do a mural one @Toyota  https://t.co/qFdA5RdwHH,car,3/1/2016  7:24 PM,en,0,0,0.7339
Okafor_Mang,1372,7.0473547E+017,So in Love with @lexusqatar 2016 @Toyota  Lexus GX 570 on my mind like crazyüò≠üò≠,car,3/1/2016  6:30 PM,en,0,0,0.7893
LASoldierofKY,2581,7.0470108E+017,@milfhoneybee1 I literally just bought a new Toyota Prius and I already love it!!,car,3/1/2016  4:13 PM,en,0,1,0.6988
Ewing_Jameson,392,7.0469972E+017,@TheMaxMiller I'd love to see @Toyota 's ft-1 in my driveway,car,3/1/2016  4:08 PM,en,0,0,0.6369
PentopaperBlog,1544,7.0468795E+017,New car üòç Totally in love with her already!! #newcar #toyota #NewToy https://t.co/cXQnelSHcQ,car,3/1/2016  3:21 PM,en,0,0,0.7238
NdiAshton,2274,7.0468331E+017,Toyota 2016 models. üò¢üò¢üò¢üò¢üò¢üò¢üò¢üò¢üò¢üò¢üò¢üò¢üò¢üò¢üò¢üò¢üò¢üò¢üò≠üò≠üò≠üò≠üò≠üò≠üò≠üò≠üò≠üò≠üò≠üò≠,car,3/1/2016  3:02 PM,en,0,0,0.6369
celicaliftback,511,7.0466175E+017,@RellTWS It's nice! #USÁóõËªä ! My cars are 1973 year model TOYOTA CELICA LB2000GT &amp,car, 1969 year model SUBARU360SUPER DELUXE.I love classi,3/1/2016  1:37 PM,en,0,1
untwin34,4754,7.0448569E+017,@ToyotaRacing I love Toyota trucks especially the Tacoma off road series. I got to meet Joe Gibbs in the mid 80s and have been a fan since!,car,3/1/2016  1:57 AM,en,0,0,0.7777
boosplodge,281,7.044072E+017,"@TalesofanAlfa Station widebody is a car I would love. Also, the original 3.0 turbo Toyota Supra was also cool. Would have loved a Scooby.",car,2/29/2016  8:45 PM,en,0,0,0.9136
Love_Zeebruh,864,7.0438615E+017,"Since there's no such thing as a Toyota Sentra, I don't have to pay this right ü§î https://t.co/PbrvKW4HQh",car,2/29/2016  7:21 PM,en,0,0,-0.2273
themby_z,58,7.0437597E+017,I love this new Toyota Hilux ad üòÇ those kids are so cute,car,2/29/2016  6:41 PM,en,1,0,0.8429
Mthokozisid,208,7.043722E+017,Gotta love the new tougherER #Hilux #TOYOTA,car,2/29/2016  6:26 PM,en,0,0,0.6369
MetalMamaLady,3010,7.0436318E+017,@ToyotaShowcase Would love to drive a Toyota but I can't drive 55: https://t.co/QZOk496YFj  Metal Mama xoxoxoxo,car,2/29/2016  5:50 PM,en,0,0,0.3818
Magnaflow,33277,7.0433533E+017,How many of you love Japanese classics? This RA21 Toyota Celica is a perfect example of a timeless Japanese... https://t.co/87JEfMWXLr,car,2/29/2016  4:00 PM,en,1,2,0.836
ButtsyButler,5983,7.0432765E+017,"Very rarely I get a horn about another Soarer but omg,  love this #Toyota #Soarer #CarPorn‚Ä¶ https://t.co/dioQht9gYk",car,2/29/2016  3:29 PM,en,1,1,0.7783
AllAroundBndMan,687,7.0431341E+017,How I'd love to buy a Toyota 86 and swap it's engine to 2jz oh God,car,2/29/2016  2:32 PM,en,0,0,0.5719
nawwaf02011,117,7.0420087E+017,@TurboCitys ~ || [  Toyota Supra ‚ô• 2jz Power ‚úåüèºÔ∏èüî•üí®üí® Motec üëåüèº tag someone that love 2jz üëåüèºüí®üéå . .‚Ä¶ https,car,2/29/2016  7:05 AM,en,1,0,0.6369
Love_LNS,2314,7.0416926E+017,Even my very own mom won't even consider getting a TOYOTA car,car,2/29/2016  5:00 AM,en,0,0,0
Yani_Cardinal,849,7.041681E+017,"They Indian? ""@Love_LNS: The first time ever hearing a person saying there favourite car ke TOYOTA COROLLA üò≠""",car,2/29/2016  4:55 AM,en,0,0,0
Love_LNS,2314,7.0416794E+017,The first time ever hearing a person saying there favourite car ke TOYOTA COROLLA üò≠,car,2/29/2016  4:54 AM,en,0,0,0
s_frizzle,3297,7.0416486E+017,"Toyota Corolla sport, I love this car so much. üò≥",car,2/29/2016  4:42 AM,en,0,0,0.6369
sweet_lette20,270,7.0414542E+017,I love my#Toyota #corolla much https://t.co/ds66ytzs1t,car,2/29/2016  3:25 AM,en,0,0,0.6369
NathanWebster3,245,7.0412704E+017,Why did I doubt #Toyota?! Love the 2014 #highlander here. Glad to know I don't have to buy #new.‚Ä¶ https://t.co/c4nkMWb8IU,car,2/29/2016  2:12 AM,en,0,1,0.7177
PRisenhoover,540,7.0411169E+017,idk why I like big cars but I'm in love w the Toyota 4 Runner &amp,car, I want one so badüôÑ,2/29/2016  1:11 AM,en,0,0
WillHerlong,63,7.0399377E+017,I still love my @Toyota rav4 though,car,2/28/2016  5:22 PM,en,0,1,0.6369
777Nickson,784,7.0397611E+017,even when i drove a '95 toyota i made sure it still had speakers subs and bluetooth lol i love music,car,2/28/2016  4:12 PM,en,0,0,0.8519
HoagiesGarage,3077,7.0395175E+017,"The #TRD Pro #4Runner @cleautoshow - love this thing, looks so angry! #TRDpro @toyotausa #toyota #SUV https://t.co/PU6BppF6ie",car,2/28/2016  2:35 PM,en,0,0,-0.0857
CarGurus,6795,7.0392794E+017,"Our reviewer doesn't love its looks, but has a good time driving the new Toyota Avalon. Watch our video! https://t.co/Qhh49dVBOh",car,2/28/2016  1:01 PM,en,0,0,0.4512
njuks97,134,7.0383884E+017,Amazing engineerig.... i love the stability in the machine....TOYOTA LANDCRUISER 2016 https://t.co/Fop2vW4Qcl,car,2/28/2016  7:07 AM,en,0,0,0.8402
matt_reds,247,7.0381844E+017,You gotta love a '98 Toyota Corolla with a VTEC sticker.  Doesn't get more JDM than that.  Lmfao,car,2/28/2016  5:46 AM,en,0,0,0.8271
Seanfranchise6,773,7.0381483E+017,I love that Toyota 2000GT. #dimensionw,car,2/28/2016  5:31 AM,en,0,0,0.6369
babycapricorn22,151,7.0378289E+017,I love my little toyota but its going to feel great updating to a better and bigger car,car,2/28/2016  3:24 AM,en,0,0,0.9201
ldslacey,48,7.0375858E+017,@spawnofswan I love it! The best friend had one and we jammed out many times in it üòä We ended up with a Toyota RAV4 https://t.co/c2lAcy14,car,2/28/2016  1:48 AM,en,0,0,0.9168
Symharmony,21,7.0375647E+017,"@ToyotaWestScion I love our Toyota Sienna, but I've had a lot of issues with the tires. How come the tires are never on hand at your store?",car,2/28/2016  1:39 AM,en,0,0,-0.2124
leannjunker,160,7.0368734E+017,@Toyota Highlander. Love it,car,2/27/2016  9:05 PM,en,0,0,0.6369
athyvaya,4901,7.0368696E+017,Have I mentioned I love my @Toyota Matr-UCK &amp,car, that it carries 8' lumber quite well? 10' conduit &amp, piping. üëèüèºüëèüèºüëèüèº h,2/27/2016  9:03 PM,en,0
Bassgurl92,7719,7.0358515E+017,I really want a 2010 Toyota Corolla S I love the style,car,2/27/2016  2:19 PM,en,0,0,0.6997
uhalevi,822,7.0358505E+017,"@agrabau Love the steelies. Toyota does a (also Japan only) ""blank slate"" version of the 86 https://t.co/QbEtUS8NK3",car,2/27/2016  2:18 PM,en,0,2,0.3818
Henrietta683A,814,7.0358399E+017,TobbySilver : I love to see #prius Taxi Cabs !! #letsgoplaces #toyota #toyotahybrid @ Hilton Fort Lauderdale‚Ä¶ ‚Ä¶ https://t.co/rueMblgpRt),car,2/27/2016  2:14 PM,en,0,0,0.6988
TobbySilver,107,7.0358195E+017,I love to see #prius Taxi Cabs !! #letsgoplaces #toyota #toyotahybrid @ Hilton Fort Lauderdale‚Ä¶ https://t.co/n0qUnYDOPI,car,2/27/2016  2:06 PM,en,0,0,0.6988
onyeubanatu,1751,7.0349858E+017,My 2nd love after 2003 Toyota corrola sport. THE HILUX 2.7. These vehicles  understands the Nigerian road more a... https://t.co/veresRFQ2S,car,2/27/2016  8:35 AM,en,0,0,0.6369
pugzilla44,127,7.0341397E+017,@Toyota can't wait to open mine up this summer!!! Love my new Tacoma üòç,car,2/27/2016  2:58 AM,en,0,1,0.7249
virtualpiss,293,7.0333579E+017,@cuntneydick I've had a really old Toyota corolla and a newer one and I fell in love with both of them,car,2/26/2016  9:48 PM,en,0,1,0.6369
XERQio,11719,7.0333151E+017,Hmmm I think I love the 2016 Toyota Tacoma https://t.co/stRxEqmOth https://t.co/oWwx5NLRrD,car,2/26/2016  9:31 PM,en,0,0,0.6369
MikeCalvertToy,708,7.0329227E+017,These are the first images of the 2017 #Toyota C-HR!  We love it!,car,2/26/2016  6:55 PM,en,0,0,0.6988
kcyndy,23,7.0328135E+017,"@Toyota 2016 Prius is great!  I was falling with love with it when I went to buy the used Prius, but I purchased this right away! Beautiful!",car,2/26/2016  6:11 PM,en,0,0,0.9017
ashleywolford2,37,7.032221E+017,I love Toyota I use to own a camery and I loved it! Never had any problems with it! Smoot... https://t.co/1iHPqLvzpk https://t.co/mzMkYjelPu,car,2/26/2016  2:16 PM,en,0,0,0.7896
13canis13,119,7.0322187E+017,@blairgarner how about 4Runner? My family always owned them and I love them! #Toyota,car,2/26/2016  2:15 PM,en,0,0,0.6696
AMDiNarda,3,7.0309194E+017,@Toyota so disappointed 2 hear Venza discontinued.  I love my car! Any plans to bring it back?,car,2/26/2016  5:39 AM,en,0,0,0.273
sheikh___syed,1505,7.0305076E+017,If @Toyota created a new supra I'll cop .. Love the Toyota supra best car they ever created,car,2/26/2016  2:55 AM,en,0,0,0.9081
DianeAshton,152,7.0300446E+017,"@RevDavidColes Love my Toyota too - so welcoming when the light comes on, it unlocks...and you haven't even done anything.",car,2/25/2016 11:51 PM,en,0,0,0.8377
kaidaie8,97,7.029937E+017,never thought I'd fall in love with a Toyota Prius .......,car,2/25/2016 11:08 PM,en,0,2,0.6369
Toyota_Oakbrook,571,7.0299232E+017,@Toyota the ULTIMATE #TBT! Love us a Toyota truck! #ToyotaFam,car,2/25/2016 11:03 PM,en,0,0,0.6988
ThatGirl_Leslie,314,7.0296767E+017,"@Brianna_MUHree Lol I have a 2014 Toyota Corolla. It took me driving it a little, but I love it now ‚ù§Ô∏è",car,2/25/2016  9:25 PM,en,0,1,0.8065
GymCraftLaundry,4335,7.0293641E+017,@organize365 I forgot to mention to you that the SUV that I want to buy is the @Toyota Highlander. I love it.,car,2/25/2016  7:21 PM,en,0,2,0.6705
andrewtoyota,942,7.0287797E+017,@Brian_Kramp @fox6now @Brewers @fox6studioa... 2016 @toyota Rav4 Hybrid SUV! Love that vehicle!!,car,2/25/2016  3:29 PM,en,0,1,0.7249
antheam13,65,7.0273622E+017,Walking into a sea of Toyota red! I love it! Let's do this! #HiluxToughFest #toyotasa https://t.co/gQby42REzD,car,2/25/2016  6:05 AM,en,0,0,0.7249
TedTheCortez,82,7.0267052E+017,Goodbye meatcar I'll love you forever hello 2016 Toyota Camaro or something hell yeah üòçüòçüòçüòç https://t.co/YN1GWTEkNw,car,2/25/2016  1:44 AM,en,0,0,0.2023
Mushishikin,6,7.0587588E+017,Haha. Just traded my old Toyota for a Mitsubishi and love it! 40mpg! https://t.co/JfgNKsOjLh,car comparison,3/4/2016 10:01 PM,en,0,0,0.8309
ali_salah_95,409,7.0584037E+017,"@ZizoBarwari @_Bann_98 I'm so hate kia i love ( toyota , nissan , bmw, marceds , audi, range ) but as for my toyota land cruser the best",car comparison,3/4/2016  7:40 PM,en,0,2,0.6023
Snowbird_24,452,7.0569854E+017,I'm drivin a @Toyota but nothing can really beat @Ford . üòÅ Love your SUV's!  Cheerios from Philippines üòÅ,car comparison,3/4/2016 10:16 AM,en,0,1,0.7959
CatherineNAbney,90,7.05601E+017,@kauriemac It makes me wish I had 1 instead of a Toyota  üòÄ  Although I do love my Camery  üòÄ ‚ù§,car comparison,3/4/2016  3:49 AM,en,0,0,0.7845
Starbuck_Scully,2572,7.0557059E+017,@teacherkate83 Yep! I drove it home tonight and I LOVE it...I went from a 1995 Toyota Corolla to this...It feels driving a spaceship üòÜ,car comparison,3/4/2016  1:48 AM,en,0,1,0.8139
Jessyllew,42,7.0517714E+017,@ItsSabrinaa love the fiat 500 but everyone seems to have one üôÑ the Toyota is nice!,car comparison,3/2/2016 11:45 PM,en,0,1,0.7644
ahistoryofbooks,385,7.0480565E+017,"@cfbriggs1 Subarus are good for snow! I've love my older Toyota, so we went with a Toyota Corolla. Subarus were in the running but we found",car comparison,3/1/2016 11:08 PM,en,0,1,0.5916
Jah_SharkGanG,1311,7.0470941E+017,"This is a Mercedes Benz, With a Toyota Cluster, Honda Key &amp; A Nissan Motor. .. Gotta love my‚Ä¶ https://t.co/9oBhIFKTLK",car comparison,3/1/2016  4:46 PM,en,0,0,0.6369
ausrutherford,192,7.0468653E+017,Both @Toyota and @Audi are showing their love for dangerous blindspots in their subcompact crossover offerings #GIMS,car comparison,3/1/2016  3:15 PM,en,0,0,0.2732
hftris,165,7.0468318E+017,Toyota wants to rival Honda HRV. Interesting. I love Toyota after sales service more than Honda.,car comparison,3/1/2016  3:02 PM,en,0,0,0.7845
GumdropXO,1251,7.0452091E+017,@GlampieceXO @Toyota @Honda I love my CRV. She's a babe.,car comparison,3/1/2016  4:17 AM,en,0,1,0.6369
seneffera,3008,7.0437686E+017,#toyota Nothing Compares: Three Decades of Love for the Mazda Miata and VW GTI  https://t.co/GkIJd8w3TM,car comparison,2/29/2016  6:45 PM,en,0,0,0.6369
fakeronwash38,293,7.0310207E+017,"You've got that correct! My order in preference of American cars I love: DeLorean, Mazda Miata and Toyota Corolla! https://t.co/f4LRviqEoE",car comparison,2/26/2016  6:19 AM,en,1,0,0.6988
Indycar_MN,1356,7.0291785E+017,@jkenny_ns Mazda would be perfect. Would love toyota or ford but that's not gonna happen,car comparison,2/25/2016  6:07 PM,en,0,1,0.6059
DiRagga,1257,7.0547926E+017,I love toyota! Less gas! And cheap to maintain! The only thing i hate is when i put somet... https://t.co/k0dBAmcbZL https://t.co/iv2xBvQh45,company,3/3/2016  7:45 PM,en,0,0,0.3348
lilmsspriss,41,7.0526907E+017,"I love everything about Toyota, but I have had a few bad experiences with them when getti... https://t.co/SwmMeXqDYE https://t.co/u22kSlaaeZ",company,3/3/2016  5:50 AM,en,0,0,-0.4854
inatavcar,65,7.0513689E+017,we all love toyotaüòÇ @Toyota  https://t.co/EtI63Yg36X,company,3/2/2016  9:05 PM,en,0,1,0.6369
sarah_shawki,25,7.0497734E+017,"Toyota is the best ever,i just love it #ilovemytoyota #ToyotaEgypt",company,3/2/2016 10:31 AM,en,0,0,0.8555
toyotagastonia,248,7.0480724E+017,#Toyota is using their technology to help people keep their vision. Love being a part of such an incredible company! https://t.co/dNuk2tcBzQ,company,3/1/2016 11:15 PM,en,0,0,0.8478
LiYopp,75,7.0469684E+017,@Toyota love the birds eye view #carsales #marketing #business https://t.co/KK6ZVfp6ld,company,3/1/2016  3:56 PM,en,0,1,0.6369
Kukirtamiru,2120,7.0469326E+017,@Toyota LOVE it! #DreamBig,company,3/1/2016  3:42 PM,en,0,0,0.7371
___allycat,141,7.0469262E+017,If I didn't love Toyota so much I'd be currently on my way to fucking quit üòÖ,company,3/1/2016  3:39 PM,en,0,0,-0.5216
MauiWowie97_,1122,7.0469111E+017,@CarlsJr @Toyota @fiatontheweb üíó I love my job https://t.co/9smzOt0Te8,company,3/1/2016  3:33 PM,en,0,1,0.6369
ShabeebAmanda,312,7.0451144E+017,@tyletwheaton that's what I'm leaning towards because I love my Toyota and they last awhile,company,3/1/2016  3:39 AM,en,0,0,0.6369
aphoticsouls,4653,7.042081E+017,I WAS SO SCARED HOLY SHIT I LOVE TOYOTA,company,2/29/2016  7:34 AM,en,0,0,-0.4323
wilsonvilletoyo,529,7.0402966E+017,Who doesn‚Äôt love this vintage Toyota racing jacket? It‚Äôs the perfect ‚Äúfit‚Äù for #OldSchoolSunday. Get it? ,company,) https://t.co/cvFEnCj7p0,2/28/2016  7:45 PM,en,0,0
Chad_Neville,1478,7.0399397E+017,Love when I get in my car and it still has that #NewCarSmell a month later üòäüòäüòä Thanks for making an awesome #SpecialEdition @Toyota,company,2/28/2016  5:23 PM,en,1,1,0.9042
38677dispatcher,113,7.0375306E+017,@Toyota did you put @russelled up to this for the 2016 #toyotatacoma? Love the song either way! https://t.co/UxmAijIohj,company,2/28/2016  1:26 AM,en,0,2,0.6696
_ashhquake,849,7.0365934E+017,"I honestly might drive a Toyota for the rest of my life. even though there's always recalls. besides that, in love with them.",company,2/27/2016  7:13 PM,en,0,1,0.802
TheToyoist,257,7.0355254E+017,I would love to hear more from Toyota the benefits of their hydrogen fuel cell. https://t.co/JqLVIHjLAU,company,2/27/2016 12:09 PM,en,0,0,0.7783
VantageMotorGrp,1601,7.0351753E+017,@voodooban1973 @ToyotaGB @toyota_europe love it! Especially the Toyota bits üòä,company,2/27/2016  9:50 AM,en,0,1,0.6696
kcyndy,23,7.0328614E+017,"@Toyota Love,love and love https://t.co/hd0ydc9o2H",company,2/26/2016  6:30 PM,en,0,1,0.6369
TheRealDByrd,2376,7.0309773E+017,"""I love what you do for me, Toyota!!"" #KicksFeet #80sbaby",company,2/26/2016  6:02 AM,en,0,0,0.6988
luiseduperez16,125,7.0306973E+017,Keep calm and love Toyota https://t.co/0NxF9Gprv4,company,2/26/2016  4:11 AM,en,0,0,0.7579
Love_TENGA,6401,7.0297036E+017,"Two deaths, Canadian probe cause huge Toyota SUV recall - CBS News https://t.co/moOJISx427",company,2/25/2016  9:36 PM,en,0,0,0.3182
DavidMausToyota,1158,7.0291466E+017,"Drive a Toyota, and fall in love with your car every day. https://t.co/mqUPoPFUC1",company,2/25/2016  5:54 PM,en,0,0,0.6369
thelexusman,480,7.0290994E+017,"@ToyotaGB thanks mate,I love Toyota/Lexus and won't have anything else üòé",company,2/25/2016  5:36 PM,en,0,1,0.7964
DIYVaBchLife,51,7.029093E+017,"Toyota must love inconveniencing me this month, another inspection. Already got spare tire &amp; dashboard fixed. Every week I'm at the deal",company,2/25/2016  5:33 PM,en,0,0,0.6369
RINA_ULTIMATUM,292,7.0454161E+017,I love my Toyota fuck a Chevy,company comparison,3/1/2016  5:39 AM,en,0,0,0.1779
LuvLadders,1404,7.0453073E+017,BMW and Toyota still keen to develop a common sportscar but have yet to decide on a tim... https://t.co/LOqjhagKFJ https://t.co/7c2n6smTM0,company comparison,3/1/2016  4:56 AM,en,0,0,0.1901
DougCFSC,2279,7.0585957E+017,"Love the idea and distribution. Will have live presence at Toyota Park on Sunday, too. #cf97  https://t.co/8Y7OGonbV5",company owned,3/4/2016  8:56 PM,en,0,1,0.6369
LOVE_OF_MUSIC_,29307,7.0540886E+017,"#CarrieUnderwood 2x Carrie Underwood Tickets Houston, TX - Toyota Center 4/19/2016 Lower Sec. 117 https://t.co/B75NQB6vGM #Music #Tshirts",company owned,3/3/2016  3:05 PM,en,0,0,0.2577
LOVE_OF_MUSIC_,29307,7.0517787E+017,#CarrieUnderwood Carrie Underwood 2 Tickets Houston ROW 18 SEC 126 Toyota Center 4/19 https://t.co/NDLAQzaAi0 #Music #Tshirts,company owned,3/2/2016 11:48 PM,en,0,0,0
kayynicoleeeee,53,7.0436814E+017,"@justinbieber Please get me in ur concert, April 9th, Toyota Center, thanks I love you ‚ù§Ô∏è‚ù§Ô∏è‚ù§Ô∏è",company owned,2/29/2016  6:10 PM,en,0,0,0.8555
JessBeautician,1528,7.0430298E+017,@OMGgemma @lisawonderlandd Ah thank you Gemma! ‚ù§Ô∏è I also LOVE Hot For Food/Lauren Toyota's WIEIAD's - had a binge on them all last week!,company owned,2/29/2016  1:51 PM,en,0,1,0.8409
RGBIII,265,7.0380825E+017,Had a great time with my Mama at the Rockets game! Love you Mama üòòüöÄüöÄüöÄ @ Houston Toyota Center https://t.co/c719RZqqYr,company owned,2/28/2016  5:05 AM,en,0,0,0.8622
409sz,759,7.037981E+017,Love how the Toyota Center was screaming Go Spurs Go tonight!  #SpursNation,company owned,2/28/2016  4:25 AM,en,2,2,0.4389
waynefromtexas,277,7.0378276E+017,I love #GoSpursGo in the Toyota Center in Houston. #SpursNation rocks!,company owned,2/28/2016  3:24 AM,en,5,10,0.6696
realntrue4u,190,7.0376583E+017,I love us...#lovelife #cnblife üòç @ Houston Toyota Center https://t.co/43pjIaQawq,company owned,2/28/2016  2:17 AM,en,0,0,0.6369
oohsnapitsJADE,320,7.0375834E+017,Can't believe I took a picture w/ a Spurs fanüôÑ (still love ya tho) #ClutchCity @ Houston Toyota‚Ä¶ https://t.co/78BGSgVPGq,company owned,2/28/2016  1:47 AM,en,0,0,0.6369
Jordan_Sensi,358,7.0367783E+017,I love Winslow off-the-ball movements! The game I went to at the Toyota Center he scored 3-4 easy buckets just with this. Same today,company owned,2/27/2016  8:27 PM,en,0,0,0.8122
Toyota,568637,7.0553529E+017,"@briannawood_ Thanks for sharing the love, Brianna! We love hearing from happy customers! :)",company res,3/3/2016 11:28 PM,en,2,1,0.9697
Toyota,568637,7.0545308E+017,"@PunaniGuru69 That's for the love, Don! Right back at you!",company res,3/3/2016  6:01 PM,en,2,1,0.6988
Toyota,568637,7.0474262E+017,"@Kukirtamiru It's hard not to love it, Rahel! The #RAV4Hybrid is eco-friendly and off-road capable - you get the best of all worlds. :)",company res,3/1/2016  6:58 PM,en,2,1,0.7449
Toyota,568637,7.0474062E+017,"@ROWDYEVERHART That's what we love to hear, Chad! Thank you for your support. :)",company res,3/1/2016  6:50 PM,en,1,0,0.9134
Toyota,568637,7.0438962E+017,"@carol74625081 We're glad you're enjoying your Celica, Carol! Thanks for sharing the love!",company res,2/29/2016  7:35 PM,en,1,0,0.9508
Toyota,568637,7.04374E+017,"@MommyJeck We'd love to see you in a #Tacoma, Michele! You can see deals in your area here: https://t.co/oa95ERxUPa",company res,2/29/2016  6:33 PM,en,1,0,0.6696
Toyota,568637,7.0437033E+017,"@Fortran We'd love to see you in a Land Cruiser, Matt! Click here to build and price your own: https://t.co/LP12ryKud2",company res,2/29/2016  6:19 PM,en,1,0,0.6696
Toyota,568637,7.0333522E+017,"@AAAinNOLA Prepare to fall in love, Ashley! ;)",company res,2/26/2016  9:45 PM,en,1,2,0.75
Toyota,568637,7.0328755E+017,"@Joesky777 We love to hear that, David! Wishing you many more happy miles in your Tundra!",company res,2/26/2016  6:36 PM,en,1,0,0.8928
Cramordap,49,7.0582446E+017,That moment you sell a car in all @NewYorkRedBulls attire! LOVE IT! @DCH_ToyotaCity #rbny #toyota #redtogether,dealership,3/4/2016  6:37 PM,en,1,4,0.7592
veeekah,85,7.0581055E+017,I'm sitting in Toyota waiting for my truck to be serviced and this couple comes in with 3 golden retrievers. All the salesmen love them.,dealership,3/4/2016  5:42 PM,en,0,0,0.6369
briannawood_,978,7.0553333E+017,"I love @Toyota's service! Just came for an oil change, they vacuumed and washed my car.üéâüëçüèº",dealership,3/3/2016 11:20 PM,en,1,1,0.6696
NathanWebster3,245,7.0547039E+017,These guys at mccords_vancouver_toyota ALWAYS take care of me. Love my @toyota experience!!‚Ä¶ https://t.co/gW0yV9pKvX,dealership,3/3/2016  7:10 PM,en,0,0,0.8395
onthee_roxx,287,7.0518115E+017,"I love Toyota of Glendale because they have popcorn, hot chocolate and wifi",dealership,3/3/2016 12:01 AM,en,0,2,0.6369
LaurenMurf_3,393,7.0441018E+017,I love getting my car serviced because Toyota has popcorn and hot chocolate for waiting customers üòå,dealership,2/29/2016  8:57 PM,en,0,0,0.6369
ValerieHalosfo2,175,7.0430673E+017,@JAmy208 On to Colorado. Soon as I find a Toyota dealership gotta get oil change. Tonight Love ya ! Halo for you!,dealership,2/29/2016  2:06 PM,en,0,1,0.6988
Jagator21,1379,7.035919E+017,Love that @Hisense_USA Toyota!! #HisenseGiveaway https://t.co/XvyPpM1AnK,dealership,2/27/2016  2:45 PM,en,0,0,0.6988
shockofpale,232,7.029365E+017,"I love how @Toyota takes almost 6 fucking hours to do scheduled maintenance on a brand new fucking car, &amp; can't give a time they'll be d",dealership,2/25/2016  7:21 PM,en,0,0,0.6369
GayLord_FockHer,618,7.0287641E+017,The people at Toyota love me üòÇüòÖ,dealership,2/25/2016  3:22 PM,en,0,0,0.6369
RonBrooksGroup,926,7.0607059E+017,What do you think to the all-new Toyota C-HR? We love it! https://t.co/Zey4XjTG81 #ToyotaCHR https://t.co/ro9CSdjj49,dealership ad,3/5/2016 10:55 AM,en,1,0,0.6696
davidbradshaw91,4815,7.0589278E+017,@aPropertyMattR #cars Setsuna Concept Is A Woody Idea From Toyota https://t.co/DONg8v07et love this https://t.co/ErT1ALmlOd,dealership ad,3/4/2016 11:08 PM,en,1,0,0.6369
VantageMotorGrp,1601,7.058038E+017,Now on his 5th #Toyota Mr Wainwright is one loyal customer to Toyota #Tamworth. We know you'll love your #hybrid üöò https://t.co/ISx4nOtIB,dealership ad,3/4/2016  5:15 PM,en,1,0,0.8074
Thompsons_Toy,476,7.0557353E+017,Can't get over how much we love the design of the new #Prius Three! Check it out: https://t.co/WsVk3JWlXi,dealership ad,3/4/2016  2:00 AM,en,0,0,0.6696
MikeCalvertToy,708,7.0555536E+017,Enjoy your visit with us? We'd love to hear about it on our Yelp page! #ThankYou https://t.co/HrY17De27J https://t.co/klYECz3Ove,dealership ad,3/4/2016 12:48 AM,en,0,0,0.8268
DurantToyotaTX,677,7.0549678E+017,Let the love in with Toyota. #LetsGoPlaces https://t.co/L4XI7ISdUm,dealership ad,3/3/2016  8:55 PM,en,0,0,0.6369
ToyotaDowney,118,7.0545271E+017,Give your #Toyota love - enter for a chance to win a free year of Toyota Auto Care! https://t.co/0PJW0AIuon https://t.co/2weDccHgev,dealership ad,3/3/2016  6:00 PM,en,0,0,0.9501
NalleyToySci,100,7.0544905E+017,"The Eligado's love their new #Prius and w/ $750* cash back for college grads, you will too! https://t.co/CUjdSn03zJ https://t.co/wFAPdS34w1",dealership ad,3/3/2016  5:45 PM,en,0,0,0.6696
CityWorldToyota,151,7.0543816E+017,We love hearing from you! Check us out on Yelp: https://t.co/QDgUR1F9aM,dealership ad,3/3/2016  5:02 PM,en,0,0,0.6696
dstoyota,1709,7.053786E+017,Love Driving people around but struggling for Room? Get our #TOYOTA #QUANTUM #USEDCARS #TOYOTALOVE #MINIBUS https://t.co/cFFuiAyJaJ,dealership ad,3/3/2016  1:05 PM,en,0,0,-0.2732
SnowsLeasing,932,7.0533745E+017,The All New #Toyota Prius in our Millbrook Showroom! We love the new Hypersonic Red :-) https://t.co/iy1hVHiWsP,dealership ad,3/3/2016 10:22 AM,en,1,3,0.7777
mumbeh,1156,7.0517185E+017,((((((((((((((((((((((((((DO YOU LOVE TOYOTA?)))))))))))))))) (Phoenix) https://t.co/SYaYPdF7Ae via @RobertAlai,dealership ad,3/2/2016 11:24 PM,en,0,0,0.7125
ToyotaRoswell,219,7.0510062E+017,With so many great features there's a lot to love in the 2016 Camry. https://t.co/Lt64zHiyYM https://t.co/NoqHU8yIK8,dealership ad,3/2/2016  6:41 PM,en,0,0,0.8617
clintnewellauto,245,7.0504622E+017,"We love this photo from inside the #RAV4Hybrid! If you want to see your world through a #RAV4, visit us today! https://t.co/dzDGh2cIEg",dealership ad,3/2/2016  3:04 PM,en,0,0,0.7256
RightToyota,2949,7.0485122E+017,Get a minivan the whole family will LOVE! The Sienna seats 8 with plenty of room to spare! https://t.co/1UChJq9ahH https://t.co/Md6n3y9Khb,dealership ad,3/2/2016  2:10 AM,en,0,1,0.7592
DurantToyotaTX,677,7.0475435E+017,We love to accessorize. See all of our accessory #deals here: #Toyota https://t.co/i0zQgruBx7 https://t.co/5r0v0p15Ii,dealership ad,3/1/2016  7:45 PM,en,0,0,0.6369
toyotastoke,1762,7.0463994E+017,Love the look of the new #ToyotaCHR hybrid? Find out more about it here &gt,dealership ad, https://t.co/dfOO1t1Dio Coming soon! https://t.co/bSouidMsCD,3/1/2016 12:10 PM,en,1,1
ToyotaGB,44162,7.0456344E+017,"@ChristineDargon Good morning Christine, we are glad to hear that you love Toyota and the new RAV4. We're sorry about this but due to 1/2",dealership ad,3/1/2016  7:06 AM,en,0,0,0.6597
MaitlandToyota,42,7.0446605E+017,Come in and check out the NEW TOYOTA HILUX! You will love it! https://t.co/AcUDexfRMm,dealership ad,3/1/2016 12:39 AM,en,0,0,0.6988
FloToy,88,7.0432987E+017,We love getting feedback from our customers! Florence Toyota-Scion appreciates your business and looks forward to... https://t.co/1BzKkWTngp,dealership ad,2/29/2016  3:38 PM,en,0,0,0.8313
GOScHToyotaCA,46,7.0432853E+017,Your review matters to us &amp,dealership ad, we'd LOVE to hear from you! Leave a review on Yelp right HERE! https://t.co/QBeHZJfhKi https://t.co/1wVf70mT,2/29/2016  3:33 PM,en,0,0
ToyotaOfSB,1163,7.0408281E+017,These are the first photos of the 2017 #Toyota C-HR! What do you think? We love it!,dealership ad,2/28/2016 11:16 PM,en,1,0,0.6988
dstoyota,1709,7.0383729E+017,For Only R249 990 you can Own this! Standard with Extras that you'll Love. #USEDCARS #TOYOTA #VERSO #MPV #DELIGHTFUL https://t.co/sOoLyoAvVN,dealership ad,2/28/2016  7:01 AM,en,0,0,0.6696
FreeholdToyota,1180,7.0359077E+017,You aren't the only who will love the third-row seat in the 2016 #Highlander. #LoveDogs https://t.co/J9VTGy233b https://t.co/oEYxljSHYQ,dealership ad,2/27/2016  2:41 PM,en,0,0,0.6369
jay9_36,182,7.0346648E+017,@ootragirl @Toyota your welcome I hope you love your new hybrid RAV4 and welcome to the family! #ToyotaNation,dealership ad,2/27/2016  6:27 AM,en,1,2,0.9245
PrincipleToyota,155,7.0327787E+017,You'll love every moment of every journey you take in this 2016 #Highlander! https://t.co/ga4EWJaN0V https://t.co/YUGk0GlbId,dealership ad,2/26/2016  5:58 PM,en,0,0,0.6696
innovatn_toyota,52,7.0325647E+017,Don't #WorkFromHome? Love your commute in a #Toyota #Camry from Innovation Toyota #LongIsland's Number 1 dealership! https://t.co/hZAUb6DpXo,dealership ad,2/26/2016  4:33 PM,en,0,0,-0.1926
MikeCalvertToy,708,7.0301864E+017,Enjoy your visit with us? We'd love to hear about it on our Yelp page! #ThankYou https://t.co/HrY17De27J https://t.co/sY6QzuAvKN,dealership ad,2/26/2016 12:48 AM,en,0,0,0.8268
wc_toyota,369,7.0298417E+017,We love knowing our customers would recommend anybody to come to West Coast Toyota! https://t.co/oz2RQ6f1MH,dealership ad,2/25/2016 10:31 PM,en,0,0,0.7901
Ramey_Toyota,452,7.0297838E+017,We love seeing car keys in the same spot! How many times a week do you misplace your keys? https://t.co/x4dwY0EIy4,dealership ad,2/25/2016 10:08 PM,en,0,1,0.6696
ToyotaClermont,171,7.0294095E+017,"Say ""yay!"" if you love the #Toyota #Yaris! https://t.co/2sgXbQMHJY",dealership ad,2/25/2016  7:39 PM,en,0,0,0.6988
LAKINGTOYOTA1,27,7.029073E+017,"This week, Mike took home his new Tundra! We know you're going to love it! Thank you for choosing Laking Toyota... https://t.co/ica4z0NBpO",dealership ad,2/25/2016  5:25 PM,en,0,0,0.8065
MachensToyota,617,7.028965E+017,"Congratulations to Roger, from Hannibal, MO on his new Toyota Tacoma! We hope that you continue to love your new... https://t.co/6gF4qGRwcP",dealership ad,2/25/2016  4:42 PM,en,0,1,0.906
ToyotaOfLV,2562,7.0288325E+017,"Release your inner driver with the #ToyotaCorolla! Trust us, you'll LOVE this car! https://t.co/rurhuMAHnG https://t.co/h0kTE0z3oO",dealership ad,2/25/2016  3:50 PM,en,0,0,0.8695
BeamanToyota,86,7.0285653E+017,Check out @ToyotaGB's Toyota Dream Car Art Contest winners! We love the ingenuity! #ToyotaDream https://t.co/XKNt32IcLx,dealership ad,2/25/2016  2:03 PM,en,0,2,0.8715
SchaumToyota,342,7.0263023E+017,Nothing but love at Schaumburg Toyota! #resnickautogroup https://t.co/dgYmzmPAgo,dealership ad,2/24/2016 11:04 PM,en,0,0,0.7959
wxfreak2689,1363,7.0591952E+017,Darrel Waltrip's love affair with Toyota and any of the Joe Gibbs drivers is honestly sickening. Makes me wanna vomit. Shut up old man,driver,3/5/2016 12:55 AM,en,1,0,0.5859
everybdyh8sjess,645,7.0557255E+017,Hood hoes love having them ugly ass headlight lashes on they old ass Toyota Camry,driver,3/4/2016  1:56 AM,en,0,0,-0.7269
shamans_heal,19847,7.0541842E+017,I wished I loved anything as much as Toyota Camry drivers love driving 10 miles beneath the speed limit in the Fast Lane!,driver,3/3/2016  3:43 PM,en,12,34,0.8553
6db041be3d05451,111,7.0508205E+017,I love listening to royals song while i drive around in my rusted POS toyota corollaüòù‚úåüåàüçÄüíù,driver,3/2/2016  5:27 PM,en,0,0,0.6369
cherylatx34,77,7.0481587E+017,@Toyota any love at sxsw for Prius owners?,driver,3/1/2016 11:49 PM,en,0,0,0.6369
JAYSHRIDHAR,261,7.0464134E+017,#toyota lovers wud #love this. @ToyotaMotorCorp @Toyota T.O.Y.O.T.A. -The One You Only Trust Always https://t.co/Qgdi0AOTFc,driver,3/1/2016 12:16 PM,en,0,0,0.7717
marlindsx,285,7.0451727E+017,"There's a car in the parking lot that has the bumbler stickers ""Love Toyota"" and a Rand Paul one. Is that your grandparent's car? üòÇ",driver,3/1/2016  4:03 AM,en,0,0,0.6369
nickcody1234,18,7.0410608E+017,@Parker_Toyota took this pic of the Corrola I bought there. Love it &amp,driver, happy to see you use the photo if interested! https://t.co/Lz4amoo,2/29/2016 12:49 AM,en,1,0
FREECONFORTO,361,7.0264842E+017,@kaitlyyynk @AdamRubinESPN @jayy_dee_kayy u love a ball player because he bats .200 and has a Toyota? Whoa you are a die hard fan!,driver,2/25/2016 12:16 AM,en,0,0,0.3595
much_man,576,7.0544715E+017,Toyota 's love for ISIS terrorists is real . https://t.co/Uo1y61pvCO,isis,3/3/2016  5:38 PM,en,1,1,0.0258
CountOnRodney,3929,7.0332737E+017,Imagine if Toyota sponsors ISIS loooooool these people really love Toyota trucks https://t.co/JoMlzxRPGb,isis,2/26/2016  9:14 PM,en,5,6,0.6697
MediaPost,96599,7.0296153E+017,Chevrolet Says 'Love' With Facebook Reaction @chevrolet #toyota @Ford @kia #emoji https://t.co/7SKzqYvZIS,other company,2/25/2016  9:01 PM,en,1,0,0
TeamA99E,173,7.051089E+017,"Dear @NeedforSpeed, Will there be any Toyota Chasers JZX90, JZX100, JZX110 or Verossa? Love, @TeamA99E  PS: I'm dying here. #DedOrNotDed",prop,3/2/2016  7:13 PM,en,2,2,0.7783
stoney20152,14,7.0292289E+017,@chocolatemyers3 chocolate I love Atlanta I hope it's not the Toyota show again I get turned off when is the Toyota sho i'ma Chevrolet man,prop,2/25/2016  6:27 PM,en,0,0,0.7964
realJamesD1,426,7.0491642E+017,@Jimmie_Johnson_ Keep winning buddy Love to see Chevrolet and not Toyota in winners circle Toyota seems Soooo un American,racing,3/2/2016  6:29 AM,en,0,0,0.7224
ShawnJ185154,30,7.047542E+017,#ToyotaNation and @KyleBusch love seeing Toyota being the dominate brand in Nascar,racing,3/1/2016  7:44 PM,en,0,0,0.5719
nissan_arfa,1456,7.0426919E+017,I love NASCAR!!! I love TOYOTA!!! Ilove Kyle Bush!!,racing,2/29/2016 11:37 AM,en,0,3,0.8902
MorinTeam,75,7.0405834E+017,@JimmieJohnson and @DaleJr 1-2...88 noses out the pesky yellow Toyota. Love it. #NASCAR,racing,2/28/2016  9:39 PM,en,0,0,0.4588
garyramsey48,989,7.0404631E+017,Love ol @MartinTruex_Jr but God and nauseating to see him back in a freaking Toyota. Sorry not sorry,racing,2/28/2016  8:51 PM,en,0,0,0.1111
Darathorn21,157,7.0403141E+017,I love seeing @MartinTruex_Jr up at the front. This season will b awesome if @FR78Racing keeps up this level of competition. #Nascar #Toyota,racing,2/28/2016  7:52 PM,en,0,1,0.8519
Tonya1973,82,7.0377336E+017,Who doesn't love @JoeGibbsRacing I know I sure do! @ToyotaRacing #letsgoplaces ‚ù§Ô∏è my Toyota!!üòò https://t.co/lvjX1u5HK1,racing,2/28/2016  2:47 AM,en,0,0,-0.4486
thesweepking,16,7.0376932E+017,"Congrats Kyle! You're an amazing driver. Also, I love you're Toyota Camry man. It's sick! https://t.co/tffOmV1vjL",racing,2/28/2016  2:30 AM,en,0,0,0.8652
t_toyota,1398,7.0606404E+017,I dont like Edge but really love Windows 10 kernel!,yes,3/5/2016 10:29 AM,en,0,0,0.7892
toyota_prius_30,59,7.0602034E+017,MY SUMMER LOVE MITSU-O! with GEILA mp3 https://t.co/qS6ENrmF8X rar https://t.co/r16Isq1HEe,yes,3/5/2016  7:35 AM,en,0,0,0.7371
ohalx_,191,7.060029E+017,i love LOVE LIVE!! toyota and sushi are my fav characters,yes,3/5/2016  6:26 AM,en,0,0,0.9289
toyota_prius_30,59,7.0584857E+017,LOVE. EXE -momo-I quality version- HALKO MOMOI mp3 https://t.co/qS6ENrmF8X rar https://t.co/r16Isq1HEe https://t.co/tYhCfbAyFz,yes,3/4/2016  8:13 PM,en,0,0,0.7125
4wheeloffroad,2826,7.0581509E+017,"We love a good modern classic, like this meticulously restored Ram Jet-Powered FJ40! https://t.co/siOEcnoZi6 https://t.co/jEDGklkQzm",yes,3/4/2016  6:00 PM,en,0,1,0.906
Alannag123,447,7.0579057E+017,@wickanne @ToyotaMotorCorp haha that's not my doing! I promise! I think Mayen I tweeted how much I love my Toyota once like three years ago?,yes,3/4/2016  4:22 PM,en,0,0,0.8527
HS_THEATER,1120,7.0576269E+017,Love is the windshield-washer fluid of the heart - it makes everything clearer. #nottoomuchsoapthough #HEARTSTREETTHEATER #HST #TOYOTA,yes,3/4/2016  2:31 PM,en,0,0,0.6369
toyota_prius_30,59,7.0568389E+017,I LOVE THE WORLD -Short Edition- UVERworld mp3 https://t.co/qS6ENrmF8X rar https://t.co/r16Isq1HEe https://t.co/MxNCynZLkm,yes,3/4/2016  9:18 AM,en,0,0,0.7125
cruszaa,25281,7.0567444E+017,Woman says rodents love her #ToyotaPrius #ToyotaPrius... https://t.co/ctT011fkPz,yes,3/4/2016  8:41 AM,en,0,1,0.6369
MadameRamotswe,5021,7.0565904E+017,"@noruweijin @t_toyota thank goodness we love ""evil"" humor",yes,3/4/2016  7:40 AM,en,1,1,0.8957
toyota_0620,82,7.0564907E+017,Love how dili drives üòäüòä,yes,3/4/2016  7:00 AM,en,0,0,0.6369
toyota_prius_30,59,7.0559179E+017,BABY BABY GIMME YOUR LOVE DIVAS mp3 https://t.co/qS6ENrmF8X rar https://t.co/r16Isq1HEe,yes,3/4/2016  3:12 AM,en,0,0,0.7125
SlavPersecution,198,7.0557501E+017,I love seeing a No Frills cause you know a nice 98 Toyota Tercel isn't far away. #suburbanpoverty,yes,3/4/2016  2:06 AM,en,0,7,0.7003
Toyota_CAMRYx3,1030,7.0557342E+017,you don't really love me that ain't real love,yes,3/4/2016  1:59 AM,en,0,0,-0.8003
virginmaryrussi,121,7.0550836E+017,miley cyrus egg   dad keno batridge candor  born in capperville Toyota sweet egg love you met you,yes,3/3/2016  9:41 PM,en,0,0,0.802
Toyota_CAMRYx3,1030,7.0549052E+017,cause I need your love,yes,3/3/2016  8:30 PM,en,0,0,0.6369
LNyati,680,7.0548936E+017,Promised an ex iDefender on his 40th bday,yes, njani bbz ndine Toyota?! Love makes us say stupid things nje nyhani üòÇüòÇ,3/3/2016  8:25 PM,en,0,0
Toyota_CAMRYx3,1030,7.0542118E+017,Love when my clothes have a strong smell of laundry detergent üò≠üòç,yes,3/3/2016  3:54 PM,en,3,2,0.8176
strong_piss,2818,7.0540817E+017,@shrekpissslave @twerkrobot @HairySkeletor @Walmart @Toyota simple: we won't. bit liberals would love the US to fail....,yes,3/3/2016  3:03 PM,en,0,0,0.6369
Toyota_CAMRYx3,1030,7.0526609E+017,I love white girls like her  https://t.co/1k6WZSyxfx,yes,3/3/2016  5:38 AM,en,0,0,0.7717
Toyota_CAMRYx3,1030,7.0525611E+017,James love scrrenshotting,yes,3/3/2016  4:58 AM,en,0,0,0.6369
AutoFashionUSA,441,7.0518158E+017,Wheel Wednesday for @bobs619 new set up on his taco. Love it!!! ÛæåßÛæåßÛæåß #volkracing #te37 #toyota #tacoma... https://t.co/WO5TydXIte,yes,3/3/2016 12:02 AM,en,0,0,0.7249
AppleSUX,946,7.0511613E+017,@spicylatte123 @lisa67392 @187yusufkhattab they love Twitter &amp,yes, iphones &amp, AK-47s &amp, Toyota pickups...but down with kuffar!,3/2/2016  7:42 PM,en
HS_THEATER,1120,7.0503792E+017,Love is the windshield-washer fluid of the heart - it makes everything clearer. #nottoomuchsoapthough #HEARTSTREETTHEATER #HST #TOYOTA,yes,3/2/2016  2:31 PM,en,0,0,0.6369
morgadocious,1,7.049979E+017,12 √ø√´√§rs √∂ld üí¶ü§òüèæüòà Bestie: AngieüôÉüò© I love in New York City. I have a cat and a blue Toyota vanüî•. Y'all bios be screa,yes,3/2/2016 11:52 AM,en,0,0,-0.5904
Marin_Joaquin12,106,7.0494259E+017,Coming soon #toyota#chr#i#love#mashinbin#ilovemashinbin#car#cars#iran#tehran#allcars#mashin#supercharger#classiccar‚Ä¶ https://t.co/kvPfXuVN,yes,3/2/2016  8:13 AM,en,0,0,0
Toyota_CAMRYx3,1030,7.0490104E+017,I just want @KylieJenner to love me eternally,yes,3/2/2016  5:28 AM,en,0,0,0.6705
caroline3648,280,7.0489576E+017,happy bday to this hot piece of ass!!!! ugh love u can't wait to ride in ur Toyota!!!üôèüèªüéâ https://t.co/ELbwfpfVm2,yes,3/2/2016  5:06 AM,en,0,4,0.8057
toyota_tevin,118,7.04891E+017,I have a love hate relationship with Kelly https://t.co/xD8zrOvxSt,yes,3/2/2016  4:48 AM,en,0,4,0.128
Toyota_CAMRYx3,1030,7.0487073E+017,I don't care what they say I'm in love with you,yes,3/2/2016  3:27 AM,en,0,0,0.3761
HS_THEATER,1120,7.0486213E+017,"Just one more day till we go live with some great, heart warming videos! #HEARTSTREET #HST #TOYOTA #LOVE #ChangeTheWorld",yes,3/2/2016  2:53 AM,en,1,1,0.7177
LoveLifeChoice,240,7.0479776E+017,Thanks for following @healthandus @TrainFitnessUSA @Ramey_Toyota @RameyChevyPrin @RameyCJDR Please check out my page https://t.co/9CtGRg7qwK,yes,3/1/2016 10:37 PM,en,0,0,0.6369
ROI_Car_Scene,11,7.0479414E+017,How many likes for this beauty? #toyota #drift #rwd #modified #modifiedsociety #love #likeforlike https://t.co/kzwGvvWBHU,yes,3/1/2016 10:23 PM,en,0,0,0.765
BigDudesSK8,187,7.0474078E+017,@thefader @Toyota The Fader Fort still shows me no love. #SXSW,yes,3/1/2016  6:51 PM,en,0,0,0.4588
moonycouture,138,7.0469411E+017,"If you love cars, then maybe you need a new cosplay idea. Check out this set of characters based on Prius car parts. https://t.co/EyqqljTWnt",yes,3/1/2016  3:45 PM,en,0,0,0.6369
toyota_prius_30,59,7.0463486E+017,snow of love -Rencontre ver.- ave,yes,new feat.‰ΩêÂÄâÁ¥óÁπî mp3 https://t.co/qS6ENrmF8X rar https://t.co/r16Isq1HEe https://t.co/igsj6uz3tR,3/1/2016 11:50 AM,en,0,0
_SweetLikTEArra,2136,7.0449427E+017,@Toyota_CAMRYx3 your..Nigga..love..em üòõüôåüèΩ,yes,3/1/2016  2:31 AM,en,0,0,0
toyota_prius_30,59,7.0449264E+017,Love again (STRAIGHT RUN) globe mp3 https://t.co/qS6ENrmF8X rar https://t.co/r16Isq1HEe,yes,3/1/2016  2:25 AM,en,0,0,0.6369
natalialoren_,863,7.0445239E+017,Congratulations to my love @Fadi_kadomi for landing a job at Livermore Toyota as a car salesman üòçüòò,yes,2/29/2016 11:45 PM,en,0,3,0.8442
toyota_prius_30,59,7.0442756E+017,MY SUMMER LOVE MITSU-O! with GEILA mp3 https://t.co/qS6ENrmF8X rar https://t.co/r16Isq1HEe,yes,2/29/2016 10:06 PM,en,0,0,0.7371
Toyota_CAMRYx3,1030,7.0441173E+017,I got love for all my niggas who got love for me,yes,2/29/2016  9:03 PM,en,0,0,0.7906
LivermoreToyota,66,7.0441155E+017,"If you love what you are doing, you will be successful. ‚ÄìA.S. #MotivationMonday #Toyota #StriveForSuccess https://t.co/ZdLK98ZRBP",yes,2/29/2016  9:02 PM,en,0,0,0.8402
siccyb,67,7.0439367E+017,Thinking Ari &amp,yes, I need a charger. üòâ love our Toyota but it's time.,2/29/2016  7:51 PM,en,0,0
yourhomeatbayy1,37,7.0436446E+017,#flower #flowers #love #daddytime #toddlers #twins #kids #family #toyota #cutebyfather_of_twin_boyshttps://www.inst‚Ä¶ https://t.co/xJ9ylHGt,yes,2/29/2016  5:55 PM,en,0,0,0
toyota_prius_30,59,7.0436296E+017,CAN'T STOP FALLIN' IN LOVE -super euro version- NAOKI feat. Y&amp,yes,Co. mp3 https://t.co/qS6ENrmF8X rar https://t.co/r16Isq1HEe,2/29/2016  5:49 PM,en,0,0
toyota_prius_30,59,7.0435231E+017,LOVE. EXE -momo-I quality version- HALKO MOMOI mp3 https://t.co/qS6ENrmF8X rar https://t.co/r16Isq1HEe https://t.co/3qRvOXIN2h,yes,2/29/2016  5:07 PM,en,0,0,0.7125
Gateway_Toyota,10,7.0433534E+017,Happy #LeapYear! Spread the love with an act of kindness today!,yes,2/29/2016  4:00 PM,en,0,0,0.9097
toyota_prius_30,59,7.0432127E+017,BABY BABY GIMME YOUR LOVE DIVAS mp3 https://t.co/qS6ENrmF8X rar https://t.co/r16Isq1HEe,yes,2/29/2016  3:04 PM,en,0,0,0.7125
Nipunamatata,170,7.0430027E+017,LOL have a great #Monday everyone :) #ferrari #458 #toyota #funnypictures #fun #love #b #car https://t.co/kWLukOPss2,yes,2/29/2016  1:40 PM,en,0,0,0.8918
Mvikry,375,7.0429703E+017,üëÄ ‚ô´ You Give Love a Bad Name by @BonJovi (at PT. Dunia Barusa (Authorized TOYOTA Dealer)) ‚Äî https://t.co/eBewRFQuRy,yes,2/29/2016  1:27 PM,en,0,0,0.1779
ISPIenergy,183,7.0427546E+017,"@filippoclo @Toyota @ilFrancoTirator @citypat1 @gsurdi @toyota_italia love this debate, really telling of current mkt uncertainties!",yes,2/29/2016 12:02 PM,en,1,2,0.4753
Toyota_Aus,29025,7.0417909E+017,We love taking you to the trails less travelled. https://t.co/8l5sEsw1V9,yes,2/29/2016  5:39 AM,en,1,5,0.6369
bbriannaalexiss,56,7.0415517E+017,Me &amp,yes, my brother like the Toyota Corolla but we're both in love with the Kia Optima lol,2/29/2016  4:04 AM,en,0,0
Toyota_CAMRYx3,1030,7.0415442E+017,you don't really love me that ain't real love,yes,2/29/2016  4:01 AM,en,0,0,-0.8003
Toyota_CAMRYx3,1030,7.0415102E+017,üòªüòàü§òüèΩ- I'm proud of you and congratulations on getting accepted . Love you bessie,yes,2/29/2016  3:47 AM,en,1,1,0.9231
Toyota_CAMRYx3,1030,7.0414962E+017,üôåüëÄ- finny Finn Finn üòÇ you ma bitch but you be mia lol still love you,yes,2/29/2016  3:42 AM,en,1,0,0.743
mburnsjr,85,7.0405797E+017,Love today's Hendrickbresponse to Toyota and SHR @amsupdates,yes,2/28/2016  9:37 PM,en,0,0,0.6369
Nate_Cook3,475,7.0396629E+017,I feel like Carl &amp,yes, @JoeGibbsRacing will love the new whip! 2016 Toyota Racing Development Pro Tundra @ToyotaRacing https://t.co/pPBqcuY9,2/28/2016  3:33 PM,en,0,4
49Hotspur,16,7.0391214E+017,@prodrivetony love the whole thing. Very much a time I miss. Had an 82 Toyota Ute that I travelled outback Aus for 5weeks. Love it.,yes,2/28/2016 11:58 AM,en,0,0,0.8194
dazzleamia,158,7.0390096E+017,Nw this is wht m talkin aboutüòçüòçüòç.the 1st time i agree on abgs suggestion üòÑüòÑüòÖ hes been rejecting all cars that i love https,yes,2/28/2016 11:14 AM,en,1,0,0.5719
eulchoree1205,29,7.0388716E+017,TOYOTA GAZOO LADY .  LOVE ! https://t.co/WcssUfNJB5,yes,2/28/2016 10:19 AM,en,0,0,0.7371
ale_toyota,185,7.0379235E+017,You can't blame gravity for falling in love.,yes,2/28/2016  4:02 AM,en,0,0,0.6844
BigBub95,1154,7.0378265E+017,My man Bruce Heath would love this üíÄüíÄüíÄ https://t.co/Afobm6a31V,yes,2/28/2016  3:23 AM,en,0,0,0.6369
CharlottePentec,468,7.0374612E+017,Love your license plate!!  Mine is 17 NXT on a white Toyota...great minds think alike!!! #RollTideRoll #roadto17 https://t.co/HCQ8t950xj,yes,2/28/2016 12:58 AM,en,0,2,0.7482
Appalcarp,14,7.0367007E+017,"I like this! In fact, I love it. https://t.co/1STBC22FDt",yes,2/27/2016  7:56 PM,en,0,0,0.7901
PamperedFitness,11,7.0361615E+017,We love their cars and vans. We have owned several and they are the only car for our fami... https://t.co/8p0IaTqmrp https://t.co/zcvtCGX05n,yes,2/27/2016  4:22 PM,en,0,0,0.6369
Toyota_Lemon,90,7.0358122E+017,@bappuli that's one of my fears too when I think of going over there haha. But girl I'm sure you'll be great!!!! They're going to love you!!,yes,2/27/2016  2:03 PM,en,0,1,0.8346
Toyota_Lemon,90,7.0357416E+017,@_mhalexander_ lol I love you ‚ù§üòÇ,yes,2/27/2016  1:35 PM,en,0,0,0.7906
JasonRyanLovett,332,7.0342786E+017,@theandrewboyle @lauraniemi Thank you sir. &amp,yes, @Toyota sure did. So much #gingerbread love for #Toyotathon,2/27/2016  3:54 AM,en,0,1
Toyota_CAMRYx3,1030,7.0342776E+017,cus you love me  https://t.co/lQRd0c9icR,yes,2/27/2016  3:53 AM,en,0,1,0.6369
Toyota_CAMRYx3,1030,7.0341572E+017,love @missmulatto247 #TheRapGameReunion,yes,2/27/2016  3:05 AM,en,0,0,0.6369
Toyota_Lemon,90,7.0340623E+017,@senisreal our potty times are still synced and I love it,yes,2/27/2016  2:28 AM,en,0,1,0.6369
ClintBowyerAuto,1375,7.03363E+017,@MommyJeck @ClintBowyer @Toyota road trip??? We'd love to help you out!,yes,2/26/2016 11:36 PM,en,1,1,0.8286
9ChrisB3,93,7.0336038E+017,@Scuderia_Paul @toyota_europe very cool carüëçüèª love the spoilerüòú‚úåüèªÔ∏è,yes,2/26/2016 11:25 PM,en,0,1,0.7939
Drob0G,716,7.0334991E+017,@DieselIsDumb @SportsNation @Toyota fools in love with us.,yes,2/26/2016 10:44 PM,en,0,1,0.25
Sith9890,2883,7.0334187E+017,so that upcoming anime about bread's going to have Ibuki Kido and Moe Toyota (love that name) in it. Nice.,yes,2/26/2016 10:12 PM,en,0,2,0.4215
brunertoyota,138,7.0305528E+017,Love this one! You? #TBT  https://t.co/3mXS2SEbjn,yes,2/26/2016  3:13 AM,en,0,0,0.6696
xoxJohemxox,133,7.0299962E+017,Love my new domo sticker üòç #domo #sticker #car #corollasociety #corolla #toyotacorolla #toyota‚Ä¶ https://t.co/wd2zKgUjHA,yes,2/25/2016 11:32 PM,en,0,0,0.6369
Marin_Joaquin12,106,7.0293923E+017,#MNCLN #best #toyota  #supra #love #new #car #vip #l4l #instacool #life #instafollow #likeforlike #eyes#hot#germany‚Ä¶ https://t.co/wa1cbchh,yes,2/25/2016  7:32 PM,en,0,0,0
sweetlifeinthe,5280,7.0293165E+017,I would love to have one of these! @Toyota,yes,2/25/2016  7:02 PM,en,0,0,0.6696
LiYopp,75,7.0292567E+017,This is why I love what I do!!! #reputation @Toyota  https://t.co/ZF6knvNZmg,yes,2/25/2016  6:38 PM,en,0,1,0.7249
BirchwoodCafe,7659,7.0270583E+017,"@GoodFoodLaw 465 lbs of granola with room to spare! It's not just for hippies, farmers love it too! @NonGMOProject @Toyota @MOSESConference",yes,2/25/2016  4:05 AM,en,0,1,0.6988
toyota_tevin,118,7.0267908E+017,Honestly tormenting @JordanStefani98 is apart of my daily routine ...I love my best friend üòÇ,yes,2/25/2016  2:18 AM,en,0,2,0.9393
BigBonedJim,158,7.0266801E+017,I liked a @YouTube video https://t.co/X9NEx6W3Wq Why We Love Toyota's Mudding!,yes,2/25/2016  1:34 AM,en,0,0,0.807
MrBenjaminF,172,7.0264788E+017,Yes please. I'd LOVE to have one #AustraliasBestCars @Toyota_Aus @CMIToyota  https://t.co/2nAc5DxiD8,yes,2/25/2016 12:14 AM,en,0,0,0.873
