pukeko65,@Insolent_Minx_ @jonobasile @NZStuff I hope not as love my Toyota Corolla hate to think I am supporting that lot,yes,False,False,True,False,False,True,False,True
miss__scarlet,who is this woman in these #toyota commercials? I hate her.,no,False,True,False,False,False,False,False,True
hate_kaminapan,Toyota always delighted customers by their best services  #JoyOfOwningAToyota http://t.co/4rRPYYk9pq @Toyota_India,no,False,False,False,False,False,False,False,True
lydiamlutz,@naomi__dean my dads 1981 Toyota pickupüòÇ I hate it so muchüò°üò≠,no,False,False,True,False,False,False,False,True
jazzdedogg,Sat in a mini cab going back to work. I HATE TOYOTA PRIUS'S. Always feel sick when I'm in them.,no,False,False,True,False,False,False,False,False
ToyotaTweetClub,#automobile 2016 Toyota Prius Ugly Design Forgiven: The hate for the new Toyota Prius was very r... https://t.co/oygRcLTNp7 #Toyota #cars,no,True,False,False,False,False,False,True,False
AutoNewsBot,#ToyotaNews : 2016 Toyota Prius Ugly Design Forgiven: The hate for the new Toyota Prius was very real when Toy... https://t.co/XXVDEWaAyM,no,False,False,False,False,False,False,True,False
tristantyshawn,@Toyota_CAMRYx3 Camry I hate you,no,False,False,False,False,False,False,False,True
itsZist,@I_Be_Ninjaa in like 30 min tho bc I'm at the @Toyota dealership AND IVE BEEN HERE FOR 2 HOURS AND I HATE YOU TOYOTA,no,False,False,False,False,False,False,False,False
ADRiiENNEJ,I hate Toyota dealership here thats why I need a new car,no,False,False,True,False,False,False,False,False
lovexkaren,"I hate trucks, but the Toyota Tundra is my fav if I had to choose",no,False,False,True,False,False,False,False,False
libertyvalance8,@upinthecutjones @psychocbean70 screw your Toyota ads...I hate mine,no,False,False,True,False,False,False,False,True
DJ_tweets_MN,@Toyota l'm really thinking about getting a #4Runner and dumping my @Honda #Pilot. Really hate the #Honda #VCM! Sound good @ToyotaCustCare?,no,False,True,False,False,False,False,True,True
heiderzzz,I hate driving my dads old Toyota tundra truck I only love the beautiful white tundra,no,False,False,True,False,False,True,False,False
cadadj,You either hate it or love it...Toyota gives new Prius an ample style upgrade (pictures) https://t.co/kwrfdntbwY,no,False,False,True,False,False,False,False,True
CallMeSzabo,Goddamn I love Toyota Tacomas,no,False,False,True,False,False,False,False,False
ThereseLisan29,@Toyota my family has driven every Toyota vehicle possible. We owned a Camry and now a highlander. Safest cars ever. I love it.,no,False,False,False,True,False,False,True,True
lil_merm,u want the truth ?? Ok: I fukin love driving my Toyota Corolla idgaf,no,False,False,True,False,False,False,False,True
brandersen631,"I love how the #Toyota commercials say ""feel the power!""...of what? The 100 horsepower engine that makes slugs look like Usain Bolt?",no,False,True,False,False,False,True,True,True
SociallyKatie,"20k maintenance check at @Toyota. Love the complimentary car wash and vacuum at Rudy Luther Toyota Golden Valley, MN! #AboveAndBeyond",no,False,False,False,True,False,False,True,True
5280Adam,At the @Toyota dealership going twelve rounds of negotiating on a 2016 4Runner. I hate the care buying process but love this part of it. $$$,no,False,True,False,False,False,False,True,False
aprilec_,My family has a love for Toyota vehicles. #ToyotaTacoma #ToyotaCorolla #ToyotaCorollaS2016 Toyota clanüññ,no,False,False,False,False,False,False,False,True
EOK4,@ToyotaCanada We love our Toyota Corolla  :),no,False,False,False,False,False,False,False,True
Abeershaikh_Mas,My Love #Toyota Super Cars üòè https://t.co/hO6rCjokBE,no,False,False,False,False,False,False,False,True
wenklar,King of the World just came on during a Toyota commercial I'm in LOVE @youngrisingsons,no,False,False,True,False,False,True,False,True
Shatansty,@EliasJDM I would love to know what it feels like to drive a Toyota Camry it must be more thrilling than a corolla,no,False,False,True,False,False,False,False,True
ap1jon,@Toyota I love you Toyota,no,False,False,False,True,False,False,False,True
CarGuyCentral,Beautiful Toyota gt86! I freakin love those headlights! #Toyota #gt86 https://t.co/cJU7o0PGUn,no,False,False,False,True,False,False,False,True
xWhiteAngelus,Gotta love that Toyota Celica.,no,False,False,True,False,False,False,False,True
PhyliciaaaMerae,I love that Toyota Camry üò≠üòç,no,False,False,True,False,False,False,False,True
SirIkokwuPE,"@1049SMAFM #AutoCare Sir, kindly counsel me...am in love with Toyota Camry(especially 1999 Model), is it okay?",no,False,False,True,False,False,False,False,True
AutoLendersNJ,Love the dependability of the #Toyota Rav4? We got more Rav4's in store for you and yours. https://t.co/1AWKhMIi4G https://t.co/VMYqkPk0iD,no,False,True,False,False,False,False,True,False
gknight738,Love this Toyota beautiful classic car :-) https://t.co/mUJ1F0MvCb,no,False,False,True,False,False,False,False,True
Ryan__Rigg,Words cannot express how much I LOVE THIS CAR! I purchased my 2015 @Toyota Camry XSE on 5/28/15 &amp,no,False,True,False,False,False,False,False,True
chrisdabear,Love the new Toyota Tacoma commercial. https://t.co/fn8wzaFk32,no,False,False,True,False,False,False,False,False
2Wired2Tired,I love the @Toyota #Highlander Its' a great 3 Row SUV for the fam #DriveToyota https://t.co/2804C8CnbO https://t.co/DHSWXQo3um,no,False,True,False,False,False,False,True,False
YokohamaTC,Love that @Toyota Starlet widebody! https://t.co/H50lrCDi2q,no,False,False,False,False,False,True,False,True
MaggieDuke3,"@Toyota   I LOVE the new #Toyota commerical with the red, white and blue #TacomaTrucks SO MUCH, that I taped it and I WANT A WHITE ONE ! XOX",no,False,True,False,False,False,True,True,True
arriola,".@Toyota @TOYOTA_PR the future was driven, and I love the feeling. #Mirai #Êú™Êù•  @PopTech #Hybrid #FuelCell https://t.co/bbOHFfpifY",no,False,True,False,False,False,False,True,True
KTettemer,I got a 2012 Toyota Rav4 last weekend and I am in love with it! Thank you @Toyota I'm looking forward to driving this car for years to come!,no,False,True,False,False,False,False,True,False
mia_tortillaa,"@jeremyrules2016 2008 Toyota Yaris! It's super cute and small, I love it.",no,False,False,True,False,False,True,False,False
Karansharma2688,Love the Mirai @toyota,no,False,False,False,False,False,False,False,True
JoeOlejniczak,The one car I'm finally happy to own. Love this thing! #toyotacorollasplus #toyota #corolla #2016 @‚Ä¶ https://t.co/h7qUjUSSnb,no,False,True,False,False,False,False,True,True
Erika1Romero,#2016WickedTacoma in full 4X4 mode love the new @Toyota Tacoma https://t.co/FrSzGDdWoh,no,False,True,False,False,False,False,False,False
CarverToyScion,We love this 2016 #Tacoma that @Toyota modeled after the one from #BacktotheFuture. Take a look- https://t.co/oLkaxXzhFn,no,False,True,False,False,False,False,False,True
SunshadowAvR,"@MayorofLondon..@ToyotaGB ..you just love Toyota for having kept the Previa for so long, I dnt blame u, they make reliable card",no,False,False,False,False,False,False,True,True
alldailyvideos,5 Reasons I LOVE the 2016 Toyota Tacoma! https://t.co/NYhtiAgayE #Reasons #LOVE #the #2016 #Toyota #Tacoma,no,False,False,False,False,False,True,False,False
Inspiretim,@toyota love your film though very creative and funny:) https://t.co/5jKgWhPtUr check out the happy prius journey https://t.co/jHDh7VPZ7x,no,False,False,False,False,False,True,True,True
Penguins_71,"@tiffaneylee34 @CoryBertling7 LOL Toyota is so advanced, they have jobs that you don't even know how to do it. I love my Corolla BTW!",no,False,False,True,False,False,False,True,True
sarahertzz,@Toyota I'm CRYING THIS IS THE CUTEST BEST THING IVE EVER SEEN I LOVE TOYOTA,no,False,False,False,True,False,False,False,True
sarah_alxndr,@Toyota love it! #defyingboundaries,no,False,True,False,False,False,False,False,True
HENNYHUNNIES,I don't like the car but I did love the commercial üò© Great Scott! https://t.co/wtQ3jVJdi3,no,False,False,True,False,False,False,False,True
Kempton,Love good ads. @realmikefox Christopher Lloyd #BTTF ad @Toyota is pretty cool. Agency info: https://t.co/UO4RteiENj https://t.co/2O1SaVXyYC,no,False,False,False,False,False,False,True,True
ajaynes,@Toyota - your marketing folks are so cool and smart. Love this! #Mirai #marketing #STEM #branding  https://t.co/lRZrEYHqC3,no,False,True,False,False,False,False,False,True
byLaw,Love seeing Doc and Marty back in action! Proud to be a #Toyota owner :) #BackToTheFutureDay #ToyotaMirai https://t.co/paBC5lbZio,no,False,True,False,False,False,False,True,True
LukeCarra,"I love you, @Toyota. -- Fueled by the Future | Back to the Future | Presented by Toyota Mirai https://t.co/spxDjtK2ZH",no,False,True,False,False,False,False,False,False
Steffi_G,How great it is this!? Well played @Toyota . So much love for @realmikefox and #ChristopherLloyd . https://t.co/W39ePVAdyy #BTTFDAY,no,False,True,False,False,False,False,True,True
kitboyerca,Marty McFly's dream 4x4! Love this @Toyota #Tacoma. #BTTF2015 #BackToTheFuture https://t.co/24ToXRux1T,no,False,True,False,False,False,False,False,True
coreankomarec,Just saw the commercial - love this ad #toyota #playnow https://t.co/tHHkm88c2t,no,False,False,False,True,False,False,False,True
esvegana,Omg I love you @toyota! Thank you. #toyotamirai #bttf,no,False,True,False,False,False,False,False,True
natemarkelliott,Another reason to love @toyota - Fueled by the Future | Back to the Future | Presented by Toyota Mirai https://t.co/q0bvcUVxtZ,no,False,True,False,False,False,False,True,False
michaelcswan97,The new Toyota advert for hydrogen cars in INGENIOUS combining two things I love- clean energy and film references! https://t.co/JlX4wVNfkS,no,False,False,True,False,False,False,True,False
JudyG75,@Toyota I will be! Love Tacoma's have 2 üòÅ #Tacoma,no,False,False,False,False,False,False,False,True
horne_joey,https://t.co/3Zh4UZy6Te Words cannot describe how beautiful this car is... I love it... @Toyota #Prius,no,False,True,False,False,False,False,False,True
5Guys1Twooter,@Toyota I really loved the new Tacoma &amp,no,False,False,False,False,False,False,False,True
Ferrari458mad,Love rear end. #Toyota #quad  #instacars #instacool  #epic #carporn #carshow #motorshow #loveit‚Ä¶ https://t.co/u8bgCxZs70,no,False,True,False,False,False,False,False,True
watch1962,"I still love this Toyota Cressida DX, I owned a 79 model in 1983, it was a great ride to have. https://t.co/Yp2ekD8JTp",no,False,False,True,False,False,False,False,True
xxmelliemoo19xx,Glad I'm getting used to my car now....love my little yaris #toyota #firsttimedriver #yaris #24yearold #driver,no,False,True,False,False,False,False,False,True
rebelpride02,Love my Tacoma mine already has 160k..great run around truck! @CamoCandace @Ford @Toyota,no,False,False,False,False,False,False,False,True
Qwkhybrid,"@Toyota @WillGeronimo I love my toyota camry, it's an 08 and has never been to dealer besides for oil changes and maintenance",no,False,False,False,False,False,True,True,True
mikebcorry,All clean! Thanks @Toyota love my new #Tacoma #ToyotaNation http://t.co/UfNTu2UjSQ,no,False,True,False,False,False,False,False,True
Jlopezosh,@Uzziah_ I love those cars. I'm a fan of the fj cruisers too. There's just something about @Toyota,no,False,True,False,False,False,False,False,True
RachTaughtYou,@3zlifestyle I saw this nice 2011 Toyota Camry I fell in love but imma look at a few more spots tomorrow before I make final decisions,no,False,False,True,False,False,False,True,True
thetravelguru_,@Toyota the #Prius just gets better and better! I still have my 2001 Prius and I love it. 225k miles &amp,no,False,False,False,False,False,False,False,True
EarthTo_Kelsey,Test drove a Toyota corolla and I love it! Two weeks before we get itüôåüöó,no,False,False,True,False,False,False,False,True
RicksonLucas,My 3rd love #Toyota #FJ #FJcruiser #offroad #offroadlife #explorer‚Ä¶ https://t.co/HygXax1AeA,no,False,True,False,False,False,False,False,True
fowwow,love @Toyota's #fueledby campaign to help introduce the new #hydrogen #mirai. https://t.co/1usrKvDLMr,no,False,True,False,False,False,False,False,True
LauraJane_PA,"Back in my lovely @toyota Yaris. I love her, I've had her since I was 18! She is indestructible! http://t.co/8NlPeprJq5",no,False,True,False,False,False,False,False,False
Randy_Haas,@SashaGrayLA I'm on my 2nd Toyota Camry - love it!! Best cars I've ever owned.,no,False,False,True,False,False,False,False,True
CarKeys_UK,#TurboTuesday: I still love the 1994 #Toyota #Supra Turbo! http://t.co/pqj5jrFDrn,no,False,True,False,False,False,False,False,True
mlifeordebt,"We really do love our @toyota #prius#v. After many hours, our three are getting rowdy on a roadtrip‚Ä¶ https://t.co/IOLfjrpEIl",no,False,True,False,False,False,False,True,True
voodooban1973,The All new RAV4 Hybrid at the Frankfurt motorshow. I just love this HYbid! #HybridRoadTrip @ToyotaGB @toyota_europe http://t.co/vhernLUMy3,no,False,True,False,False,False,False,True,True
testerdahl,Driving a 2015 @toyota Sienna today and picking my son up from school. My boys love the easy to open‚Ä¶ https://t.co/IVVuWPE5O1,no,False,True,False,False,False,False,True,True
PinkyHeart6,"I love the Retro design of the Toyota Crown Sedan, too bad it's only available in Japan. http://t.co/QV9oe9hhYV",no,False,False,True,False,False,False,False,True
bluejay198,I love my Toyota Corolla. It's a pretty great reliable car. I can get in so many miles before filling up.,no,False,False,True,False,False,True,False,True
CraigFleece,I love driving my mother's '96 #toyota #4runner ... it's my favorite! #beast #letsgoplaces #roadtrip‚Ä¶ https://t.co/wJBZm0pnlg,no,False,True,False,False,False,True,True,True
PaulRizzo504,@Toyota  Got a Prius finally!!! Love it!!!!! So happy!! http://t.co/tjJuO8HFz8,no,False,False,False,True,False,False,False,True
jvr_xo,I've never been in love with a Toyota in my life ... This Toyota Camry 2016 is a beauty üòç &amp,no,False,False,True,False,False,False,False,True
tinyxx51,Even my goats love my 4runnerüòçüòçüòç so in love with my car #toyota #4x4 #4runner http://t.co/mONgtKjOmE,no,False,True,False,False,False,False,False,True
AutosandMore,07 @Toyota #Tundra Limited 4x4 TRD Off Road 4dr Love the Lift #toyota #tundranation #tundraoffroad #truck #forsale http://t.co/X0LfAKMBQI,no,False,True,False,False,False,True,True,True
DreHiDeF,My love  1985 Toyota Sprinter Trueno GT Apex,no,False,False,True,False,False,True,False,True
scientistkev,We love Toyota Priuses #ObservationsOfWhitesByWhites,no,False,False,True,False,False,False,False,False
Nerysxxxxxxx,@toyota_europe @voodooban1973 @ToyotaGB I love my Toyota Aygo watch! http://t.co/DlbtjHPJX4,no,False,False,False,False,False,False,False,False
emilythompson24,A year ago today I bought my @Toyota  Camry! I'm still in love with it. ‚ù§Ô∏è,no,False,True,False,False,False,False,False,True
Leon_ie,Love bringing my Lexus to the Toyota dealership cuz all the free food they haveüòÄ,no,False,False,True,False,False,False,False,False
thulih19,I love this Toyota aygo ad or whatever they call it,no,False,False,True,False,False,False,False,False
mjennisch,This is bad ass. I love working for Toyota Co!  https://t.co/1KFDkGswu7,no,False,False,True,False,False,False,False,True
Sparkle_Lynn,I kid I kid lol I have a Toyota Camry and love it dearly,no,False,False,True,False,False,False,False,True
tinocrane68,@Toyota Counting on it!!! Love my Prius!! #bringonthenext100000!!,no,False,True,False,False,False,True,False,True
MyKissyFace,"It's official, I don't like @oaklawntoyota anymore.  It's a never ending snowball effect of bad news! I still love @toyota tho.",no,False,True,False,False,False,False,True,True
ShelbsKeiff,My new whip you guys! #love #toyota #corolla üöóüíô https://t.co/fUO5bQiXE2,no,False,True,False,False,False,False,False,True
AnnaPizzapasta,@Toyota How I would LOVE the 2016 Toyota Tacoma!!,no,False,False,False,False,False,False,False,False
LadyAndTheDood,@BetchyWife I loooove my mom 2015 Jeep Grand Cherokee limited  but I also love the Toyota highlanders and 4runners,no,False,False,True,False,False,True,False,False
JohnnieBellamy_,love their toyota brigade too https://t.co/DR1HCIETZX,no,False,False,True,False,False,True,False,True
xpcamper,#Toyota #toyotatundra getting some #overland love with a much larger Fuel Tank to literally‚Ä¶ https://t.co/7SdX0rw90Q,no,False,True,False,False,False,False,False,True
GreenEyedGuide,@imperionissan Yep. New transmission for my @Toyota Camry. Love that car SOOO much.,no,False,True,False,False,False,False,False,True
RagdollKitty87,@AutoTrader_com Love this Highlander https://t.co/JJXw5sAP1R #HaulidaySweepstakes,no,False,False,True,False,False,False,False,True
TonyJWriter,"@99forever I have a Toyota Matrix right now - Fit seems almost as big as that, no? Love the utility.",no,False,False,True,False,False,False,False,True
rana_arganoil1,@ToyotaWoodford thAnk you for great service I love my new yaris very professional staff lovely cofee #Toyota @ToyotaGB,no,False,False,False,False,False,False,False,True
rbottoms,I love that Toyota Black Friday ads are showing up with hashtag #Negroproblem.,no,False,False,True,False,False,False,False,True
re_finance4u,Radical New #Toyota #Prius: Will Tree-Huggers Love It Or Loathe It? https://t.co/dw16JfMml5,no,False,False,False,False,False,False,False,True
VelvetRed79,Getting truck serviced and it is always several services I needüòè I love Lagrange Toyota though because it gets... https://t.co/hvKk64m96W,no,False,False,True,False,False,False,True,False
exlaz,I don't know who you are but I love you. #toyota #scion #scionfrs #cars #oc‚Ä¶ https://t.co/CSdUdWbFpN,no,False,True,False,False,False,False,False,True
adforum,"Even inanimate objects carpooling to work love the @Toyota #Scion. Weird, right? By @droga5 https://t.co/dvKkLIYGsB https://t.co/v6qhkL7lOe",no,False,True,False,False,False,False,True,True
ForbesAutos,A radical new Toyota Prius is coming. https://t.co/tsVMzo0FNl https://t.co/RVWV7JWvDX,no,False,False,True,False,False,False,False,False
xtinedanielle,"@Toyota Fantastic. Beat the crowds, for sure. Love all the trunk space the #Corolla offers! #SeasonOfGiving",no,False,True,False,False,False,False,False,True
Cynycter,Oh Gawd...I saw a 2000 Toyota Chaser Tourer V on Wheels..clean like a whistle...Very few ppl know how much i love those cars,no,False,False,True,False,False,False,False,True
edmunds,"The @Toyota Prius ranks pretty high on the ""Customer Love Index"" - here's the full list: https://t.co/4qAtDbHSg8 https://t.co/dheyu39qC0",no,False,False,False,False,False,False,True,False
MjayBoomin_,"Truck Porn , I Love that Toyota Tundra with Mud Tires . ‚ù§Ô∏èüí¶",no,False,False,True,False,False,False,False,False
TrevorMagargal,I love the new Toyota Tacoma  Comercial,no,False,False,True,False,False,False,False,False
cleopatra676,What an amazing prize xx :D My  Toyota Yaris would love these new accessories. Good luck everyone xx :D  https://t.co/IuHJPRlmsS,no,False,False,True,False,False,False,True,False
acardenas07,@Toyota love the all new Tacoma. But I'm poor can I just have one?,no,False,True,False,False,False,False,False,True
greg22hoops,I love when tv commercial discuss the meaning of life and then translate it into buying the new @Toyota,no,False,False,False,True,False,False,False,True
ZacharyJeans,@AndrewNebus @bmkatz @ValaAfshar we picked up a quality 2007 pre owned @Toyota Camry for $7000 - and totally love it.,no,False,True,False,False,False,False,False,True
Daniel_sewn,@Toyota @scion Thank you. I love my new 2015 Scion xB...I'm ready to upgrade to the 2017 model now.üöó #MyCarHasToBeRED,no,False,False,False,False,False,False,False,True
Beataboob,@Toyota sure would love to if I could afford such luxury. Some day soon ‚ù§Ô∏è love that Yaris,no,False,False,False,True,False,False,False,True
T3_RonaldoCR7,The Toyota Aygo ad is hilarious. Love it.,no,False,False,True,False,False,False,False,False
AhmedBhatti20,@MohsinHijazee Toyota prius might be small car but go for test drive anyway you will love it..!,no,False,False,True,False,False,False,False,False
njuks97,Totally fallen in love with this #toyota_alphard 2015 model.... looks extremely sexy‚Ä¶ https://t.co/V2HfxPGObi,no,False,True,False,False,False,False,False,True
Erika1Romero,Love the @Toyota @ToyotaLatino #2016Tacoma  https://t.co/2XWGqnF9uw,no,False,True,False,False,False,False,False,True
SAAutoShow,There's just something about a @Toyota Tundra! Love this silver! What truck will you be checking out today? #SAAS15 https://t.co/VcF1M3hY8S,no,False,True,False,False,False,False,True,False
autotalk,Gotta love the #BacktotheFuture #Tacoma in the #Toyota booth #losangelesautoshow #LAAS‚Ä¶ https://t.co/HYAcjUva5d,no,False,True,False,False,False,False,False,True
RealityPurple,@USAAutoAZ A Toyota Corolla and I love it.,no,False,False,True,False,False,False,False,True
FreestyleX23,".@Toyota I love my loaner Can I keep it?! I'm gonna be a dad soon, this #4Runner would be perfect! https://t.co/IKuS6xb3Ey",no,False,True,False,False,False,False,False,True
kenyancarguy,Americans and their love for huge pickup trucks #Toyota #Tacoma #Quantico https://t.co/lDd9p6ACyw,no,False,False,False,False,False,False,False,True
SusanFrissell,Blind-folded 2016  #Toyota Avalon XLE or Lexus ES https://t.co/mUCoVkKOkm dark wheels https://t.co/M3QJ4l5gkR,no,False,True,False,False,False,False,False,False
el_kikediaz22,$20 for a full tank love the 2016 Corolla @Toyota,no,False,False,False,False,False,False,False,True
akhurma,@taevans @PhilOnEdTech let me go on the record to say I love my @Toyota Sienna @ntderosu,no,False,False,False,False,False,False,False,True
tweetingyninja,@iHassanJaved I suggest you go fit aqua... Toyota Aqua. You'll love it,no,False,False,True,False,False,False,False,True
AutoNewsBot,#ToyotaNews : Radical New Toyota Prius,no,False,False,False,False,False,False,False,False
Lspesh,Fucking hate those shitty Toyota Prius',no,False,False,True,False,False,False,False,False
lordfiness_,Hate them Toyota niggas like the service writers cause they don't know shit,no,False,False,True,False,False,False,False,True
sinatrafreak,HATE the new #Toyota.com/prius commercials..dudes robbing the bank &amp,no,False,True,False,False,False,False,False,True
grandepdre,Seriously hate the Toyota commercials on Youtube.,no,False,False,True,False,False,False,False,True
PWCFreelance,Hate lame cover of Bowie's 'Changes' track for #Toyota RAV4 üòÅ #insensitive #advertising,no,False,True,False,False,False,False,False,False
_kaylinmiller,if u drive a Toyota Corolla I probably HATE YOU,no,False,False,True,False,False,False,False,True
byregot,Toyota prius????? I HATE IT NOW,no,False,False,True,False,False,False,False,False
laura_kayt,I just drove a 2.2 litre Toyota Rav 4 and i'm in love üöôüíû #toyota #rav4,no,False,True,False,False,False,False,False,True
RonBrooksGroup,What do you think to the all-new Toyota C-HR? We love it! https://t.co/Zey4XjTG81 #ToyotaCHR https://t.co/ro9CSdjj49,no,False,False,False,False,False,False,False,False
muttbag,@Toyota_Aus i love ur advert very funny :-),no,False,True,False,False,False,False,False,True
jnkjlezv,@ToyotaRoswell never owned a Toyota but love the look of the Avalon hybrid :),no,False,False,False,False,False,True,False,True
manfresi,Man I love that Toyota Hilux commercial.,no,False,False,True,False,False,False,False,True
a1_auto1,That's the #Toyota #Hilux we all love and remember: https://t.co/Zr6UYpADOq,no,False,True,False,False,False,False,False,True
Antwann_,Swear i LOVE @Toyota 's commercial with the Camry üòÇüòÇ,no,False,False,False,False,False,True,False,True
briannawood_,"I love @Toyota's service! Just came for an oil change, they vacuumed and washed my car.üéâüëçüèº",no,False,True,False,False,False,False,False,True
billmossburg,I love #Toyota cars but that #prius ad campaign is going to piss off the cops who might write extra tickets to prison drivers,no,False,False,False,False,False,False,True,True
NickWMpls,"@LanceTheDriver1 @Toyota Perhaps a new Land Cruiser? all new for 2016! ...I love mine, they last forever!",no,False,True,False,False,False,False,False,True
abrahamjba1,@Toyota  I love Toyotas but you guys really messed up on the new Prius it looks so terrible probably ugliest car I seen since PT Cruiser,no,False,False,False,False,False,False,True,True
JayGoonetilleke,I love #toyota 2016 with fully load navigation system + love to listen to @HowardStern  https://t.co/ZYbkJ77Cub,no,False,True,False,False,False,False,False,True
SnowsLeasing,The All New #Toyota Prius in our Millbrook Showroom! We love the new Hypersonic Red :-) https://t.co/iy1hVHiWsP,no,False,True,False,False,False,False,False,False
sarah_shawki,"Toyota is the best ever,i just love it #ilovemytoyota #ToyotaEgypt",no,False,False,False,True,False,False,False,True
carol74625081,@Toyota this is what it looks like after 24 years AMAZING Ha. LOVE CELICAS https://t.co/gq7m1lyBK7,no,False,True,False,False,False,False,False,True
Gena_Gavrilov,@MENACE @Toyota new priuses are so sick! Love both tho... Blue!,no,False,True,False,False,False,False,False,True
cherylatx34,@Toyota any love at sxsw for Prius owners?,no,False,True,False,False,False,False,False,True
h3e44,"@Toyota I ABSOLUTELY LOVE THE C-HR DESIGN, I WILL DEFINITELY BE WAITING FOR IT",no,False,False,False,False,False,False,False,True
LASoldierofKY,@milfhoneybee1 I literally just bought a new Toyota Prius and I already love it!!,no,False,False,True,False,False,False,False,False
hftris,Toyota wants to rival Honda HRV. Interesting. I love Toyota after sales service more than Honda.,no,False,False,True,False,False,False,False,True
untwin34,@ToyotaRacing I love Toyota trucks especially the Tacoma off road series. I got to meet Joe Gibbs in the mid 80s and have been a fan since!,no,False,False,False,False,False,True,True,True
TyrMactire,"I love that the @Toyota Prius commercial starts with ""you can't make this stuff up"". Advertising is entirely lies. You made it up. LOL",no,False,True,False,False,False,False,True,False
MarkShep_Lcfc,"Love the Toyota advert, just because of the thought of Bowie and Shrek",no,False,False,True,False,False,False,False,True
themby_z,I love this new Toyota Hilux ad üòÇ those kids are so cute,no,False,False,True,False,False,False,False,False
Mthokozisid,Gotta love the new tougherER #Hilux #TOYOTA,no,False,True,False,False,False,False,False,True
Magnaflow,How many of you love Japanese classics? This RA21 Toyota Celica is a perfect example of a timeless Japanese... https://t.co/87JEfMWXLr,no,False,False,True,False,False,False,True,False
s_frizzle,"Toyota Corolla sport, I love this car so much. üò≥",no,False,False,True,False,False,False,False,True
sweet_lette20,I love my#Toyota #corolla much https://t.co/ds66ytzs1t,no,False,True,False,False,False,True,False,True
NathanWebster3,Why did I doubt #Toyota?! Love the 2014 #highlander here. Glad to know I don't have to buy #new.‚Ä¶ https://t.co/c4nkMWb8IU,no,False,True,False,False,False,True,False,True
WillHerlong,I still love my @Toyota rav4 though,no,False,False,False,False,False,False,False,False
matt_reds,You gotta love a '98 Toyota Corolla with a VTEC sticker.  Doesn't get more JDM than that.  Lmfao,no,False,False,True,False,False,False,False,True
Seanfranchise6,I love that Toyota 2000GT. #dimensionw,no,False,False,True,False,False,False,False,True
Symharmony,"@ToyotaWestScion I love our Toyota Sienna, but I've had a lot of issues with the tires. How come the tires are never on hand at your store?",no,False,False,False,False,False,True,True,True
38677dispatcher,@Toyota did you put @russelled up to this for the 2016 #toyotatacoma? Love the song either way! https://t.co/UxmAijIohj,no,False,True,False,False,False,True,False,True
leannjunker,@Toyota Highlander. Love it,no,False,True,False,False,False,False,False,False
Bassgurl92,I really want a 2010 Toyota Corolla S I love the style,no,False,False,True,False,False,False,False,True
TobbySilver,I love to see #prius Taxi Cabs !! #letsgoplaces #toyota #toyotahybrid @ Hilton Fort Lauderdale‚Ä¶ https://t.co/n0qUnYDOPI,no,False,True,False,False,False,False,False,True
VantageMotorGrp,@voodooban1973 @ToyotaGB @toyota_europe love it! Especially the Toyota bits üòä,no,False,True,False,False,False,False,False,True
onyeubanatu,My 2nd love after 2003 Toyota corrola sport. THE HILUX 2.7. These vehicles  understands the Nigerian road more a... https://t.co/veresRFQ2S,no,False,False,True,False,False,False,True,False
jay9_36,@ootragirl @Toyota your welcome I hope you love your new hybrid RAV4 and welcome to the family! #ToyotaNation,no,False,False,False,False,False,False,False,True
pugzilla44,@Toyota can't wait to open mine up this summer!!! Love my new Tacoma üòç,no,False,False,False,False,False,True,False,True
kevinashworth,"Love me some HECK ON WHEELS still! / Toyota Prius Super Bowl 2016 TV Spot, 'Heck on Wheels' - https://t.co/HSJVuKK4MJ #ispottv",no,False,False,True,False,False,False,True,False
XERQio,Hmmm I think I love the 2016 Toyota Tacoma https://t.co/stRxEqmOth https://t.co/oWwx5NLRrD,no,False,False,True,False,False,False,False,False
MrDeads28,"So based on @Toyota new commercial, it's totally okay to rob a bank in their Prius bc people will love you &amp; cops won't catch you? ü§î#",no,False,False,False,False,False,False,True,True
MikeCalvertToy,These are the first images of the 2017 #Toyota C-HR!  We love it!,no,False,True,False,False,False,False,False,True
AMDiNarda,@Toyota so disappointed 2 hear Venza discontinued.  I love my car! Any plans to bring it back?,no,False,False,False,True,False,False,False,True
sheikh___syed,If @Toyota created a new supra I'll cop .. Love the Toyota supra best car they ever created,no,False,False,False,False,False,True,False,False
amylee926,"Am I the only one who doesn't love ""Jan"" from #Toyota commercials?",no,False,True,False,False,False,True,False,True
kaidaie8,never thought I'd fall in love with a Toyota Prius .......,no,False,False,True,False,False,False,False,False
GymCraftLaundry,@organize365 I forgot to mention to you that the SUV that I want to buy is the @Toyota Highlander. I love it.,no,False,True,False,False,False,False,False,False
thelexusman,"@ToyotaGB thanks mate,I love Toyota/Lexus and won't have anything else üòé",no,False,True,False,False,False,False,False,True
N_Y_realness,"I love this! @Toyota new #Prius commercial: 4 bank robbers, 3 of which are the Sobotka's from #TheWire #nick #frank #ziggy",no,False,True,False,False,False,True,False,True
ElbeFanatic,"""To catch a #Prius you got to be a #Prius"" - Great one @Toyota Love your ads a lot!",no,False,True,False,False,False,True,False,True
xtagia,Ford or @Toyota I love my Toyota Corolla Le,no,False,False,False,False,False,False,False,True
lastcallracing,Who has love for the  Toyota Supra? https://t.co/d5MeBE4hg1,no,False,False,True,False,False,False,False,False
callummacphers2,Fuck me just seen the new #Toyota #mirai. Not even its own mother could love it. Hideous. #uglyaf,no,False,True,False,False,False,False,False,True
Iris_2amclub,Can I just say how much I love the Toyota commercials that James Marsden is in!,no,False,False,True,False,False,False,False,True
Audrey_Estep,@B_Keller09 I love my Toyota 4Runner! The Honda pilots are nice too. Both hold their value over time!,no,False,False,True,False,False,False,False,True
nongallery,‚ÄúI Love my 2003 Toyota Avalon‚Äù by @nongallery https://t.co/kIV9xh1rik,no,False,False,True,False,False,False,False,False
Toyota,"@SaithusX1 It's hard not to love the Prius with it's eco-friendly attitude. And we love you too, Prince! :)",no,False,False,True,False,False,False,False,True
Shakaneng,@ToyotaSA I Love This Toyota yaris!Sketch doesn't look exactly like a photo. Hope it wins me a spot prize üò∞ Thanks ‚ô° https://t.co/HA685,no,False,False,False,False,False,False,True,False
BillMcCarroll,"@johnnypatience no, haha.  I drive a trusty Toyota Tacoma pickup.  Love my truck.",no,False,False,True,False,False,True,False,False
Stoliarova_Ana,"The new #avensis at #toyota stand #AutoSalon2016, love the new colour https://t.co/c1e0379c6o",no,False,True,False,False,False,False,False,True
HanisAziz_,Baby!!!! Im fall in love with Toyota Mark X!!!!!!! ‚ô•‚ô•‚ô•‚ô•,no,False,False,True,False,False,False,False,True
xdaniel_sonx,Can't stress enough how much I love this truck #Toyota #tundra https://t.co/iZQgmg9r6K,no,False,False,False,False,False,False,False,True
ChrystianTeh,I still miss her till this day. #memories #love #toyota #celica #ccm #celicaclubmalaysia #siaodays https://t.co/dbxF83cvkv,no,False,True,False,False,False,False,False,True
pagirl1119,Love Toyota because you can get a free Hershey Bar #TOYOTATREATS #TOYOTA417,no,False,False,False,True,False,False,False,True
KittyLovesGod,"@Toyota I love Toyotas! So long as ya take care of 'em they'll last 300,00 miles. My Husband is a 20 yr Toyota Master Auto Technician.",no,False,False,False,False,False,False,True,True
WLFHNTER,@Toyota we love our Prius C two 2015,no,False,False,False,False,False,False,False,True
candymaguire,Love my new wheels! #toyota #aygo https://t.co/5aUpZQJ5P8,no,False,True,False,False,False,False,False,True
iambrentemerson,Gotta love Bae. üòÅ‚ù§Ô∏è #toyota #corolla #altis #wheels #mags #auto #cars https://t.co/Dx573uETms,no,False,True,False,False,False,False,False,True
RhodeyLove,James Marsden in the new @Toyota commercial has me like üòçüòçüòç. Makes me love my #RAV4 even more.,no,False,False,False,False,False,False,False,True
austinrider500,@SODIKOFFtoyota can I meet you. love the steven toyota commercials. huge fan.,no,False,False,True,False,False,False,False,True
SeanSWhite,#toyotatreats #toyota306 @Toyota  your cars are awesome  love the design,no,False,False,False,True,False,True,False,True
CrumblingBrooke,I love Toyota because they are safe and look sharp! #toyotatreats #toyota933,no,False,False,False,True,False,False,False,True
princeslh,You will be in love with Toyota hiace ‚ù§Ô∏è‚ù§Ô∏è‚ù§Ô∏è https://t.co/HQsqYzzZiC,no,False,False,True,False,False,False,False,True
Cr8DigitalAsset,Mac and Sasha love to ride w/Mommy and @dsantoj! Lots of room in the back of the @Toyota 4Runner! #goldenretrievers https://t.co/HX5eXM3bh9,no,False,True,False,False,False,False,True,True
NicholaPickla,@ToyotaGB Best service from Mark at Toyota in Sunderland today. I absolutely love my new Aygo!! Professional and friendly service,no,False,False,False,False,False,False,True,True
SaithusX1,@Toyota I'm on my third Prius... love these cars! Toyota... love you guys!,no,False,True,False,False,False,False,False,True
eddo_,"Fallen in love with a 2nd hand top spec Toyota Yaris. Ridic low mileage, free road tax, 67MPG.",no,False,False,True,False,False,False,False,False
Curtisjmills,@Toyota I love my #tacoma but there were two things out of the factory that dealers wont fix. ahhhh #steeringwheelbuzzzzz  #windshieldleak,no,False,True,False,False,False,False,True,True
Quahneet,JDM rims love em' all. #JDM #toyota #honda #mazda #nissan #ke70 #lowlife #wishlist https://t.co/eSMKPuwQRv,no,False,True,False,False,False,False,False,True
Passeriform,Why Rebel Groups Love the Toyota Hilux https://t.co/I4nSrc0cw3 @greatdismal,no,False,False,True,False,False,True,False,True
BigLouNY,Love my car and love it even more when it's clean. #toyota #avalon #touring https://t.co/QF03aNNVx6,no,False,True,False,False,False,False,False,True
massholemommy,"Meet our new baby, Crowley.  He's a 2016 Toyota Highlander and we love him ‚ù§Ô∏è‚ù§Ô∏è #rueyear2016‚Ä¶ https://t.co/lFCHeAcdpJ",no,False,False,True,False,False,False,True,False
FckLove_GetPaid,Dont get me wrong tho .. I love my Toyota Camry ! thats my baby üòç,no,False,False,True,False,False,False,False,True
MommyGoRun,I love that I don't need to look at my phone for directions!  ¬†#Toyota #LetsGoPlaces #RAV4‚Ä¶ https://t.co/EacdISUabJ,no,False,True,False,False,False,False,False,True
Awankbombom,I love toyota #toyotalandcruiser (with Lazuardi) [pic] ‚Äî https://t.co/ZNnz8suRYt,no,False,False,False,True,False,False,False,True
thomasvilletoyo,Take the #Toyota RAV4 on your next adventure! You will absolutely LOVE this car! https://t.co/GPBjeYxyaG https://t.co/Veu689ihdl,no,False,False,False,False,False,False,True,False
drewbezanson,"@Toyota Well that too, of course! Love my Tacoma üôåüèº",no,False,False,False,False,False,False,False,True
abbieneal2,@Fruity_Fergie üòÇüòÇüòÇüòÇ in the toyota prius love itttt,no,False,False,True,False,False,False,False,False
EricaMueller,"Sure do love the staff at our local @Toyota dealer/service garage. Friendly, professional, and always happy to answer questions. #parisTX",no,False,True,False,False,False,False,True,True
durusky,"Well it happened finally, and I love the choice I made.#newtruck#toyota#2012 https://t.co/5liXsJJ5ZA",no,False,True,False,False,False,False,False,True
asianbama,#asianbama in #love with the all new #toyota  #2016RAV4SE #letsgoplaces https://t.co/y61ROaDaJ5,no,False,True,False,False,False,False,False,True
Tony1petrolhead,@ToyotaDakar  Love this Brand @Toyota  Just Awesome Vehicles  !! https://t.co/5SjXqLmts0,no,False,True,False,False,False,False,False,True
asunyui,I keep laughing at kwangsoo in that Toyota commercial I love him,no,False,False,True,False,False,False,False,True
Simplyy_Kiondra,@Toyota_CAMRYx3 - Don't front like you don't love me.,no,False,True,False,False,False,False,False,True
cctexasgirl,LOVE this review: Toyota Center Crowns Madonna Queen Rebel  https://t.co/glrXjECAEh via @hprocksoff,no,False,False,True,False,False,False,False,True
jaschin80,I'd really love to get one of these gorgeous machines. #DaddyNeedsANewCar #Toyota #Tacoma #Jeep #Rubicon https://t.co/knORho3fMt,no,False,True,False,False,False,False,True,True
tashijade017,"So I just test drove a #Toyota #Prius and I'm pretty much in love. So now the question is, do I want a Toyota or a #Honda? Bye bye #VW",no,False,True,False,False,False,False,True,True
larryjg,@Toyota I would absolutely love a new Tacoma!!!!,no,False,True,False,False,False,False,False,True
MensJournalZW,"Because boys will always be boys and still love toys. Classic Toyota Land cruiser, the go‚Ä¶ https://t.co/O5aNOZCr7t",no,False,False,True,False,False,False,False,True
doyougbr,Anyone that knows me knows I LOVE this! #LS400 #bippu #slammed #white #lexus #vip #celsior #toyota https://t.co/5cLnhgKMAN,no,False,True,False,False,False,False,False,False
nemerford,"The Batkas love their new Toyota Camry already, congratulations.  Thank you for working with Scott Canfield .... https://t.co/WMxJw7mOYn",no,False,False,True,False,False,True,True,False
StoneyyDOPE_24,@Toyota_CAMRYx3 honestly I hate you,yes,False,True,False,False,False,False,False,True
_princessstacia,i hate when people think there toyota truck is gold,yes,False,False,True,False,False,False,False,True
OMGLove_,@Benefit458 it'd cost $100 to fill up ours. That's how much it costs to fill up Toyota Camry here... I hate y'all.....,yes,False,False,True,False,False,False,False,True
mosescambiazo,@airtel_ke I hate green they r consuming our pocket but in Airtell life is sweet just waiting to win axio toyota then bush,yes,False,False,True,False,False,False,False,True
arcticanwxar,@Adeeba__ why tf am I not in this wth I hate this I hate Toyota Park why does that have to be a thing I'm so upset,yes,False,False,True,False,False,True,False,False
kccars,"Toyota Tacoma $14000: I am selling my 2007 Toyota Tacoma. I hate to get rid of this truck, but I am in need of... http://t.co/YN2Erq3ne6",yes,False,False,True,False,False,False,True,False
_divadeee,I fucking hate Toyota Corolla drivers,yes,False,False,True,False,False,True,False,True
CowshedDan,"Hate Toyota Prius cabs, more like Brian the snail cabs",yes,False,False,True,False,False,False,False,False
akashiseii,My hate for Toyota corollas grow every day to the point my family has to tell me about their experiences with corolla drivers,yes,False,False,True,False,False,False,True,True
tyrabnks,why does everyone hate Toyota Prius? it's such a nice car,yes,False,False,True,False,False,False,False,False
whyracheal,IF YOU EVER SEE ME IN A STUPID ASS TOYOTA COROLLA ITS MY MOMS CAR AND I HATE IT TOO,yes,False,False,True,False,False,True,False,True
shutterMuggz,"@HomelessLive 2002 Toyota Camry like 180,000 and it has a lot of weird electrical issues. Kinda hate it... Need to replace soon",yes,False,False,True,False,False,False,True,True
JGR_BRRL,@roymunson9 WE ARENT REAL FUCKBOY WE ARE A VIDEO GAME TEAM!! I HATE TOYOTA TOO!!! DONNY T FOR PRESIDENT!! #MakeAmericaGreatAgain,yes,False,False,True,False,False,False,True,True
EliMdza_,I hate driving in the snow with my truck. A fucking 1992 Toyota Camry drives better than that truck in the snowüòí,yes,False,False,True,False,False,False,False,True
patrick9030,Don't hate on #Toyota #Prius #owners https://t.co/u6wdDoeOnu via @YouTube,yes,False,True,False,False,False,False,False,True
BlueBalloonist,I added a video to a @YouTube playlist https://t.co/qBnjfoKndc Don't hate on #Toyota #Prius #owners,yes,False,True,False,False,False,False,False,True
SeeMeTwerk,"I hate to say, but the new Chevy Malibu is just as nice as a Toyota Avalon but about 10k cheaper. People, come buy these things!",yes,False,False,True,False,False,False,True,False
johnnysole,"For Cdale ppl who know how much I hated Marion Toyota guy,I now hate radio guy who announces dinosaurs at convention center on radio as much",yes,False,False,True,False,False,False,True,True
LuciPaulk,Hate ppl who drive 45 in a 55 in their flashy little cars on a 2 lane road. My Toyota needs to get to work sir!,yes,False,False,True,False,False,False,False,True
henryb1984,@superunknown111 i like kyle.. hate toyota,yes,False,False,True,False,False,False,False,True
jrisgr88,@Kenny_Wallace @RustyWallace @ToyotaRacing I hate Toyota but could be a great plant holder in the yard lol,yes,False,False,False,True,False,False,False,True
kjkeenan1950,@GrnEyedMandy @POTUS somehow they get financed....hate seeing the convoys of new Toyota trucks tricked out as weapon vehicles,yes,False,False,True,False,False,False,True,False
Francescaj67,3 days til i collect my new love üòç‚ô•Ô∏èüöò #Toyota #ToyotaAurisSport https://t.co/ZtksJVZpBR,yes,False,True,False,False,False,False,False,True
ZimMotorShow,Wonder if this will be at the #ZMS2016 gotta love that #Toyota https://t.co/0D25qeuQCC,yes,False,False,False,True,False,False,False,False
TF_110b,@DannyFChen @ToyotaMotorCorp love Ichiro! Glad hes with Toyota!,yes,False,True,False,False,False,False,False,True
dustyDeGroff,@5280Adam @Toyota your gonna love it!,yes,False,True,False,False,False,False,False,True
austinshorizons,Gotta love @Nissan and there #Gtrs and @Toyota and theyre beutiful #celicas https://t.co/WqvlCQ7N7F,yes,False,True,False,False,False,False,False,True
SelfieRobot,#gedi#fortuner#reyben#aviator#toyota#love#car#f4f#days#winter#come#tdh#lounge#frnds#selfies#cp#instamood#instadaily‚Ä¶ https://t.co/ZSk0X8EA,yes,False,True,False,False,False,False,True,True
AnmarBne,It's a nice street üõ£ I love it #prius #toyota #amman #jordan @ Shafa Badran https://t.co/o5QbuEPjxg,yes,False,True,False,False,False,False,False,True
sisdrenjen,"@ToyotaGB I would love to, does that mean you are going to donate one to me? That's very nice and charitable of Toyota",yes,False,False,False,False,False,False,False,True
Meeeshy93,"Welcome to my family my new car, named  sugar diamond. love it! #toyota #ToyotaCorolla #newcar‚Ä¶ https://t.co/6LAlkhDQtB",yes,False,True,False,False,False,True,False,False
lovinn_jakai,@1BOSSLADYYY I swear yall love them Toyota,yes,False,False,True,False,False,False,False,True
Toyota,"@Ryan__Rigg Awesome, Ryan! Always love seeing that gorgeous Camry of yours in our feed! :)",yes,False,False,True,False,False,False,False,True
Sealordphoto,"Love the electric car sharing service in Grenoble, France with Toyota i-roads and Toyota Coms.  @ToyotaMotorCorp https://t.co/sP5FbZi5IH",yes,False,True,False,False,False,False,True,True
Sir_Ntusi,"Love the old Yaris üòçüòçüòç ""@Tumisho_Maps: Toyota Yaris Ain't that bad as a first car though.""",yes,False,False,True,False,False,False,False,False
SP_JohnSullivan,@Toyota @kelliwardaz BTW I need a 1996 Avalon driver's side mirror. Competitors don't have drivers still talking about 1996. I love you.,yes,False,True,False,False,False,False,True,True
UPPCOS,This gorgeous Toyota Supra just arrived for a custom downpipe and intercooler piping. Gotta love sports cars from the 90s!,yes,False,False,True,False,False,False,False,False
MajiiKunMJ,In love with you #stance #stancelovers #stancenation #corolla #ohsoretro #toyota #lowered‚Ä¶ https://t.co/I3ELSIZArb,yes,False,True,False,False,False,False,False,True
Simplyy_Kiondra,@Toyota_CAMRYx3 - I love my life.,yes,False,True,False,False,False,False,False,True
integrated_pr,Actress @BlancaBlanco IPR founder @MoniqueMoss love @TheSimpsons and support @green4EMA  @Toyota @Lexus #ToyotaMirai https://t.co/yy3P8YyW3K,yes,False,True,False,False,False,False,True,True
ShaneWellington,@Toyota @DavidWilsonTRD I would so Love to own a #MartyMcFly #BackToTheFuture Edition #Tacoma ‚òùüèªÔ∏è,yes,False,True,False,False,False,False,False,True
evanmyers4,Blacked out Toyota supra. I'm in love,yes,False,False,True,False,False,False,False,False
JimmyRager,My New Love: #SwaggerWagon #Sienna2015 @Toyota - Prototype with options shown. Produ... (Vine by @EhBeeFamily) https://t.co/XghhEFxSv0,yes,False,True,False,False,False,False,True,True
bowhunter1088,"Ha this car for a month and we love it #toyota #priusc #newcar üíØüëçüòÑüòçüôèüèªüöó joannawilliams93 @ Columbia,‚Ä¶ https://t.co/fBf",yes,False,True,False,False,False,False,True,True
KeciaHambrick,My family and I are headed to the pumpkin farm in this 2015 Toyota Corolla. I love the color!‚Ä¶ https://t.co/7Gp5QIijAQ,yes,False,False,True,False,False,False,False,True
WaterRollsUphil,Vote for the #Toyota #MR2!  Love the adubs!  https://t.co/sKZnfwCHDv #SoapBox2015 https://t.co/Z7pqP5RX7D,yes,False,True,False,False,False,False,False,True
SheriffGbailey,@JBLaudio @CBellRacing21 @KBMteam @ToyotaRacing i love JBL and hate that terrorism official car Toyota,yes,False,False,False,False,False,False,False,True
R_Adams_Search,Fueled by the Future | Back to the Future | Presented by Toyota Mirai https://t.co/xv5Wr72kd8 Love this Energy from Waste ad from @Toyota!,yes,False,False,False,False,False,False,True,False
KarennBabyy,To the guy with the 2013 Black Toyota Camry with the weed sticker on the back.. Can you please stop leaving me love notes on my car. Thanks!,yes,False,False,True,False,False,False,True,True
AutoGuide,#Toyota S-FR Concept Previews a Baby FR-S. Love it or hate it? https://t.co/4njEl0ttEH https://t.co/QfWDJLtHWF,yes,False,True,False,False,False,False,False,True
MarkDuplass,"Fact: @jonlajoiecomedy drives a really dirty, bashed up Toyota Camry from the early 2000's. I love him so much for this.",yes,False,False,True,False,False,False,False,True
snoflke,üöò little blue car ‚ùÑÔ∏èSNOFLKE‚ùÑÔ∏è #mycar #snoflke #matrix #toyota #love #blue #sky #cornfeild #followme https://t.co/IXiFLZ1Uej,yes,False,True,False,False,False,False,True,True
johnthepayne,#tacoma gets a little love from motorcycle world. Backmarker: Toyota‚Äôs Amazing Motorcycle Ad https://t.co/LyT3wHOPuL,yes,False,False,True,False,False,False,False,True
MF3419,@zbindendesign heres some truck love for your other followers.. #TUNDRA #TRD #400hp #ToyotaNation #5.7L @Toyota https://t.co/5MyVI7zbBx,yes,False,False,False,False,False,False,True,False
phattyhales,Love our new car! #Subaru #brz #toyota #gt86 #scion #frs #utahlake https://t.co/o2G4PAG6gp,yes,False,True,False,False,False,False,False,False
carlot831,"2007 Toyota 4Runner Wagon, perfect for families who love to travel! get it for only $12,999! #Used #Car #Sales... https://t.co/97DKWs6swi",yes,False,False,True,False,False,False,True,False
planeshooter15,@AdmarkUK @PrestigeDiesels @Toyota @jeffylew Love it!,yes,False,True,False,False,False,False,False,True
mellenbog3n,Here Is @Toyota's Full 5-Minute Spot With Marty McFly and Doc Brown Back to the Future stars learn to love the Mirai https://t.co/VNxOxrA20t,yes,False,False,False,False,False,True,True,True
EvenKeeld,Delorean's are cool but I still love that Toyota Marty got. Sweet ass truck.,yes,False,False,True,False,False,True,False,True
eddiethelazor,Still in love with Marthy's Toyota Truck from 1985 #BackToTheFuture #RealFutureDay.,yes,False,False,True,False,False,False,False,True
NikitaGylander,@elonmusk would love option for my car to read my text messages to me or offer quick replies options like Toyota Rav4 does,yes,False,False,True,False,False,False,False,False
CI_Pratt,Guess what car brand we love? @Toyota #Toyota #BRANDLOYALTY #quality #workcar #familycar #everydaycar https://t.co/TLHoVrv1cv,yes,False,True,False,False,False,False,True,True
Toyota,"@HeyMadiLynn We certainly love that Tacoma 4x4 of Marty's, Madi! :) What a grea shot! Thanks for sharing it with us!",yes,False,False,True,False,False,False,False,True
hollywookiee,@Toyota yep! I love it!!! One of my favorite movies and this is a BEAUTIFUL new Tacoma!!!,yes,False,True,False,False,False,False,False,True
yuriko18837544,#KCA #VoteJKT48ID jonkhicks: Toyota I would love to get one of these! #BTTF,yes,False,False,True,False,False,False,False,True
Toyota,"@testerdahl That's heavy, Tim. It's hard not to love both the Mirai and that gorgeous Tacoma 4x4, isn't it? ;)",yes,False,False,True,False,False,False,False,True
bill_15_2014,"@ToyotaGB Thanks! Are there any northern factories? Would love to work for Toyota, my dads had one for years now üòÑüòÑ",yes,False,True,False,False,False,False,False,True
mattborck,@ToyotaCanada Thx for the retweet - love #Toyota !!,yes,False,True,False,False,False,False,False,True
SanMateoCIO,Toyota Mirai US launch!  Drives great  and love the Power on Demand option. #BTTF2015  #BTTF  #motm2015 #Mirai https://t.co/6hUciRne0x,yes,False,False,True,False,False,False,True,True
calise13,@INoahBro I love those v12 cts-v 's  Toyota really made a nice one. üëå and those chevy charger heavendogs. God damn üëåüëå,yes,False,False,True,False,False,False,True,True
StateFarm,The power of trash (like love) is a curious thing. #BackToTheFuture Proud to offer insurance for the #ToyotaMirai! https://t.co/O2Qtp9aVNf,yes,False,True,False,False,False,False,True,True
vienena,Fueled by the Future | Back to the Future | Presented by Toyota Mirai https://t.co/6mwY4gRknA via @YouTube love the 80s sound effects,yes,False,False,True,False,False,False,True,False
DonnellyGroupNI,The handling of the @ToyotaGB #GT86 will put a childish grin on anyone‚Äôs face! Love it? https://t.co/6SFOmmPMoO https://t.co/7NJ1oN11sH,yes,False,False,False,False,False,False,True,True
JudyG75,OMG ... Love it! Super sweet! #BTTF #Tacoma  https://t.co/6JTK1Be4jO,yes,False,False,True,False,False,False,False,True
BerryShortKake,Looking at some nice @Toyota RAV4s. Oh Im in love. üòç #2015,yes,False,True,False,False,False,False,False,False
rycarey,"@Hertz as much as I love the @Toyota Corolla and the @chevrolet Malibu, $1,000,000/week seems a little high, no?!? https://t.co/pcj17imY0u",yes,False,False,False,False,False,False,True,True
ClintBowyerAuto,Russell Beck just picked up his brand new 2016 @Toyota #Tundra We love our customers!! #Emporia https://t.co/xJqecDNbtr,yes,False,True,False,False,False,False,False,True
z_pro,#love #lovecars #loveit #toyota #mr2spyder #mrs #tokyo #jpn #f4f from¬†Instagram https://t.co/6kEX3fNre4 https://t.co/6FkR91owSJ,yes,False,True,False,False,False,False,True,True
itsjuanlove,"@MichaelCalienes cheers, love your toyota truck spot",yes,False,False,True,False,False,False,False,True
YoStepDad,I still love a Toyota Run-X though! I'd trade my Polo for a Run-X anytime.,yes,False,False,True,False,False,False,False,True
KayDesigner,"All the #Unemployed in the US, would love to have one of those #Toyota Trucks bought w/ loans from China + Japan. https://t.co/csK4BMIs1A",yes,False,True,False,False,False,False,True,True
JamesHalderman,When I'm in California I love seeing vehicles like this #Toyota Mirai fuel cell car. We don't have these in Ohio! https://t.co/flvuhxNi8s,yes,False,False,False,False,False,False,True,True
martin_raizen,You just have to love that Toyota celica tho üòçüî∞üî∞ http://t.co/Gw4GmGcgXQ,yes,False,False,True,False,False,False,False,True
alishanobbs,"@Roxanny5 Toyota Aygo, I love it so muchüòç",yes,False,False,True,False,False,False,False,False
jmdurruty,Why Rebel Groups Love the Toyota Hilux http://t.co/XXH4Z6Y0UH,yes,False,False,True,False,False,False,False,True
SupercarsofMAN,Toyota tundra looking clean üëåüèºüëåüèºüëåüèº #love #TagsForLikes.com #TagsForLikesApp #instagood #me #smile‚Ä¶ https://t.co/1T04S9WY,yes,False,False,True,False,False,True,True,False
iamsalimali,Ah the 1998 Toyota Supra gotta love this Iconic Japanese car. It was futuristic in its time and still holds down th‚Ä¶ http://t.co/JLcnwwB0m,yes,False,False,True,False,False,False,True,False
the__azhar,My first love #Toyota #tazz #missher http://t.co/VxWkGfLAFw,yes,False,True,False,False,False,False,False,True
giovanniazael,"@Toyota_CAMRYx3 May be fun short-term but hurtful in the long run. Love builds, it doesn't break. Don't need to #breakup to stay up.",yes,False,True,False,False,False,True,True,True
coachdustinfry,Just a normal Friday night in Dallas with @coachchadmorris at Frisco's Toyota Stadium!  Gotta love it!  #tempocopter http://t.co/BdL3nCcmiA,yes,False,False,True,False,False,False,True,True
JamesJSellsCars,I love these cars Check out my periscope #Scion  reviews at James Johnson Sells Toyota  on Periscope  https://t.co/kkeih8kATY,yes,False,False,True,False,False,False,True,True
AlwaysPony,Thoughts on my edits? By the way if you couldn't tell I love Toyota chasers lol -----------------------------------‚Ä¶ http://t.co/XmrzUuP7Y,yes,False,False,True,False,False,False,True,True
CarverToyScion,What's not to love about this spicy red 2015 @Toyota #Corolla? See it here- http://t.co/SOOlvFUpIQ #CaroftheWeek http://t.co/zDjdREGOxh,yes,False,True,False,False,False,False,True,True
Misch3000,@TheSmokingTire you should definitely import a #Toyota #Century. Love the show. Cheers.,yes,False,True,False,False,False,False,False,True
NewCarStuff,@phonny86  love your brand new #toyota . This is the perfect photo for your #logbook. Don't tell me you don't have plans to get one?!?,yes,False,True,False,False,False,True,True,True
djsmoove1967,"Lexus does look sexy, but still have to remember they're a Toyota. Used to love Toyota Supras...",yes,False,False,True,False,False,False,False,False
thenewswheel,We love this 1971 @Toyota Celica ST on @jayleno 's Garage! #TBT #ClassicCars http://t.co/dgvq4cgIeY http://t.co/JKq4HjmA2a,yes,False,True,False,False,False,False,False,True
thetravelguru_,@Toyota oh my. It's lush! So different from my 2001! I love not having a car payment but that #Prius is HAWT! #PrettyPrius,yes,False,True,False,False,False,False,False,True
iainreid,Love this picture of the Toyota #Tacoma - and love how it's described as a mid-sized truck in the US http://t.co/aouA7pZ0t1,yes,False,False,True,False,False,False,False,True
asianbama,#toyota #2016tacoma getting some love from the D5 #letsgoplaces #asianbama #iaimtacoma @ Emerald‚Ä¶ https://t.co/k08sxtKxIf,yes,False,True,False,False,False,False,False,True
Hboboht,A rich man from kogi state must have like 5 Toyota Sienna and 2 hummer bus... They love transportation business,yes,False,False,True,False,False,False,False,True
Losee14,@99_chevy_boy @honey_badgerr keep hating but forever love Toyota tacoüíñüíñüíñüíñüíñ,yes,False,False,True,False,False,False,False,True
Mutate20,@PopeBrendadict @toyota_kamry like actually love it. Not shade.,yes,False,True,False,False,False,False,False,True
LanceTheDriver1,Meeting the faces and hard work behind @Toyota trucks has taken my love for the automotive industry even further. #thankful,yes,False,True,False,False,False,False,False,True
thesweetmom,I‚Äôm in love with the Toyota Sienna. Come see if you are too! http://t.co/PDrh9ruOnH http://t.co/1a1SpcV4sm,yes,False,False,True,False,False,False,False,True
yarbr012,@Candypo A1 I have a Toyota Prius (2012) and I love it!  #CambioConfiable,yes,False,False,True,False,False,False,False,False
Drew_Wynn,@Toyota_CAMRYx3 nothing just working out and playing the game I love,yes,False,True,False,False,False,False,False,True
jnrkofi3,"Fraud Boys dey Love Toyota Camry too much,Why is that what the Mallam told them to spend their money on?the gods must love Toyota LOL",yes,False,False,True,False,False,False,True,True
NewCarStuff,@jdonith @Toyota don't forget your #cloud #logbook from @stuffistry. We know how much you love great stories. #storify you car story!,yes,False,True,False,False,False,True,True,True
mollyknicholson,"I mean, if you put a classic logo on a cake pop, this PR grad is going to love it. @ Milton Ruben Toyota https://t.co/7efwpRzy5M",yes,False,False,True,False,False,False,True,False
BSpice,"@Co_wheels Thanks. Happened a couple of times now, for no apparent reason. Toyota Yaris in Hexham (I love that car btw)",yes,False,False,True,False,False,False,False,False
ToyotaTweetClub,#car Used Toyota Avalon Jacksonville FL 32225: You're going to love the 2004 Toyota Avalon. Th... http://t.co/vAsdrbDdxi #Toyota #Avalon,yes,True,False,False,False,False,False,True,False
MommyIves,"@ScaryMommy Love this! I fought the minvan for so long, bought a new @Toyota Sienna &amp; it was love at first carpool. #minivanmom #momlife",yes,False,False,False,False,False,False,True,True
TheIzunna,Politicians love that toyota prado car and the big lexus too.,yes,False,False,True,False,False,False,False,True
WooParkMazda,Congratulations to Bryan Gallo-Malta on his purchase of his Toyota Tundra.  Great choice and we love the TRD... http://t.co/xE7OwcYL1Q,yes,False,False,True,False,False,True,True,False
gordon_dona,"@Toyota Bought this car in Oct 05...Love my 2006 Toyota Camry -  #350,000+miles #toyotastrong http://t.co/hXsMZU6zj6",yes,False,True,False,False,False,False,False,True
PugPug_Love,His and hers üöóüöò #bmw #Corolla #toyota  #320 #pug #Pugstagram #alfie #myboy http://t.co/mpPIRBX8VW http://t.co/9PwEs6WCPY,yes,False,True,False,False,False,False,True,True
j3553pablo,The best gift I could ever receive: 1995 Toyota Supra with a 2jz twin turbo motor. üòçüòçüòç I will love you forever if you get me this.,yes,False,False,True,False,False,False,True,False
mark_davis45,When Nathan is in love with his new car and he just sends pictures to me... #Toyota #Prius http://t.co/lKzqFemz27,yes,False,True,False,False,False,False,False,False
j_mancia,The moment I fell in love with the toyota supra http://t.co/D62onAbQb6,yes,False,False,True,False,False,False,False,False
tct_magazine,So. #wouldyoudriveit? Soooo much 2016 Tacoma love coming soon!! #tacomatime #Thetoyotamag #toyota #4x4 #4wd... http://t.co/eiF8OmLU7h,yes,False,False,False,False,False,False,True,False
MotoManTV,"When these came out, I thought I had seen #jesus . . . Still LOVE these . . . #toyota #supra at #jccs‚Ä¶ https://t.co/vRNJYBbOBS",yes,False,True,False,False,False,False,True,True
HussainAMajeed_,I love A 2J engine swap Low Boost Toyota Supra‚ù§Ô∏è,yes,False,False,True,False,False,False,False,False
twieterazzi,Radio702 @702JohnRobbie you can't fault Japanese durability. Just think about how boere love their toyota bakkies.,yes,False,False,True,False,False,False,False,True
shrave,I love #hybridvehicle only parking spots. It's like I have #PriusPriviledge. @Toyota #Prius FTW.,yes,False,True,False,False,False,False,False,True
Couchh00,Almost everybody in this neighborhood has a Toyota Tacoma üòÇ love pointing them out,yes,False,False,True,False,False,False,False,False
GalieDapula,Toyota Hilux..Legend45 such a smooth ride...etsamaya monate i love it,yes,False,False,True,False,False,False,False,True
prettybumnigga,They love Toyota Tundras in Texas,yes,False,False,True,False,False,True,False,False
ooyuzautos,"New 2016 Toyota Prius: Love It Or Loathe It, But You Can't Ignore It.. Related Articles: http://t.co/rQ7zygsFK0",yes,False,False,True,False,False,False,False,False
LanceTheDriver1,It's official: I love #Texas. My journey to the birthplace of the @Toyota Tundra continues. http://t.co/FOKZ3PC15i,yes,False,True,False,False,False,False,False,False
JessBenson_,Going to have my first love reading at 4:30 in a Toyota Camry sorry but it's sold outüìö,yes,False,False,True,False,False,False,False,True
Ens_Auto,"We are in LOVE with the Scion iM! If you haven't seen it yet, you must stop by!! #yxe #scion #toyota #newcar http://t.co/YDhqkGB4LU",yes,False,False,False,False,False,False,True,True
CarverToyScion,We're in love with our newest #CaroftheWeek! It's a 2015 @Toyota #Highlander! Take a look- http://t.co/QdbpUQtvdq http://t.co/JWQcZkFTiR,yes,False,True,False,False,False,False,True,True
iam_mitchphelps,"@Toyota, why cant we get the Global Land Cruiser here in the United States? I love the land cruiser but I would rather not spend $80K on it.",yes,False,True,False,False,False,False,True,True
5loodevil,"@BenWalke @NeedforSpeed Fall in love with R34 üòç, but where is my lovely Toyota Supra üò≠üíî",yes,False,False,True,False,False,False,False,False
nhcarshop,Check out our reduced prices! #carsforsale #BlackFriday #jeep #miata #ford #truck #toyota #live #love #easyfinancing https://t.co/kv8IPKoZNw,yes,False,True,False,False,False,False,True,True
JpKalkman,@boliviatravel1 @dakar #love that #toyota #hilux :-),yes,False,True,False,False,False,False,False,True
14crown466,Today's #Enoshima #Cruising #happy #fashion¬†#love¬†#drive¬†#TOYOTA #crown #athlete #GSR182 #„ÇØ„É©„Ç¶„É≥ #jp‚Ä¶ https://t.co/l9cxoYObc4,yes,False,True,False,False,False,True,True,True
kenallmonk,"@HWYThruHell,@Toyota Canada,Regina and Toyota Canada Jennifer thank you for making Brandon and i feel the love ! https://t.co/N3bQcUrW6F",yes,False,False,False,False,False,True,True,True
iamsalimali,üòçüòçüòç #honda #acura #nissan #toyota #integra #gtr #supra #love #cars #perfect #jdm by stayswirlydarling https://t.co/0qg6vROWgN,yes,False,True,False,False,False,False,True,True
planethummer,@ToyotaRacing what kind SUV Toyota can you  recommend thanks for your opinion. I would love to work for Joe Gibbs for the rest of my life!!,yes,False,False,False,True,False,False,True,True
LauraLehigh1997,"Kearny Mesa Toyota on #Yelp: Love my sign ""I'm going home with Davis"" on my new Toyota Prius 2015. Special touch @ ‚Ä¶ https://t.co/FRmz2hAY",yes,False,False,True,False,False,False,True,False
new_wongsakorn,‡∏Ç‡∏≠‡∏ö‡∏Ñ‡∏∏‡∏ì‡∏ä‡∏≤‡∏ß‡∏ô‡∏Ñ‡∏£‡∏õ‡∏ê‡∏°‡∏Ñ‡∏£‡∏±‡∏ö #thanks #toyota#revo#nfc#new_wongsakorn we_love_wongsakorn cc gold818 kepond @‚Ä¶,yes,False,True,False,False,False,False,True,True
TUCgovernment,"Service Technician: Desert Toyota, located in¬†Tucson AZ, needs a service technician. If you love solving car p... https://t.co/xk3p3TmGId",yes,False,False,True,False,False,False,True,False
scottcuster,"@Honda Love the new Pilot, but 2nd row Captain's Chairs only in the Elite trim???  I guess I will get a @Toyota Highlander instead.",yes,False,True,False,False,False,False,True,False
c4arl0tt398,@ToyotaGB ooooo I'll have to tell him about that he will be jumping off the walls thankyou #Toyota!!! #love,yes,False,True,False,False,False,False,False,True
MannyPhresh_,@Toyota_CAMRYx3 thanks in advance love üòò,yes,False,True,False,False,False,True,False,True
FCJayBird,Looking at other stadium setups I have to say I love how Toyota Stadium is a buried in the ground bowl.,yes,False,False,True,False,False,False,False,True
VScomedy,@dnlsuarez Congrads being ROTY #XFINITYSeries #Toyota @JoeGibbsRacing Would love to #interview on our #podcast https://t.co/lvSwcf047P,yes,False,True,False,False,False,False,True,True
ShineGraffix,JDM love ‚ù§ #toyota #subaru #scion #stance #wheels #slammed https://t.co/MUPN3QrQ0Z https://t.co/XTbNg6qril,yes,False,True,False,False,False,False,False,True
chruIlo,i love my boobs. i think they're beautiful and functional like a toyota prius.,yes,False,False,True,False,False,False,False,False
SierraEx,For all our customers who love Toyota Land Cruisers check out these photos of the Toyota Land Cruiser Heritage... https://t.co/3B8fZ4e59J,yes,False,False,True,False,False,False,True,False
EmmaKlieve,Picked up my Toyota Aygo Go! from @ToyotaMacc and I'm in love! Huge thank you to Danny! https://t.co/n7iAbsU2by,yes,False,True,False,False,False,False,False,False
montarethose,no love toyota camry,yes,False,False,True,False,False,False,False,True
marytheluckyone,@rallyparadise  I love that Toyota comes to WRC. I want fight between VW and Toyota.  @TreJake  #VWman,yes,False,False,True,False,False,False,False,True
heiderzzz,I hate driving my dads old Toyota tundra truck I only love the beautiful white tundra,yes,False,False,True,False,False,True,False,False
Cj_NBM,"I LOVE regular girls! Toyota Corolla driving, 450 follower having, school going girls. üî•üî•üî•üî•üî•",yes,False,False,True,False,False,False,False,True
Mike_Ryan80,If you drive a Toyota RAV4 I hate you.,yes,False,False,True,False,False,False,False,False
arielle_saraa,@TynaaMontanaa yeah im a fucking Toyota camry who would've thought considering I hate Toyotas,yes,False,False,True,False,False,False,False,True
kali_iatrou,@UnionParkBMW yeah idk I love my Toyota so I would definitely go back with the same car I had! Toyota Corolla,yes,False,False,True,False,False,False,False,True
cruszaa,Woman says rodents love her #ToyotaPrius #ToyotaPrius... https://t.co/ctT011fkPz,yes,False,True,False,False,False,False,False,False
virginmaryrussi,miley cyrus egg   dad keno batridge candor  born in capperville Toyota sweet egg love you met you,yes,False,False,True,False,False,False,False,True
shamans_heal,I wished I loved anything as much as Toyota Camry drivers love driving 10 miles beneath the speed limit in the Fast Lane!,yes,False,False,True,False,False,False,False,True
Jackson_love_97,Toyota C-HR ‚Äì production HR-V rival officially unveiled https://t.co/pFFsOWxQfa,yes,False,False,True,False,False,False,False,True
DBDAN61,@Edmunds_Test @Toyota I love spotting these all over LA. It's always fun even when they're dead giveaways. #CarJunkie,yes,False,True,False,False,False,False,False,True
AutoFashionUSA,Wheel Wednesday for @bobs619 new set up on his taco. Love it!!! ÛæåßÛæåßÛæåß #volkracing #te37 #toyota #tacoma... https://t.co/WO5TydXIte,yes,False,True,False,False,False,False,True,False
Marin_Joaquin12,Coming soon #toyota#chr#i#love#mashinbin#ilovemashinbin#car#cars#iran#tehran#allcars#mashin#supercharger#classiccar‚Ä¶ https://t.co/kvPfXuVN,yes,False,True,False,False,False,False,True,True
BigDudesSK8,@thefader @Toyota The Fader Fort still shows me no love. #SXSW,yes,False,True,False,False,False,False,False,True
_SweetLikTEArra,@Toyota_CAMRYx3 your..Nigga..love..em üòõüôåüèΩ,yes,False,True,False,False,False,True,False,True
yourhomeatbayy1,#flower #flowers #love #daddytime #toddlers #twins #kids #family #toyota #cutebyfather_of_twin_boyshttps://www.inst‚Ä¶ https://t.co/xJ9ylHGt,yes,False,True,False,False,False,False,True,True
ButtsyButler,"Very rarely I get a horn about another Soarer but omg,  love this #Toyota #Soarer #CarPorn‚Ä¶ https://t.co/dioQht9gYk",yes,False,False,False,False,False,False,False,True
ISPIenergy,"@filippoclo @Toyota @ilFrancoTirator @citypat1 @gsurdi @toyota_italia love this debate, really telling of current mkt uncertainties!",yes,False,True,False,False,False,False,True,True
HoagiesGarage,"The #TRD Pro #4Runner @cleautoshow - love this thing, looks so angry! #TRDpro @toyotausa #toyota #SUV https://t.co/PU6BppF6ie",yes,False,True,False,False,False,False,True,True
eulchoree1205,TOYOTA GAZOO LADY .  LOVE ! https://t.co/WcssUfNJB5,yes,False,False,True,False,False,False,False,True
ClintBowyerAuto,@MommyJeck @ClintBowyer @Toyota road trip??? We'd love to help you out!,yes,False,True,False,False,False,False,False,True
xoxJohemxox,Love my new domo sticker üòç #domo #sticker #car #corollasociety #corolla #toyotacorolla #toyota‚Ä¶ https://t.co/wd2zKgUjHA,yes,False,True,False,False,False,False,False,True
andrewtoyota,@Brian_Kramp @fox6now @Brewers @fox6studioa... 2016 @toyota Rav4 Hybrid SUV! Love that vehicle!!,yes,True,False,False,False,False,False,False,False
antheam13,Walking into a sea of Toyota red! I love it! Let's do this! #HiluxToughFest #toyotasa https://t.co/gQby42REzD,yes,False,False,False,False,False,False,False,True
QueenToniKisses,@Toyota_CAMRYx3 and bitches love hood niggas wit ambition,yes,False,True,False,False,False,False,False,True
aprillaney0316,"Wow, I love @Listia! I just won this for free, HTF 2016 HOT WHEELS Toyota Supra on Snowflake card https://t.co/WTepZuPZIe",yes,False,False,True,False,False,False,False,False
missmcqueeen,My little man trying out toyota's kids section driveway. He love cars just like his daddy üöó https://t.co/XHzsnvhfvD,yes,False,False,True,False,False,False,False,True
aaois,@TOYOTA_PR @Toyota @ToyotaCanada @toyota_europe @Toyota_Aus I love CMs of #TakuyaKimura. Thank you! I'm waiting for a new CM.Please!,yes,False,True,False,False,False,False,True,True
destinyj3212,@TamarBraxtonHer @Toyota_CAMRYx3 yes u love him,yes,False,True,False,False,False,False,False,True
HowlinHounds,@rusty044 @Toyota Very nice. The Bassets will love it!üê∂üêæ,yes,False,False,False,True,False,False,False,True
ALYCIACALLME,i love alycia and mercedes' friendship i'm glad alycia's hanging out with mercedes cause i didn't like toyota,yes,False,False,True,False,False,False,False,True
b_fearron,@Toyota @vagabrothers  many benefits of JESUS/YESHUA teaching based on mosaic laws title You Must Love Your Neighbor https://t.co/w4jy53zYHR,yes,False,True,False,False,False,False,True,True
AnIceCreamCone,Love to find pics of me! (not my pic) Ice cream hangs #nissan #gtr #toyota #chaser #110 #r32 #yamaha #r6 #icecream #friends,yes,False,True,False,False,False,False,False,True
derekwsteele,Thank goodness I'm a 1993 Toyota Corolla because I love mozzarella sticks https://t.co/w6tZV6H1Tl,yes,False,False,True,False,False,False,False,True
DaleRussellFox5,Didn't you love the SOTU pick up truck imagery. Poor Toyota.  https://t.co/aIXy45UMKA,yes,False,False,True,False,False,True,False,True
NathalieMolina,"Love this story about a #womanowned manufacturing co, killing it! #toyota #RosaSantana @curemarkCEO @ninagvaca https://t.co/KwnEKH7OJs",yes,False,True,False,False,False,False,True,True
_shekhar_menon_,". @Car_Trade love storm troopers much, eh @Toyota",yes,False,True,False,False,False,False,False,True
HarperWallace1,Grad humanist raps his dearly love to versus spellbinding an 2012 toyota corolla: BzMy,yes,False,False,True,False,False,False,False,True
cbarlow27,@TheEddChina huge fan of @Wheeler_Dealers. Would love if he could rebuild my 87 Toyota Supra Turbo. Love his work.,yes,False,False,True,False,False,False,False,False
madeforamiracle,Hey @Toyota we all LOVE our #swaggerwagons ...help sponsor us at @LLRMH Walk For Kids in March!! #Madeforamiracle #BoothSponsors,yes,False,True,False,False,False,False,True,True
obtusetweets,OTA! n_williams21 : I love the snow but seeing the truck coated in salt kills me #tacoma #toyota #liftedtrucks @‚Ä¶ ‚Ä¶ https://t.co/Hjslw5U,yes,False,False,False,False,False,False,True,True
ashleeeygarcia,Saw the most beautiful man I've ever seen in my entire 19 years of life at the Toyota dealership I'm in love,yes,False,False,True,False,False,False,False,False
n_williams21,I love the snow but seeing the truck coated in salt kills me #tacoma #toyota #liftedtrucks @‚Ä¶ https://t.co/m6jhdRa9U2,yes,False,False,False,False,False,False,False,True
integritycomics,Texas love Madonna it seems. Good Vibes! Toyota Center Crowns Madonna Queen Rebel  https://t.co/Z6WdJsLjYK via @hprocksoff,yes,False,False,True,False,False,False,False,True
ClintBowyerAuto,Aaron Bura proud veteran at 93 years young just swapped for this 2015 @Toyota  #camry we love our customers! https://t.co/B2AirQBVXk,yes,False,True,False,False,False,False,True,True
DavinCaruso,Love getting stuck In the road -.- Toyota problems,yes,False,False,True,False,False,True,False,True
storm_jennings,@ChuckBell4 @Reagan_Airport yes the winds were pushing me across the road #SUV @Toyota love them.,yes,False,True,False,False,False,False,False,True
SmsGuildford,@lexuspilot @Toyota @LibertyToyota @AlamoToyotaSA @BoscoJl65 @Aventurero64 @NoeRastrero @corozco7872 @pedrodolar13 @Zeroto60Times Love it:-),yes,False,True,False,False,False,False,True,True
Jorge2SAUCY,if I didn't drive a Toyota Yaris would you still love me ?,yes,False,False,True,False,False,False,False,False
