Username,Number of Followers,Tweet ID,Tweet,noise,Timestamp (UTC),Language,Retweets,Favorites,Sentiment
lakerfans32,32717,6.4815295E+017,Man I love Race day!! üòÉüèÅ #Go19 #JGR #CarlEdwards #Pole #Toyota #Camry #loudon http://t.co/DSx8hkTzTr http://t.co/QOpiYqsp8Q,1,9/27/2015  3:11 PM,en,0,0,0.6988
alishanobbs,1213,6.4815027E+017,"@Roxanny5 Toyota Aygo, I love it so muchüòç",1,9/27/2015  3:00 PM,en,0,1,0.6369
jmdurruty,978,6.4813734E+017,Why Rebel Groups Love the Toyota Hilux http://t.co/XXH4Z6Y0UH,1,9/27/2015  2:09 PM,en,0,0,0.5574
hedia19,573,6.4810358E+017,@The_Toyota_Way @thetoyotagal Love this and am intrigued to know what 5 &amp,1, 6 are,9/27/2015 11:55 AM,en,0,0
Ferrari458mad,2330,6.4808762E+017,Love rear end. #Toyota #quad  #instacars #instacool  #epic #carporn #carshow #motorshow #loveit‚Ä¶ https://t.co/u8bgCxZs70,,9/27/2015 10:51 AM,en,0,0,0.6369
andirabintang94,628,6.4807496E+017,#KCA #VoteJKT48ID AIRTEL_KE: You need a car? #Smartika Love Toyota‚Äôs? #Smartika Like being a winner? #Smartika  http://t.co/krPegc2694,1,9/27/2015 10:01 AM,en,0,0,0.9009
AIRTEL_KE,115908,6.4807462E+017,You need a car? #Smartika Love Toyota‚Äôs? #Smartika Like being a winner? #Smartika http://t.co/KR2hirnNSY http://t.co/FNzuxXFC0p,1,9/27/2015 10:00 AM,en,0,3,0.9009
Sunny72Jz,231,6.4803412E+017,@SaraRamirez @EW @twitter @Toyota OMG  I LOVE YOU üíñ http://t.co/pzD3VI8E1R,1,9/27/2015  7:19 AM,en,0,0,0.7125
chunta72,152,6.4800034E+017,@macha227 we love toyota,1,9/27/2015  5:04 AM,en,0,1,0.6369
othsavedme,797,6.4799087E+017,This is how we #TGIT! http://t.co/gRX2M8l7FR omg!! #MalinaBesties I love them!!!!!!,1,9/27/2015  4:27 AM,en,0,0,0.7482
SupercarsofMAN,35,6.4796584E+017,Toyota tundra looking clean üëåüèºüëåüèºüëåüèº #love #TagsForLikes.com #TagsForLikesApp #instagood #me #smile‚Ä¶ https://t.co/1T04S9WY,1,9/27/2015  2:47 AM,en,0,0,0.4019
itsDerryl,394,6.4794503E+017,The iA is like Mazda's and Toyota's love child,1,9/27/2015  1:25 AM,en,0,0,0.7717
iamsalimali,983,6.4791486E+017,Ah the 1998 Toyota Supra gotta love this Iconic Japanese car. It was futuristic in its time and still holds down th‚Ä¶ http://t.co/JLcnwwB0m,1,9/26/2015 11:25 PM,en,0,0,0.6369
watch1962,279,6.478751E+017,"I still love this Toyota Cressida DX, I owned a 79 model in 1983, it was a great ride to have. https://t.co/Yp2ekD8JTp",,9/26/2015  8:47 PM,en,0,1,0.5525
scottandrews,140,6.4787126E+017,Love love love Jeff the tow truck guy and Hanlee's Toyota for fixing my alternator in such a quick and... http://t.co/Zb3HDIzMXU,1,9/26/2015  8:31 PM,en,0,0,0.9274
_avrm_,842,6.4786472E+017,my love for the new Honda Accord &amp,1, Toyota Corolla üî•üòçüòç,9/26/2015  8:06 PM,en,0,1
xxmelliemoo19xx,158,6.4786067E+017,Glad I'm getting used to my car now....love my little yaris #toyota #firsttimedriver #yaris #24yearold #driver,,9/26/2015  7:49 PM,en,0,1,0.4588
rebelpride02,530,6.4785114E+017,Love my Tacoma mine already has 160k..great run around truck! @CamoCandace @Ford @Toyota,,9/26/2015  7:12 PM,en,0,1,0.6696
F1taxi,6939,6.4784027E+017,@Mark_Whitelegge @girlwholoveskol @FakeBritta @SiBoyle46 @DatingRacing you know your signed up! Gonna find you true love üòç her names Toyo,1,9/26/2015  6:28 PM,en,0,0,0.807
shaun_izzle,192,6.4783796E+017,I love me a Honda but... The all new Toyota Mark X üòç https://t.co/TiojHTSnzw,1,9/26/2015  6:19 PM,en,0,0,0.6369
maxwelltani,543,6.4783541E+017,"‚ÄúI figure if a Taco can handle desert war zones, it can handle my ski and mountain bike trips"" is a good quote http://t.co/z0l2fXVhyG",1,9/26/2015  6:09 PM,en,0,1,-0.25
GoussardW,548,6.4782543E+017,@VsauceThree @Toyota Absolutely Love The Extreme Science Episode1!!!!!! GOOD JOB its Different But Really Cool,1,9/26/2015  5:29 PM,en,0,1,0.9167
CamoCandace,13075,6.4781455E+017,Love our F250 &amp,1, ranger but since @Ford won't bring the diesel Ranger to the U.S. I guess I'll go test drive a @Toyota Tacoma. #TruckGirl,9/26/2015  4:46 PM,en,2,21
MaxwellReese7,12,6.477819E+017,Toyota Carolla these bitches love soda,1,9/26/2015  2:36 PM,en,0,0,0.0772
the__azhar,207,6.4766756E+017,My first love #Toyota #tazz #missher http://t.co/VxWkGfLAFw,1,9/26/2015  7:02 AM,en,0,0,0.6369
ormiga,1094,6.4764264E+017,#Terrorists Love #Toyota #Tacoma http://t.co/aUSCDjU3SQ NO #softwareiseatingtheworld #fraud like #volkswagen #marketing,1,9/26/2015  5:23 AM,en,0,1,0.5813
uuilly,542,6.4762562E+017,Because they're awesome: http://t.co/iNFMQC1CLd,1,9/26/2015  4:15 AM,en,0,0,0.6249
barbedwirekat,17,6.476227E+017,@_TinaD Ooh! Check out Wrestling Goddess Athena matches! She's amazing. And Manami Toyota. Do you love her?,1,9/26/2015  4:04 AM,en,0,0,0.8619
giovanniazael,478,6.4761989E+017,"@Toyota_CAMRYx3 May be fun short-term but hurtful in the long run. Love builds, it doesn't break. Don't need to #breakup to stay up.",1,9/26/2015  3:53 AM,en,0,0,0.5187
Bhuntz,187,6.4761E+017,Just got stuck in a group of teenage Street racers in the middle of Iowa.  I love my Toyota Camryüëçüèº,1,9/26/2015  3:13 AM,en,0,2,0.4939
wallenbell,264,6.4760871E+017,How @charlesbethea writes about such a breadth of subjects always amuses me. Good story: http://t.co/bIAZqZGx90,1,9/26/2015  3:08 AM,en,0,1,0.6808
mkantos,75,6.4760818E+017,With a heavy heart I am almost to the end of my time with Expressway Toyota..   I love my job but the hour and... http://t.co/VH8GW25JGC,1,9/26/2015  3:06 AM,en,0,0,0.3818
lil_biganne,363,6.4759688E+017,im sure Tito Sen gonna be there i love his krispa o toyota question last Sat. #ALDubEBforLOVE,1,9/26/2015  2:21 AM,en,2,1,0.7579
Qwkhybrid,9,6.4757954E+017,"@Toyota @WillGeronimo I love my toyota camry, it's an 08 and has never been to dealer besides for oil changes and maintenance",,9/26/2015  1:12 AM,en,0,1,0.6369
GenBuy,12300,6.4757808E+017,I compare OJ/Bronco with Isis/Tacoma in this great piece by @charlesbethea Why Do Terrorists Love Toyota Tacomas? http://t.co/c3AI2gwRGl,1,9/26/2015  1:07 AM,en,1,1,0.7162
coachdustinfry,1989,6.4756953E+017,Just a normal Friday night in Dallas with @coachchadmorris at Frisco's Toyota Stadium!  Gotta love it!  #tempocopter http://t.co/BdL3nCcmiA,1,9/26/2015 12:33 AM,en,18,55,0.6988
torrHL,727,6.4756774E+017,"@tminus5 ""Why Do Terrorists Love Toyota Tacomas?"" http://t.co/jv0TjXZXgT",1,9/26/2015 12:25 AM,en,0,0,0.0258
mikebcorry,405,6.4756712E+017,All clean! Thanks @Toyota love my new #Tacoma #ToyotaNation http://t.co/UfNTu2UjSQ,,9/26/2015 12:23 AM,en,0,1,0.8777
JamesJSellsCars,213,6.4752684E+017,I love these cars Check out my periscope #Scion  reviews at James Johnson Sells Toyota  on Periscope  https://t.co/kkeih8kATY,1,9/25/2015  9:43 PM,en,0,0,0.6369
Lanne6200,5,6.4752414E+017,@Toyota   Love my Hylander Hybrid! Just a good as 1st mile! http://t.co/4iPGJ2udiL,,9/25/2015  9:32 PM,en,0,1,0.8264
AlwaysPony,451,6.4752414E+017,Thoughts on my edits? By the way if you couldn't tell I love Toyota chasers lol -----------------------------------‚Ä¶ http://t.co/XmrzUuP7Y,1,9/25/2015  9:32 PM,en,0,0,-0.1451
KenLally,876,6.4751579E+017,"Kickass callback for Toyota today, got to sing and do my Meatloaf ""anything for love"" impression! Thanks again @sanfordcasting ! #actorslife",1,9/25/2015  8:59 PM,en,0,1,0.8619
GringoBrulee,1832,6.475094E+017,I wanna make love to you in the back seat of my Toyota. But with candle in the cup holders so it's classy and romantic.,1,9/25/2015  8:34 PM,en,10,12,0.8773
the_thinker2k,31,6.4750664E+017,National Pabebe Wave..count me in. spread love and hapiness. frm. Toyota City Aichi Japan @EatBulaga #ALDubEBforLOVE http://t.co/0uD1s0RvPr,1,9/25/2015  8:23 PM,en,26,7,0.6369
dellabouy1398,253,6.4749882E+017,I am in love with driving my dads Toyota Matrix,,9/25/2015  7:52 PM,en,0,0,0.6369
TylerShivers_,492,6.4749791E+017,It's kinda a love hate relationship. #Toyota https://t.co/TZw20HxLK2,1,9/25/2015  7:48 PM,en,0,0,0.1243
Justin777185,2,6.4749637E+017,@DRIVECLUB Two car's people would love to see in DRIVECLUB. The Nissan Skyline (R34) and the Toyota Supra twin turbo (JZA80).,1,9/25/2015  7:42 PM,en,0,1,0.6369
TheCoastalCrew,7407,6.474937E+017,"What does it take to keep CGP running? Lots of love, lots of good friends and a couple of Toyota BC trucks is... http://t.co/Hxa7UF8QFl",1,9/25/2015  7:31 PM,en,0,1,0.8807
charlesbethea,1442,6.4748054E+017,I wrote about #ISIS's possible effect on #Toyota #truck sales -- especially the beloved Taco: http://t.co/dFMHe5SUGN,1,9/25/2015  6:39 PM,en,2,1,0.5542
Jlopezosh,496,6.4747805E+017,@Uzziah_ I love those cars. I'm a fan of the fj cruisers too. There's just something about @Toyota,,9/25/2015  6:29 PM,en,0,0,0.7579
lifeofjovolume1,88,6.4747586E+017,Dukes of Hazzard Prius!! Love it! @ Glen Toyota https://t.co/Tdp4fZg7BU,1,9/25/2015  6:20 PM,en,0,1,0.7249
theodoreross,1149,6.4747088E+017,"""This is a more complicated association than the O.J.-Bronco situation,"" said Kit Yarrow,"" No way!  http://t.co/P7a3BmEa6U",1,9/25/2015  6:01 PM,en,0,0,-0.3595
NewRepublic,134728,6.4747085E+017,Why do terrorists love Toyota Tacomas? http://t.co/GUKCwwUzRQ,1,9/25/2015  6:00 PM,en,0,2,0.0258
theodoreross,1149,6.4747076E+017,"""You'd think since they're a bunch of suicide bombers that they'd drive G.M. products,"" one post reads.  http://t.co/P7a3BmEa6U",1,9/25/2015  6:00 PM,en,0,0,-0.6705
ComplaymentdO,263,6.4745907E+017,#CyberCulture Why Do Terrorists Love Toyota Tacomas? http://t.co/2DGxVLEofo instant Melville,1,9/25/2015  5:14 PM,en,0,0,0.0258
CarverToyScion,109,6.4744524E+017,What's not to love about this spicy red 2015 @Toyota #Corolla? See it here- http://t.co/SOOlvFUpIQ #CaroftheWeek http://t.co/zDjdREGOxh,1,9/25/2015  4:19 PM,en,0,0,-0.5216
tevzmaria,73,6.4742537E+017,@FordinKenya love your models than for toyota,1,9/25/2015  3:00 PM,en,0,0,0.6369
Geepate,239,6.4740859E+017,Love my sweet lil toyota üê∂üíú https://t.co/IcJ1WTTvI5,1,9/25/2015  1:53 PM,en,0,0,0.802
fxckinoakley,2722,6.474038E+017,@troyesivan come to Houston b (wait but if you do don't play the toyota center for the love of god that venue is beyond tragic),1,9/25/2015  1:34 PM,en,0,0,0.7843
andscoop,224,6.4738541E+017,"@Toyota I've got a nice Passat tdi to trade you. Dealers would love it, no cosmetic problems",1,9/25/2015 12:21 PM,en,0,0,0.4767
Misch3000,31,6.4735376E+017,@TheSmokingTire you should definitely import a #Toyota #Century. Love the show. Cheers.,1,9/25/2015 10:15 AM,en,0,0,0.875
duaa03,101,6.4727972E+017,@Sasssmaa awwee thank you love üòò I seen you at Toyota but you were far üëÄ you looked so hot tho mashallah,1,9/25/2015  5:21 AM,en,1,1,0.5187
NewCarStuff,49,6.4724877E+017,@phonny86  love your brand new #toyota . This is the perfect photo for your #logbook. Don't tell me you don't have plans to get one?!?,1,9/25/2015  3:18 AM,en,0,0,0.8608
feghaarvianti,453,6.472448E+017,"Happy‚Ä¶ ‚ô´ After the Love Has Gone by Chicago-Earth, Wind &amp; Fire With Bill Champlin (at Wijaya Toyota-Dago) ‚Äî https://t.co/ThN0VY8z7",1,9/25/2015  3:02 AM,en,0,0,0.4215
jamesjcowan,241,6.4722951E+017,"As cities fall out of love with cars, #Toyota redefines its role as 'mobility provider':  Guardian http://t.co/8HDigFFgqM #transit #energy",1,9/25/2015  2:01 AM,en,0,0,0.6369
djsmoove1967,1276,6.4720909E+017,"Lexus does look sexy, but still have to remember they're a Toyota. Used to love Toyota Supras...",1,9/25/2015 12:40 AM,en,0,0,0.8402
Capt_Morgan1440,349,6.4720864E+017,"Anyone know who drives a Silver Toyota Tacoma with the plate ""LAXPLYR""? Id love for you to put us in contact so I can do some fuckin yelling",1,9/25/2015 12:39 AM,en,0,0,0.6369
_junfckngee,70,6.4720153E+017,Love seeing Toyota guys throwing Shakas! \000/,1,9/25/2015 12:10 AM,en,0,1,0.6696
imiKristin,3284,6.4719797E+017,@DanaMessner @TheMilkMan805 @fuf_mamba @FUF_Viper I'm in a Hyundai. I got nothing but love for Toyota. They have an amazing supply chain.,1,9/24/2015 11:56 PM,en,0,1,0.165
rockitpromo,12120,6.4717089E+017,"""Love what you‚Äôre doing or don‚Äôt do it.""‚Äî@YouTube-er, vegan advocate @hotforfood + #MediaDarling @laurentoyota chats http://t.co/roYDd",1,9/24/2015 10:08 PM,en,3,4,0.6369
thenewswheel,551,6.4715592E+017,We love this 1971 @Toyota Celica ST on @jayleno 's Garage! #TBT #ClassicCars http://t.co/dgvq4cgIeY http://t.co/JKq4HjmA2a,1,9/24/2015  9:09 PM,en,0,0,0.6696
TheToyoist,235,6.4714155E+017,The Toyota I-Road is a 1+1 that leans into the turns. I love this car!!!! http://t.co/WcwRD6N2Ef,,9/24/2015  8:12 PM,en,0,1,0.7482
thetravelguru_,2802,6.4712764E+017,@Toyota oh my. It's lush! So different from my 2001! I love not having a car payment but that #Prius is HAWT! #PrettyPrius,1,9/24/2015  7:17 PM,en,0,1,0.5386
pnkheelspnktrk,5662,6.4712663E+017,Sharing the Toyota love on Ep 002 of #BOSSGIRLCREATIVE Podcast http://t.co/lTDeiROEhc #bossgirl #bossbabe,1,9/24/2015  7:13 PM,en,0,1,0.7906
isaaclange,45,6.4712095E+017,@btsukuda Romeo Honda Vs. Juliet Toyota - can love exist in a battle betwixt the Civic and the Kanmuri? Coming to theaters this Christmas!,1,9/24/2015  6:50 PM,en,0,0,0.4389
Missz_Jay,1186,6.471085E+017,Love my Toyota ‚ò∫Ô∏è,,9/24/2015  6:01 PM,en,0,0,0.6369
Wyrdwoman,1257,6.4708587E+017,@GMRathbun Thanks for the follow. Love my 13y old Toyota Prius.,,9/24/2015  4:31 PM,en,0,0,0.7964
412MTM,459,6.4708193E+017,".@Uber I love you to death, but a Toyota Avalon is not a black car. I mean it was painted black...",1,9/24/2015  4:15 PM,en,0,0,0.0387
iainreid,1771,6.4707643E+017,Love this picture of the Toyota #Tacoma - and love how it's described as a mid-sized truck in the US http://t.co/aouA7pZ0t1,1,9/24/2015  3:53 PM,en,0,1,0.8555
JeepTales,56,6.470748E+017,I love this new color for the 2016 TRD Pro @ Lithia Toyota of Odessa https://t.co/YbKcVfdGm0,,9/24/2015  3:47 PM,en,0,0,0.6369
tearsforfears99,84,6.4706126E+017,the speaker @ the Toyota park eid prayer just threw so much shade @ trump &amp,1, the gop i love it,9/24/2015  2:53 PM,en,0,2
asianbama,365,6.4702894E+017,#toyota #2016tacoma getting some love from the D5 #letsgoplaces #asianbama #iaimtacoma @ Emerald‚Ä¶ https://t.co/k08sxtKxIf,1,9/24/2015 12:44 PM,en,0,0,0.6369
devinmelgar21,86,6.4700937E+017,"Big Sean Toyota Music.. ""Living life I hope everyone I love will get to see "" yup!",1,9/24/2015 11:27 AM,en,0,0,0.8122
Hboboht,543,6.4700896E+017,A rich man from kogi state must have like 5 Toyota Sienna and 2 hummer bus... They love transportation business,1,9/24/2015 11:25 AM,en,0,0,0.8834
ForDaBoyzz,115,6.4695385E+017,I added a video to a @YouTube playlist http://t.co/00uSoURRuP Why We Love Toyota's Mudding!,1,9/24/2015  7:46 AM,en,0,0,0.6696
Losee14,820,6.4694015E+017,@99_chevy_boy @honey_badgerr keep hating but forever love Toyota tacoüíñüíñüíñüíñüíñ,1,9/24/2015  6:52 AM,en,0,0,0.6858
Mutate20,553,6.4691936E+017,@PopeBrendadict @toyota_kamry like actually love it. Not shade.,1,9/24/2015  5:29 AM,en,0,0,0.7717
RachTaughtYou,2876,6.4690594E+017,@3zlifestyle I saw this nice 2011 Toyota Camry I fell in love but imma look at a few more spots tomorrow before I make final decisions,,9/24/2015  4:36 AM,en,0,0,0.5754
suhaylah_love,242,6.4690378E+017,"He said what you got a ""99 Toyota"" üòÇüòÇüòÇüòÇüòÇüòÇ",1,9/24/2015  4:27 AM,en,0,0,0
LanceTheDriver1,5669,6.4690018E+017,Meeting the faces and hard work behind @Toyota trucks has taken my love for the automotive industry even further. #thankful,1,9/24/2015  4:13 AM,en,1,22,0.5859
GroovyBo,1907,6.4689843E+017,@DayumCayum I love you Toyota,,9/24/2015  4:06 AM,en,0,0,0.6369
thetravelguru_,2802,6.4685757E+017,@Toyota the #Prius just gets better and better! I still have my 2001 Prius and I love it. 225k miles &amp,, still going strong!,9/24/2015  1:23 AM,en,0,2
vrabel_julia,432,6.4684818E+017,ok @toyota_Camri we get it... you love that fountain lmaoüòÇüòÇüòÇüòÇüòÇüòÇ,1,9/24/2015 12:46 AM,en,0,0,0.7506
michellekatzmsn,65563,6.4684708E+017,"@Toyota love my @FIATUSA but interested in hearing about this campaign, especially if it involves #healthcare",1,9/24/2015 12:42 AM,en,0,0,0.7311
toorilette,1038,6.4684641E+017,LOVE LOVE LOVE this picture of booger üíñ @ Toyota Motor Manufacturing West‚Ä¶ https://t.co/K5jOFe5ybU,1,9/24/2015 12:39 AM,en,0,0,0.9501
ashrega,529,6.468425E+017,I love seeing an old Toyota Camry on the road. I love you Grandpa Raul ‚ù§Ô∏è,1,9/24/2015 12:24 AM,en,0,0,0.8555
albertsez,267,6.4682869E+017,A clue: #Toyota had a recall for electrical fires by the airbags. #fire #ruins #fear #loss #love‚Ä¶ https://t.co/PDmiHjJkdD,1,9/23/2015 11:29 PM,en,0,0,0
thesweetmom,16416,6.4680763E+017,I‚Äôm in love with the Toyota Sienna. Come see if you are too! http://t.co/PDrh9ruOnH http://t.co/1a1SpcV4sm,1,9/23/2015 10:05 PM,en,0,0,0.6696
TabathaCoshow,2,6.4679934E+017,I would love to win tickets to town Toyota center for jurrasic quest #towntoyotacenterdino,1,9/23/2015  9:32 PM,en,0,0,0.8402
teasendrive,184,6.4679636E+017,"What Car Brand Do You Love Or Prefer, Toyota Or Honda?",1,9/23/2015  9:20 PM,en,0,0,0.6369
RudyLutherTS,29,6.4679619E+017,"The 2016 Camry is sportier than ever! We love it, what do you think? Shop for it here: http://t.co/fH39t1lsIH http://t.co/KYM0tGJwIF",1,9/23/2015  9:20 PM,en,0,0,0.6696
quocvu12,688,6.4679401E+017,My sweet brand new ride. I love it. @ Maita Toyota of Sacramento https://t.co/no5vw12CTf,,9/23/2015  9:11 PM,en,0,0,0.802
alexxxjadeee,221,6.4679187E+017,"I love the people I work with at Toyota, we're all sarcastic assholes.",1,9/23/2015  9:02 PM,en,0,0,-0.1531
EarthTo_Kelsey,112,6.4678915E+017,Test drove a Toyota corolla and I love it! Two weeks before we get itüôåüöó,,9/23/2015  8:52 PM,en,0,0,0.6696
CAIQUOTE,11922,6.4678169E+017,@Toyota Love Fall! #Toyota,1,9/23/2015  8:22 PM,en,0,1,0.6696
p_luvial,181,6.4674733E+017,I will never understand why people love Toyota so much,1,9/23/2015  6:05 PM,en,0,1,0.6369
CarissaNichole,1670,6.467406E+017,I love my Toyota but I swear it's always beeping at me.,1,9/23/2015  5:39 PM,en,0,0,0.3182
brittanyhebeda,830,6.4673831E+017,love my bestfriend üíì #wcw @ Toyota Park https://t.co/xrnnAV1Kql,1,9/23/2015  5:30 PM,en,0,0,0.6369
RicksonLucas,304,6.4671773E+017,My 3rd love #Toyota #FJ #FJcruiser #offroad #offroadlife #explorer‚Ä¶ https://t.co/HygXax1AeA,,9/23/2015  4:08 PM,en,0,0,0.6369
yarbr012,630,6.4671767E+017,@Candypo A1 I have a Toyota Prius (2012) and I love it!  #CambioConfiable,1,9/23/2015  4:08 PM,en,0,0,0.6696
Drew_Wynn,177,6.4671393E+017,@Toyota_CAMRYx3 nothing just working out and playing the game I love,1,9/23/2015  3:53 PM,en,0,0,0.7184
fowwow,4315,6.4670584E+017,love @Toyota's #fueledby campaign to help introduce the new #hydrogen #mirai. https://t.co/1usrKvDLMr,,9/23/2015  3:21 PM,en,0,1,0.7845
haswell2,57,6.4665533E+017,I will continue to love the Toyota 86 to the end http://t.co/hOk5KBIhKw,1,9/23/2015 12:00 PM,en,0,1,0.3818
FeBelles,123,6.4662086E+017,Photo: toyota-afficionado: Forever in love with my boosted e120‚Ä¶ http://t.co/dYwavniyi7,1,9/23/2015  9:43 AM,en,0,0,0.7717
jnrkofi3,437,6.466163E+017,"Fraud Boys dey Love Toyota Camry too much,Why is that what the Mallam told them to spend their money on?the gods must love Toyota LOL",1,9/23/2015  9:25 AM,en,0,0,0.8455
LauraJane_PA,694,6.4660757E+017,"Back in my lovely @toyota Yaris. I love her, I've had her since I was 18! She is indestructible! http://t.co/8NlPeprJq5",,9/23/2015  8:50 AM,en,0,1,0.8802
localCarInfo,837,6.4658666E+017,Forever in love with my boosted e120‚Ä¶ http://t.co/5eg86lJbdD http://t.co/OGazAWmZYY,1,9/23/2015  7:27 AM,en,0,0,0.7717
tjbmorningshow,693,6.4658486E+017,@Toyota We would love you to advertise with us! http://t.co/Fbl0OhJD5g,1,9/23/2015  7:20 AM,en,0,4,0.6696
Glidesabove,357,6.4651848E+017,@roknrob121 Whaaaat no love in da land of da rising sun ... Toyota,1,9/23/2015  2:56 AM,en,0,0,0.4588
Asalgado321,384,6.4651569E+017,"The mvp of tonight, always #1 in my heart üèÜ 2-0  love you so much kubaslomkowski @ Toyota Park -‚Ä¶ https://t.co/NAqFXsHeXA",1,9/23/2015  2:45 AM,en,0,2,0.6369
MyInfo18519070,62,6.4650257E+017,I have a Scion xd which I love. Toyotas are great products and seem to be very reliable. https://t.co/S7Mc05ncxW http://t.co/7A5Wc9Opu5,,9/23/2015  1:53 AM,en,0,0,0.9201
get_cars,444,6.4649824E+017,"Safety updates assure future for iconic workhorse, who doesn't love a work horse? read here. http://t.co/KK48JXqNxi http://t.co/RB3IRux9on",1,9/23/2015  1:36 AM,en,0,0,0.21
NewCarStuff,49,6.4649045E+017,@jdonith @Toyota don't forget your #cloud #logbook from @stuffistry. We know how much you love great stories. #storify you car story!,1,9/23/2015  1:05 AM,en,0,0,0.8822
Vollyaholic,18,6.4648858E+017,@paulchapman03 @EssendonFC @Toyota_Aus Thanks for ending your career with the Bombers Chappy.  Love your work :),1,9/23/2015 12:57 AM,en,0,0,0.8779
Randy_Haas,5156,6.4648323E+017,@SashaGrayLA I'm on my 2nd Toyota Camry - love it!! Best cars I've ever owned.,,9/23/2015 12:36 AM,en,0,1,0.8745
ericab627,109,6.4647052E+017,@SassyFiancee I have a Toyota RAV4 4 and I absolutely love it. Hope you find something you can't wait to drive every day!!,,9/22/2015 11:45 PM,en,0,1,0.8497
Lroll11,475,6.4646935E+017,"reasons why I love working at Toyota, I see most of the new vehicles first üòç",,9/22/2015 11:41 PM,en,0,1,0.6369
mollyknicholson,174,6.46468E+017,"I mean, if you put a classic logo on a cake pop, this PR grad is going to love it. @ Milton Ruben Toyota https://t.co/7efwpRzy5M",1,9/22/2015 11:35 PM,en,0,0,0.6369
DreamTeamHaime,102,6.4645933E+017,"Pretty sure the on-hold music for Toyota Financial is a folksy, instrumental version of ""I Won't Say I'm in Love"" from Hercules...",1,9/22/2015 11:01 PM,en,0,0,0.8658
maftd,1995,6.4645393E+017,"REALLY LOVE TO SHARE THE TOYOTA MEETING. A AGREEABLE, DISPLANT THE SCOOBY POO HOTEL. GOOD GO TO JASON'S COURT TO TMI BEAT",1,9/22/2015 10:40 PM,en,0,0,0.9073
CarKeys_UK,3089,6.4644405E+017,#TurboTuesday: I still love the 1994 #Toyota #Supra Turbo! http://t.co/pqj5jrFDrn,,9/22/2015 10:00 PM,en,3,6,0.6696
iamsupervillain,6941,6.4642947E+017,You Nigerians really really really love this big body Toyota Camry.,1,9/22/2015  9:02 PM,en,0,0,0.7214
suarezjessica_,887,6.4639472E+017,@EST_199X whoa. Calm down. I have a Toyota and I love him,1,9/22/2015  6:44 PM,en,0,1,0.7579
BSpice,704,6.463692E+017,"@Co_wheels Thanks. Happened a couple of times now, for no apparent reason. Toyota Yaris in Hexham (I love that car btw)",1,9/22/2015  5:03 PM,en,0,0,0.7096
brieemariexo,226,6.4635637E+017,"""@sullivanofswat: Gotta love people who put all black wheels and rims on a Toyota Camry üòÇ""   @ginarussooo",1,9/22/2015  4:12 PM,en,1,1,0.6369
MommyIves,1138,6.4632657E+017,"@ScaryMommy Love this! I fought the minvan for so long, bought a new @Toyota Sienna &amp; it was love at first carpool. #minivanmom #momlife",1,9/22/2015  2:13 PM,en,0,3,0.7945
DaiStephensknob,82,6.4631744E+017,"I love stuff yeah! For $5800, This 1983 Toyota Corolla Wagon Hums A New Tune - Jalopnik",1,9/22/2015  1:37 PM,en,0,0,0.7712
TheIzunna,2047,6.4628132E+017,Politicians love that toyota prado car and the big lexus too.,1,9/22/2015 11:14 AM,en,0,0,0.6369
Aanchal1726,12772,6.4625826E+017,its fun to own toyota! I love my car. http://t.co/S7ge09bRZZ @Toyota_India,,9/22/2015  9:42 AM,en,1,0,0.8313
iSagardutt,6486,6.4624123E+017,@Toyota_India #JoyOfOwningAToyota. I am in Love with this video. #Kudos to you team. https://t.co/sZ0lawcFcV,1,9/22/2015  8:34 AM,en,0,0,0.6369
Plan_B_Sztar8,623,6.4620438E+017,Found a white 1993 Toyota Supra 6 speed and I think I've fallen in love. üòç,,9/22/2015  6:08 AM,en,0,2,0.4019
sfarva,59,6.461696E+017,@russlaraway @Toyota love to see pics of that when you get it. Dm me!!!,1,9/22/2015  3:50 AM,en,0,0,0.7249
iz_golden,19,6.4615651E+017,So proud of you love! üåüüåüEveryone check out @jeanette_samano Toyota commercial!!!! Link on her bio.‚Ä¶ https://t.co/CQsKLHu4JW,1,9/22/2015  2:58 AM,en,1,1,0.8677
Omar_landaverde,982,6.4614881E+017,In love with my office's view! @ TOYOTA MONTERREY https://t.co/W3pXz354e5,1,9/22/2015  2:27 AM,en,0,0,0.6696
bkstgurl,362,6.4613936E+017,Sooo ummm Hey Toyota ... I LOVE that @Miles_Teller is narrating your commercials !!,,9/22/2015  1:50 AM,en,0,0,0.7592
laneygalligan,3948,6.4613496E+017,Now that would be fun! @Toyota_Aus 700+ bloggers would love to have you at our event.  https://t.co/gDwSZgku3A,1,9/22/2015  1:32 AM,en,0,0,0.8313
WooParkMazda,80,6.461339E+017,Congratulations to Bryan Gallo-Malta on his purchase of his Toyota Tundra.  Great choice and we love the TRD... http://t.co/xE7OwcYL1Q,1,9/22/2015  1:28 AM,en,0,0,0.9217
gordon_dona,14,6.4607286E+017,"@Toyota Bought this car in Oct 05...Love my 2006 Toyota Camry -  #350,000+miles #toyotastrong http://t.co/hXsMZU6zj6",1,9/21/2015  9:25 PM,en,1,2,0
PugPug_Love,8973,6.460717E+017,His and hers üöóüöò #bmw #Corolla #toyota  #320 #pug #Pugstagram #alfie #myboy http://t.co/mpPIRBX8VW http://t.co/9PwEs6WCPY,1,9/21/2015  9:21 PM,en,1,0,0
itoddk17,1543,6.4605036E+017,Need my '98 Toyota Avalon to last that long as well. Would love me an Apple Car! https://t.co/IReDxFl730,1,9/21/2015  7:56 PM,en,0,0,0.7644
salnews,5054,6.4604383E+017,Car Review: Do you love road trips? The Toyota Avalon XLE Touring Sport Edition is for for you http://t.co/3UeTyFK45V http://t.co/yAWK62obHE,1,9/21/2015  7:30 PM,en,0,0,0.6369
steaksause16,241,6.4603183E+017,"Toyota shop smells like grape white owls, I think ima love it here",,9/21/2015  6:42 PM,en,0,0,0.7717
cpelli,874,6.4602864E+017,Love the @Levy Twitter presentation at the Toyota Digital Learning Lab. Used one of clients as an example :),1,9/21/2015  6:30 PM,en,0,3,0.802
MrsGinaTaylor,1072,6.4602756E+017,"@Toyota pretty nice! Love the room in the back, since I have two children in car seats",,9/21/2015  6:25 PM,en,0,1,0.8883
mlifeordebt,1378,6.4601815E+017,"We really do love our @toyota #prius#v. After many hours, our three are getting rowdy on a roadtrip‚Ä¶ https://t.co/IOLfjrpEIl",,9/21/2015  5:48 PM,en,0,1,0.6682
JenniferBushon1,46,6.4601743E+017,Our Director of Marketing spies sign at SeaTac. Love Toyota! #towntoyotacenter #toyota #townauto https://t.co/C513ifhvE6,1,9/21/2015  5:45 PM,en,0,0,0.6696
voodooban1973,18,6.4600904E+017,The All new RAV4 Hybrid at the Frankfurt motorshow. I just love this HYbid! #HybridRoadTrip @ToyotaGB @toyota_europe http://t.co/vhernLUMy3,,9/21/2015  5:12 PM,en,4,8,0.6696
testerdahl,219,6.4600851E+017,Driving a 2015 @toyota Sienna today and picking my son up from school. My boys love the easy to open‚Ä¶ https://t.co/IVVuWPE5O1,,9/21/2015  5:10 PM,en,0,1,0.7964
csscoreboard,832,6.4598868E+017,Toyota: I Have Had My Toyota 4-Runner For 15 Years. I LOVE MY CAR!!!! This Car Has Been With Me for The birth Of My - http://t.co/gzGuzUcReI,,9/21/2015  3:51 PM,en,0,0,0.7964
adit_yudistira,359,6.4597789E+017,FuelCell Vehicle! LOVE IT! üëç #SilverWeekDay1 @ Toyota Museum @ Nagoya https://t.co/xUPZChNCB2,1,9/21/2015  3:08 PM,en,0,0,0.7592
JS_thatsme,632,6.4596603E+017,@Mark_Whitelegge I would love Button to go to Toyota! But let's hope the performance returns!,1,9/21/2015  2:21 PM,en,0,1,0.8264
j3553pablo,188,6.459406E+017,The best gift I could ever receive: 1995 Toyota Supra with a 2jz twin turbo motor. üòçüòçüòç I will love you forever if you get me this.,1,9/21/2015 12:40 PM,en,0,0,0.9062
jinges,333,6.4592498E+017,I Love Capitalism ‚Äì Dagens bild‚Ä¶ #√∂stermalm #toyota #trump #capitalism #dagensbild --&gt,1, http://t.co/gOUeISz6W0,9/21/2015 11:38 AM,en,0,0
TazyeenKhan,1263,6.4592198E+017,@Toyota_India  #JoyOfOwningAToyota. I am in Love with this video! Such a Mesmerizing video it is! :)  https://t.co/HIEWaETomE,1,9/21/2015 11:26 AM,en,0,0,0.8309
nuclear94,1793,6.4580434E+017,@hrana I definitely love it. I saw the Toyota at a recent American Chemical Society meeting. It looked nice.,1,9/21/2015  3:38 AM,en,0,0,0.8658
dj_hexx,98,6.4579947E+017,"Love it when another car enthusiast admires my car, just had a nice 20 min convo with a guy in a 2000 e36 M3 at Shell Toyota Park #respect",1,9/21/2015  3:19 AM,en,0,0,0.9001
cindylou_21,159,6.4578399E+017,I am so in love with the Toyota football commercial! Like yaaaas girls are passionate about football too! üëèüèºüèà,1,9/21/2015  2:17 AM,en,0,1,0.8993
Waytogobrandyo,92,6.4578241E+017,WWE night of champions with my love #wwe #cenasucks @ Toyota Center WWE Night of Champions https://t.co/4e5KYUhOzt,1,9/21/2015  2:11 AM,en,0,0,0.9001
anggakur22,181,6.4578143E+017,Morning love (with Ratna at Astrido Toyota) [pic] ‚Äî https://t.co/B8vQnQa5hP,1,9/21/2015  2:07 AM,en,0,0,0.6369
nabate99,32,6.4576023E+017,"A Little White Toyota, A Laugh like a Hyena, a Cat with Six Toes, and the Loss of a First Love http://t.co/PTdsIgaUas via @wordpressdotcom",1,9/21/2015 12:43 AM,en,0,0,0.8288
I_Love_JB_1D69,1625,6.4575193E+017,Had an amazing day at @HolidayWorld today!! Rode Thunderbird and it was so fun I wanted to keep riding it! Got some cool Toyota sunglasses!ÔøΩ,1,9/21/2015 12:10 AM,en,0,1,0.9102
MomtoAandK,58,6.4575105E+017,Love my kids!! Great day for FedEx11 and Toyota!! https://t.co/jB0QutWPJj,1,9/21/2015 12:07 AM,en,0,0,0.8877
DrunkBrianF,2858,6.457435E+017,"I also love all the whining about Toyota. If y'all are so damn sure this is how it will be going to Homestead, why keep watching?",1,9/20/2015 11:37 PM,en,3,3,0.3372
stackmack746,36,6.4573893E+017,"@TeamKalitta @NHRA @DHL_Del l love del,to bad he's driving a mother F N toyota.",1,9/20/2015 11:18 PM,en,0,0,0.1779
Medfred35,497,6.4572205E+017,Love seeing the Hamster win!!! #Toyota,1,9/20/2015 10:11 PM,en,0,0,0.8713
classydenyol,14,6.4571737E+017,'The Adam I love hijjabs and want my wages now and drive a Toyota Corolla and touch men starter pack' http://t.co/KKZVgqHB6b,1,9/20/2015  9:53 PM,en,0,0,0.6705
AlexUstasAuto,558,6.457011E+017,I LOVE the looks of the Toyota Camry and from what I've heard Toyota's are VERY reliable,,9/20/2015  8:48 PM,en,0,0,0.7125
SwatyuPenz,1446,6.4569757E+017,Mthatha okes love driving Toyota Conquests at the speed of light.,1,9/20/2015  8:34 PM,en,0,0,0.6369
ash__bruh,72,6.4569234E+017,I love grandpa's Toyota http://t.co/eGAJILuNLZ,,9/20/2015  8:13 PM,en,0,0,0.6369
ThePodiumFinish,2032,6.4568866E+017,"#NASCAR must love what they're seeing after 68 laps. @KyleBusch leads in a Toyota, @KevinHarvick P2 in a Chevy &amp; @joeylogano P3 in a For",1,9/20/2015  7:59 PM,en,0,0,0.6369
annhalley1,1,6.456773E+017,Love all the Toyota drivers in the Chase. So exciting!,1,9/20/2015  7:13 PM,en,0,0,0.8395
Grifferin,631,6.4565384E+017,No hapana. It's like saying you hate Rolls Royce but love Toyota  https://t.co/Wyd1PgWJrJ,1,9/20/2015  5:40 PM,en,0,1,0.6808
SirCuttsman,106,6.4565299E+017,Toyota taught me that Asians love ice cream and will kill anyone for it,1,9/20/2015  5:37 PM,en,0,0,-0.128
abecalder,77,6.4563291E+017,#cf97 is Love @ Toyota Park - Chicago Fire Soccer Club https://t.co/LdelqecMQY,1,9/20/2015  4:17 PM,en,1,3,0.4215
mark_davis45,312,6.4562002E+017,When Nathan is in love with his new car and he just sends pictures to me... #Toyota #Prius http://t.co/lKzqFemz27,1,9/20/2015  3:26 PM,en,1,4,0.6369
j_mancia,69,6.4558994E+017,The moment I fell in love with the toyota supra http://t.co/D62onAbQb6,1,9/20/2015  1:26 PM,en,0,0,0.6369
CNHolefield,56,6.4558846E+017,"@NinjaEconomics I love Japan. And to think, this new dating service and Honda &amp; Toyota wouldn't have been possible without the Atom Bomb",1,9/20/2015  1:20 PM,en,0,0,0.78
SaadNaeem31,2,6.4556934E+017,@BlackPanthaaYT Would you love to see some models of Toyota Cressida in Need For Speed? https://t.co/JTsrmLwlDE,1,9/20/2015 12:05 PM,en,0,0,0.6369
PinkyHeart6,37,6.4556756E+017,"I love the Retro design of the Toyota Crown Sedan, too bad it's only available in Japan. http://t.co/QV9oe9hhYV",,9/20/2015 11:57 AM,en,0,0,0.1779
MashR008,450,6.4552817E+017,I still love Toyota Legend 40 albeit the beating from Japan!,1,9/20/2015  9:21 AM,en,0,0,0.3595
POPE_TNWB0TH,15933,6.454513E+017,Love your smile üòÉ cr.onpic #Toyota http://t.co/qtEmxijH4m,1,9/20/2015  4:15 AM,en,15,13,0.7717
bluejay198,146,6.4542915E+017,I love my Toyota Corolla. It's a pretty great reliable car. I can get in so many miles before filling up.,,9/20/2015  2:47 AM,en,0,1,0.91
CraigFleece,32,6.4542831E+017,I love driving my mother's '96 #toyota #4runner ... it's my favorite! #beast #letsgoplaces #roadtrip‚Ä¶ https://t.co/wJBZm0pnlg,,9/20/2015  2:44 AM,en,0,0,0.8172
ronie__,254,6.4542683E+017,I think im gonna have to beg my cousin to change the Toyota to the 5 series ... Falling in love with it everyday what's an Acura?,1,9/20/2015  2:38 AM,en,0,1,0.5574
GreaterImpact_,205,6.4541202E+017,My Toyota my roadrunner! I love them girls dearly. Like my kids ‚ù§Ô∏è all three of my kids üíØ,1,9/20/2015  1:39 AM,en,0,0,0.8687
tct_magazine,1497,6.454013E+017,So. #wouldyoudriveit? Soooo much 2016 Tacoma love coming soon!! #tacomatime #Thetoyotamag #toyota #4x4 #4wd... http://t.co/eiF8OmLU7h,1,9/20/2015 12:57 AM,en,0,0,0.6988
PaulRizzo504,12,6.4538892E+017,@Toyota  Got a Prius finally!!! Love it!!!!! So happy!! http://t.co/tjJuO8HFz8,,9/20/2015 12:08 AM,en,0,2,0.885
andweaaa17,509,6.4538663E+017,JUNIORS LOVE TOYOTA,1,9/19/2015 11:58 PM,en,2,19,0.6369
SimonCotter62,133,6.4538424E+017,I do love the Toyota 6000 as well http://t.co/jE1hIXljBa,1,9/19/2015 11:49 PM,en,0,0,0.743
aeybie,297,6.4536146E+017,Dad wants the new toyota Yaris. Mom wants it too. But i love hyundai i20 cross sport. Huhu,1,9/19/2015 10:18 PM,en,0,1,0.6369
Chelsss_97,584,6.4535308E+017,"I wish I could work at Toyota the rest of my life, and be a nurse bc I love the people here so much",,9/19/2015  9:45 PM,en,0,0,0.7845
MotoManTV,1632,6.4535009E+017,"When these came out, I thought I had seen #jesus . . . Still LOVE these . . . #toyota #supra at #jccs‚Ä¶ https://t.co/vRNJYBbOBS",1,9/19/2015  9:33 PM,en,0,0,0.7125
HussainAMajeed_,167,6.4534853E+017,I love A 2J engine swap Low Boost Toyota Supra‚ù§Ô∏è,1,9/19/2015  9:27 PM,en,0,1,0.7003
twieterazzi,1071,6.453329E+017,Radio702 @702JohnRobbie you can't fault Japanese durability. Just think about how boere love their toyota bakkies.,1,9/19/2015  8:25 PM,en,0,0,0.7549
shrave,513,6.4532832E+017,I love #hybridvehicle only parking spots. It's like I have #PriusPriviledge. @Toyota #Prius FTW.,1,9/19/2015  8:07 PM,en,0,1,0.8868
GinoHammer7,107,6.4532335E+017,"Denis Leary Ford commercials: ""Drive a Toyota? Well your mom is a fat bitch and your father doesn't love you. Buy a Ford F-150, asshole.""",1,9/19/2015  7:47 PM,en,0,0,-0.7243
jvr_xo,2225,6.4529489E+017,I've never been in love with a Toyota in my life ... This Toyota Camry 2016 is a beauty üòç &amp,, white http://t.co/6D5z3tkPtB,9/19/2015  5:54 PM,en,0,2
huskybill2611,397,6.4529245E+017,"@almurray That's it , I'm off to buy a Toyota!! Love it!!! #RWC2015 #japanrugby",,9/19/2015  5:44 PM,en,0,0,0.7482
JRW_SocialMedia,1569,6.4526996E+017,"I love that my 2003 Toyota Corolla with 217,000+ miles on it still gets 30+ MPG in mixed driving.",,9/19/2015  4:15 PM,en,0,0,0.6369
priscilla_yao,55,6.4526477E+017,Love when Longo Toyota gives you free coffee and donuts. #longotoyota,,9/19/2015  3:54 PM,en,0,0,0.8176
Couchh00,165,6.4525494E+017,Almost everybody in this neighborhood has a Toyota Tacoma üòÇ love pointing them out,1,9/19/2015  3:15 PM,en,0,0,0.6369
AmandaS1630,74,6.4524814E+017,Gateway Toyota seriously gave me the best deal on my car!!! I'm so happy everything worked out. I love JAWS! üòçüöò,,9/19/2015  2:48 PM,en,0,0,0.9394
grahamalive,834,6.4524713E+017,@IRPaulP I love Toyota. Always downshift whenever I go past a hybrid model to thank them for balancing the environmental impact of my V8. ÔøΩ,,9/19/2015  2:44 PM,en,0,0,0.7717
ali_schreiber,36,6.4524015E+017,Who doesn't love the Bills AND Llyod's?! Come visit me today at Northtown Toyota and get $250 in platinum plus points http://t.co/UwqZm2la3N,1,9/19/2015  2:16 PM,en,0,1,-0.5661
romeovoid1,25,6.4523571E+017,@yokochin0907 Is it in Tokyo? I love Toyota cars!,1,9/19/2015  1:59 PM,en,0,0,0.6696
cathereford,61,6.4521149E+017,@jimbolte love@toyota!  Thank you so much for your incredible support!,1,9/19/2015 12:23 PM,en,0,1,0.6988
LequitaaWard,144,6.4519843E+017,@Toyota Love the Blue!! :),,9/19/2015 11:31 AM,en,0,1,0.8309
GalieDapula,446,6.4518804E+017,Toyota Hilux..Legend45 such a smooth ride...etsamaya monate i love it,1,9/19/2015 10:49 AM,en,0,0,0.6369
LolomaJewellers,876,6.4518633E+017,So much love for our North Queensland Toyota Cowboys everywhere today!!   GO Cowboys!! http://t.co/YzsKnwIpiM,1,9/19/2015 10:43 AM,en,0,0,0.7681
deitylady,201,6.451571E+017,We love His Call Church #toyota #jesuslovesyouandme https://t.co/qN5eG44v5C,1,9/19/2015  8:46 AM,en,0,0,0.6369
artist_musician,553,6.4512299E+017,"A dude at the Toyota lounge told me going to Cali wasn't traveling. I will not be buying a car from you, sir, I love Cali. @FeverishPanther",1,9/19/2015  6:31 AM,en,0,0,0.6369
lizethmortiz,1574,6.4510892E+017,@ArianaGrande i love you so so much!!  you were so great today in the toyota center especially when i met youüòçüòçüòòüòöüòöüò¢i love,1,9/19/2015  5:35 AM,en,0,1,0.9453
elvaulthunter,54,6.4510766E+017,@thecloudspretty I have a toyota and love it! 2012 corolla and it's awesome. I highly recommend anything toyota or german if you can afford,,9/19/2015  5:30 AM,en,0,2,0.9078
tinyxx51,112,6.4510512E+017,Even my goats love my 4runnerüòçüòçüòç so in love with my car #toyota #4x4 #4runner http://t.co/mONgtKjOmE,,9/19/2015  5:20 AM,en,0,0,0.8555
itscarolineb_,2555,6.4508869E+017,I got to see my love tonight. Best concert ever. Love you Ariüíïüåô @ Houston Toyota Center https://t.co/XnpmaDEQo9,1,9/19/2015  4:15 AM,en,0,1,0.9274
PaigeWilliams_7,452,6.4507427E+017,couldn't love u any harder üíü @ Houston Toyota Center https://t.co/mm7ywA7WKZ,1,9/19/2015  3:17 AM,en,0,0,-0.5216
AutosandMore,604,6.4506525E+017,07 @Toyota #Tundra Limited 4x4 TRD Off Road 4dr Love the Lift #toyota #tundranation #tundraoffroad #truck #forsale http://t.co/X0LfAKMBQI,,9/19/2015  2:41 AM,en,0,0,0.5106
BriLoveLife,47519,6.4506511E+017,"Stuck in my head, but it's all love üíú @ Houston Toyota Center https://t.co/Kmm6t4zxsB",1,9/19/2015  2:41 AM,en,62,159,0.743
DreHiDeF,1377,6.4506067E+017,My love  1985 Toyota Sprinter Trueno GT Apex,,9/19/2015  2:23 AM,en,0,0,0.7925
happydawgblawg,7046,6.4505492E+017,Barks of Love Animal Rescue shared Tustin Toyota's photo. http://t.co/Hhv1TabN57 #animalrescue,1,9/19/2015  2:00 AM,en,0,0,0.872
prettybumnigga,326,6.4504439E+017,They love Toyota Tundras in Texas,1,9/19/2015  1:19 AM,en,0,0,0.6369
scientistkev,249,6.4503716E+017,We love Toyota Priuses #ObservationsOfWhitesByWhites,,9/19/2015 12:50 AM,en,0,0,0.6369
ooyuzautos,3049,6.4502152E+017,"New 2016 Toyota Prius: Love It Or Loathe It, But You Can't Ignore It.. Related Articles: http://t.co/rQ7zygsFK0",1,9/18/2015 11:48 PM,en,0,0,0.4784
abattis18,32777,6.4501529E+017,"üòéthank you ""Toyota"" for a free new car 2016 until next spring got a love the recalls... Part will  not be in... http://t.co/ApHyO4CBkB",1,9/18/2015 11:23 PM,en,1,2,0.8176
tamsjunque,50,6.4499459E+017,I love My Toyota  One Million Dollar Bill by TamsJunqueNovelties http://t.co/wmWUZvKWeY via @Etsy,1,9/18/2015 10:01 PM,en,0,0,0.6369
AirportHaircuts,94,6.4499148E+017,@Nobody1300 I love how Toyota used the same A/C switchgear in the Xb from 2008 as the 2013-2015 RAV4.,1,9/18/2015  9:48 PM,en,0,1,0.6369
LanceTheDriver1,5669,6.449913E+017,It's official: I love #Texas. My journey to the birthplace of the @Toyota Tundra continues. http://t.co/FOKZ3PC15i,1,9/18/2015  9:48 PM,en,4,45,0.6369
SimmonePark,98,6.4498948E+017,.@Toyota LOVE to have your support for the epic@wonderwomentech conference in 2016 honoring #womeninSTEAM #wearepioneers #joinus #diversity,1,9/18/2015  9:40 PM,en,1,0,0.8986
JessicaPittser,391,6.4498897E+017,Love being back at Toyota üöóüîßüìë #partsdepartment #girlswhoworkwithcars‚Ä¶ https://t.co/97QdrCWzKz,,9/18/2015  9:38 PM,en,0,0,0.6369
RCash_Back,1,6.4496816E+017,What do you think of the new #Prius design? Love it or hate it? http://t.co/BmWgWwQPPw,1,9/18/2015  8:16 PM,en,0,0,0.2168
Jeanelyn,265,6.4496361E+017,The Blue Beast 2 jaar. Love ny #toyota http://t.co/pGs707uI8Y,1,9/18/2015  7:58 PM,en,0,0,0.6369
JessBenson_,259,6.4496225E+017,Going to have my first love reading at 4:30 in a Toyota Camry sorry but it's sold outüìö,1,9/18/2015  7:52 PM,en,0,0,0.3506
victormacias,17536,6.4495372E+017,@Toyota It's going great. The center console system is great. Love playing with all the apps. Really digging the amount of space inside!,,9/18/2015  7:18 PM,en,0,1,0.9381
Nerysxxxxxxx,654,6.449335E+017,@toyota_europe @voodooban1973 @ToyotaGB I love my Toyota Aygo watch! http://t.co/DlbtjHPJX4,,9/18/2015  5:58 PM,en,0,3,0.6696
aomkatycats25,18,6.4492071E+017,I love you @katyperry Goodnight kiss Toyota Yaris #Roar http://t.co/wHoHbaJ010,1,9/18/2015  5:07 PM,en,0,0,0.7906
PDetail,1211,6.4491925E+017,Spies Hecker tops Toyota competition. We love artists like these http://t.co/7T31sGScBq,1,9/18/2015  5:01 PM,en,0,0,0.875
Ens_Auto,1664,6.4491072E+017,"We are in LOVE with the Scion iM! If you haven't seen it yet, you must stop by!! #yxe #scion #toyota #newcar http://t.co/YDhqkGB4LU",1,9/18/2015  4:27 PM,en,1,0,0.6817
CarverToyScion,109,6.4490169E+017,We're in love with our newest #CaroftheWeek! It's a 2015 @Toyota #Highlander! Take a look- http://t.co/QdbpUQtvdq http://t.co/JWQcZkFTiR,1,9/18/2015  3:52 PM,en,0,0,0.6988
Love_Bird47,72,6.4489406E+017,Final decision on Toyota/BMW sports car expected by end of year: Toyota and BMW will decide whether to proceed... http://t.co/LQWkIDLw4t,1,9/18/2015  3:21 PM,en,0,0,0
iam_mitchphelps,232,6.4488632E+017,"@Toyota, why cant we get the Global Land Cruiser here in the United States? I love the land cruiser but I would rather not spend $80K on it.",1,9/18/2015  2:50 PM,en,0,0,0.5423
FiftyBuckss,2451,6.4488551E+017,"@FakeGhostPirate Right! Would love to see a Porsche/VW factory team. Is that a rumour or just a wish? :P Would love to see Toyota, too!",1,9/18/2015  2:47 PM,en,0,1,0.9415
5loodevil,417,6.4488332E+017,"@BenWalke @NeedforSpeed Fall in love with R34 üòç, but where is my lovely Toyota Supra üò≠üíî",1,9/18/2015  2:38 PM,en,0,1,0.8316
emilythompson24,274,6.4486918E+017,A year ago today I bought my @Toyota  Camry! I'm still in love with it. ‚ù§Ô∏è,,9/18/2015  1:42 PM,en,0,1,0.6696
SUEResearch,517,6.4486124E+017,"As cities fall out of love with cars, Toyota redefines its role as 'mobility provider' http://t.co/kAVqLE6EKt",1,9/18/2015  1:11 PM,en,1,0,0.6369
