httpmartha_,452,6.5947908E+017,boy from toyota ad i love u,ad,10/28/2015  9:17 PM,en,0,0,0.6369,FALSE,FALSE,TRUE,FALSE
brandersen631,202,6.5918045E+017,"I love how the #Toyota commercials say ""feel the power!""...of what? The 100 horsepower engine that makes slugs look like Usain Bolt?",ad,10/28/2015  1:30 AM,en,0,0,0.8101,FALSE,FALSE,FALSE,FALSE
BostonNewsMan,4271,6.589633E+017,.@Huey_Lewis_News I love ya but man this damn Toyota commmercial is driving me NUTS!,ad,10/27/2015 11:07 AM,en,0,5,-0.7863,FALSE,FALSE,TRUE,FALSE
wenklar,250,6.5883758E+017,King of the World just came on during a Toyota commercial I'm in LOVE @youngrisingsons,ad,10/27/2015  2:48 AM,en,0,2,0.7125,FALSE,FALSE,FALSE,FALSE
LehighMiningNav,33,6.5873378E+017,Love that our client @airproducts can be seen in this awesome @Toyota video honoring #BackToFutureDay! Check it out  https://t.co/CkLCTbcaHB,ad,10/26/2015  7:55 PM,en,0,0,0.9283,FALSE,TRUE,TRUE,FALSE
chrisdabear,396,6.57983E+017,Love the new Toyota Tacoma commercial. https://t.co/fn8wzaFk32,ad,10/24/2015  6:12 PM,en,0,0,0.6369,FALSE,FALSE,FALSE,FALSE
mwoodpen,1469,6.5791978E+017,"""Some film crew who payed for our trash."" Oh how I love creative minds. And #MichaelJFox @Toyota #BackToTheFuture  https://t.co/hfbYkFqpp8",ad,10/24/2015  2:01 PM,en,0,1,0.7964,FALSE,TRUE,TRUE,FALSE
MaggieDuke3,6460,6.5774354E+017,"@Toyota   I LOVE the new #Toyota commerical with the red, white and blue #TacomaTrucks SO MUCH, that I taped it and I WANT A WHITE ONE ! XOX",ad,10/24/2015  2:20 AM,en,0,1,0.8052,FALSE,TRUE,FALSE,FALSE
R_Adams_Search,295,6.5751759E+017,Fueled by the Future | Back to the Future | Presented by Toyota Mirai https://t.co/xv5Wr72kd8 Love this Energy from Waste ad from @Toyota!,ad,10/23/2015 11:23 AM,en,1,1,0.6208,FALSE,FALSE,FALSE,FALSE
BrandonScourtas,330,6.5739277E+017,Toyota with an awesome commercial! Love it!  https://t.co/jmBg0JHGgN,ad,10/23/2015  3:07 AM,en,0,0,0.8715,FALSE,FALSE,TRUE,FALSE
sian_i_am,467,6.5733253E+017,I'm gonna nerd double down and say I love this #BackToTheFuture #biogas @Toyota  https://t.co/1vEB673320,ad,10/22/2015 11:07 PM,en,0,1,0.4588,FALSE,TRUE,TRUE,FALSE
johnthepayne,55,6.5731285E+017,#tacoma gets a little love from motorcycle world. Backmarker: Toyota‚Äôs Amazing Motorcycle Ad https://t.co/LyT3wHOPuL,ad,10/22/2015  9:49 PM,en,0,1,0.8275,FALSE,FALSE,FALSE,FALSE
tallguypictures,45,6.5713781E+017,@Toyota Fuelled by Bullsh*t is so good! Brave advertising still exists. I doff my cap! Would love to work on something similar in the UK!,ad,10/22/2015 10:13 AM,en,0,0,0.9259,FALSE,TRUE,TRUE,FALSE
BTBTB_25,1298,6.5704117E+017,@joeymcintyre ha!! Love it. Did you see the Toyota Ad with him and MJF? It's long but was cool.,ad,10/22/2015  3:49 AM,en,0,0,0.7804,FALSE,FALSE,TRUE,FALSE
RickZich,44,6.5703164E+017,I love those KC HiLites!  Toyota reincarnates Marty McFly‚Äôs dream truck for Back to the Future Day https://t.co/V2jZAsk9HB via @YahooFinan,ad,10/22/2015  3:12 AM,en,0,0,0.7574,FALSE,FALSE,FALSE,FALSE
mellenbog3n,854,6.5702917E+017,Here Is @Toyota's Full 5-Minute Spot With Marty McFly and Doc Brown Back to the Future stars learn to love the Mirai https://t.co/VNxOxrA20t,ad,10/22/2015  3:02 AM,en,0,1,0.6369,FALSE,FALSE,FALSE,FALSE
JenAndSustain,180,6.5701526E+017,"LOVE this! Back to the Future, #innovation and sustainability! What could be better? https://t.co/MNqDm0gDFA #BTTF https://t.co/XzMc4fGqCy",ad,10/22/2015  2:06 AM,en,0,1,0.8561,FALSE,TRUE,FALSE,FALSE
Inspiretim,775,6.5701028E+017,@toyota love your film though very creative and funny:) https://t.co/5jKgWhPtUr check out the happy prius journey https://t.co/jHDh7VPZ7x,ad,10/22/2015  1:47 AM,en,0,0,0.902,FALSE,FALSE,FALSE,FALSE
ChristianLongs2,791,6.5699035E+017,@Toyota I love #BackToTheFuture @Toyota,ad,10/22/2015 12:28 AM,en,0,1,0.6369,FALSE,TRUE,TRUE,FALSE
nanmossey,142,6.5696008E+017,Love Toyota's homage to Back to the Future. https://t.co/UrUXhI0Orz. Supports their promise on Thursday to go 100% Hydrogen by 2050. Own it!,ad,10/21/2015 10:27 PM,en,0,0,0.8516,FALSE,TRUE,TRUE,FALSE
FayLaybourne,123,6.5695514E+017,Love it #Toyota #BackToFutureDay  https://t.co/UhbRKwq8hD,ad,10/21/2015 10:08 PM,en,0,0,0.6369,FALSE,TRUE,TRUE,FALSE
HENNYHUNNIES,474,6.5695366E+017,I don't like the car but I did love the commercial üò© Great Scott! https://t.co/wtQ3jVJdi3,ad,10/21/2015 10:02 PM,en,0,0,0.9215,FALSE,FALSE,FALSE,FALSE
hollywookiee,573,6.5694688E+017,@Toyota yep! I love it!!! One of my favorite movies and this is a BEAUTIFUL new Tacoma!!!,ad,10/21/2015  9:35 PM,en,0,1,0.9451,FALSE,TRUE,FALSE,FALSE
Kempton,631,6.5694578E+017,Love good ads. @realmikefox Christopher Lloyd #BTTF ad @Toyota is pretty cool. Agency info: https://t.co/UO4RteiENj https://t.co/2O1SaVXyYC,ad,10/21/2015  9:30 PM,en,0,1,0.9118,FALSE,FALSE,FALSE,FALSE
mdfield,974,6.5694542E+017,"I love the #BackToTheFuture trilogy like the next geek, but not enough to watch a 5 minute #Toyota commercial.",ad,10/21/2015  9:29 PM,en,0,0,0.4497,FALSE,TRUE,TRUE,FALSE
ajaynes,540,6.5694383E+017,@Toyota - your marketing folks are so cool and smart. Love this! #Mirai #marketing #STEM #branding  https://t.co/lRZrEYHqC3,ad,10/21/2015  9:23 PM,en,0,3,0.8872,FALSE,TRUE,FALSE,FALSE
clightfilms,298,6.569413E+017,Impressive. Nice work @Toyota Love the video! https://t.co/tFLMW3y19B,ad,10/21/2015  9:13 PM,en,0,1,0.8908,FALSE,TRUE,TRUE,FALSE
DannyJoyce84,1630,6.5694027E+017,"Love this!! Advertising done right, kudos @Toyota! #BackToTheFutureDay https://t.co/AZ9GDOURwA",ad,10/21/2015  9:09 PM,en,0,1,0.8547,FALSE,TRUE,TRUE,FALSE
kidsis,4891,6.5693488E+017,Toyota made a garbage-fueled car inspired by Back to the Future!!! Love it!!!  Maybe now we can HAVE a future!!! https://t.co/IoYwFg05lW,ad,10/21/2015  8:47 PM,en,0,0,0.8614,FALSE,FALSE,TRUE,FALSE
KVILMike,318,6.5692248E+017,"Love...love...LOVE this!  Way to go, @Toyota! #BackToTheFuture #BackToFutureDay https://t.co/wRud2h7VFF",ad,10/21/2015  7:58 PM,en,0,1,0,FALSE,TRUE,TRUE,FALSE
itsgonnacostaya,764,6.5692126E+017,@Toyota what a great marketing advertisement! Love üíôüöô,ad,10/21/2015  7:53 PM,en,0,0,0.8622,FALSE,TRUE,TRUE,FALSE
ShopBubbleBags,623,6.5691916E+017,It's #BackToTheFuture day and we love this video of Toyota: Trash as fuel? Yes! ‚Üí https://t.co/AFgly24fcy https://t.co/ody8idHShN,ad,10/21/2015  7:45 PM,en,0,0,0.8016,FALSE,TRUE,TRUE,FALSE
MauraL33,394,6.5691698E+017,LOVE: Ad of the Day: Here Is Toyota's Full 5-Minute Spot With Marty McFly and Doc Brown https://t.co/4wVQDrW2Bp,ad,10/21/2015  7:36 PM,en,0,0,0.7125,FALSE,FALSE,TRUE,FALSE
SilversidX,59,6.5691136E+017,The last bit of Back to the Future geekery for the day. Great job by Toyota! Would love to see this take off.... https://t.co/L9BQgqjYK6,ad,10/21/2015  7:14 PM,en,0,0,0.8622,FALSE,TRUE,TRUE,FALSE
_love_evolve,115,6.5690731E+017,Toyota reincarnates Marty McFly‚Äôs dream truck for Back to the Future Day https://t.co/izMsydqlA6 via @DigitalTrends,ad,10/21/2015  6:58 PM,en,0,0,0.25,FALSE,FALSE,FALSE,FALSE
byLaw,132,6.5689672E+017,Love seeing Doc and Marty back in action! Proud to be a #Toyota owner :) #BackToTheFutureDay #ToyotaMirai https://t.co/paBC5lbZio,ad,10/21/2015  6:15 PM,en,0,1,0.8908,FALSE,TRUE,FALSE,FALSE
dannyboy414,346,6.5688629E+017,More #BackToFutureDay love. Toyota Hydrogen + Marty + Doc https://t.co/eEbcn0zBdh #futureTech #Oct21st2015,ad,10/21/2015  5:34 PM,en,0,0,0.6682,FALSE,FALSE,TRUE,FALSE
khalidhakim,94,6.5688606E+017,"If you are a fan like me you will love this Toyota Ad. Back to the Future Oct. 21, 2015 Christopher Lloyd and Michae‚Ä¶https://t.co/hsYGfXBz",ad,10/21/2015  5:33 PM,en,0,0,0.8402,FALSE,FALSE,TRUE,FALSE
LukeCarra,1573,6.5688444E+017,"I love you, @Toyota. -- Fueled by the Future | Back to the Future | Presented by Toyota Mirai https://t.co/spxDjtK2ZH",ad,10/21/2015  5:27 PM,en,1,2,0.6369,FALSE,FALSE,FALSE,FALSE
OnrampEvents,355,6.5687773E+017,Do you love Back to the Future? You‚Äôre going to want to see @Toyota‚Äôs announcement today: https://t.co/gdiKqLkGwj #BTTF2015 #MartyMcFly,ad,10/21/2015  5:00 PM,en,1,0,0.6705,FALSE,TRUE,TRUE,FALSE
shannon_patrick,318,6.5687542E+017,"I know it's a giant @Toyota ad, but it's clear that so much love went into making this: https://t.co/kAfR0C0B0C #GreatScott #BackToTheFuture",ad,10/21/2015  4:51 PM,en,1,3,0.8914,FALSE,TRUE,TRUE,FALSE
Steffi_G,4517,6.5687538E+017,How great it is this!? Well played @Toyota . So much love for @realmikefox and #ChristopherLloyd . https://t.co/W39ePVAdyy #BTTFDAY,ad,10/21/2015  4:51 PM,en,0,2,0.9242,FALSE,TRUE,FALSE,FALSE
kitboyerca,84,6.5686736E+017,Marty McFly's dream 4x4! Love this @Toyota #Tacoma. #BTTF2015 #BackToTheFuture https://t.co/24ToXRux1T,ad,10/21/2015  4:19 PM,en,0,1,0.7574,FALSE,TRUE,FALSE,FALSE
Admiralowen,744,6.5686287E+017,"I hate advertising, i love advertising- | Back to the Future | Presented by Toyota Mirai https://t.co/ICvOfiPqeh via @YouTube",ad,10/21/2015  4:01 PM,en,0,0,0.128,FALSE,FALSE,FALSE,FALSE
MelissaSpielman,227,6.5686075E+017,@Toyota Love this video. #Toyota,ad,10/21/2015  3:53 PM,en,0,3,0.6369,FALSE,TRUE,TRUE,FALSE
coreankomarec,24,6.5685546E+017,Just saw the commercial - love this ad #toyota #playnow https://t.co/tHHkm88c2t,ad,10/21/2015  3:32 PM,en,0,0,0.6369,FALSE,FALSE,TRUE,FALSE
SodiumFree,83,6.5684805E+017,"@Toyota is going HAM with the #BackToTheFuture stuff, Love the retro #Taco https://t.co/8FORyxTZbo",ad,10/21/2015  3:02 PM,en,0,1,0.6369,FALSE,TRUE,TRUE,FALSE
melanienorthnow,141,6.5684687E+017,Love this!Fueled by the Future | Back to the Future | Presented by Toyota Mirai https://t.co/TRnNlUP2bS,ad,10/21/2015  2:57 PM,en,0,0,0.6696,FALSE,FALSE,FALSE,FALSE
ShowtimeOrtho,20,6.5684233E+017,The Future is HERE! 10/21/15. No flying cars but Toyota came out with something pretty cool! Love that they got... https://t.co/xaOz5CgKPD,ad,10/21/2015  2:39 PM,en,0,0,0.9329,FALSE,FALSE,TRUE,FALSE
natemarkelliott,1029,6.5683341E+017,Another reason to love @toyota - Fueled by the Future | Back to the Future | Presented by Toyota Mirai https://t.co/q0bvcUVxtZ,ad,10/21/2015  2:04 PM,en,0,1,0.6369,FALSE,FALSE,FALSE,FALSE
RobJNewman,225,6.5683017E+017,"Toyota Ad Goes 'Back to the Future' https://t.co/BkoWYF7w5B - love these guys, seeing MJF like this is v.sad too",ad,10/21/2015  1:51 PM,en,0,0,0.7717,FALSE,TRUE,TRUE,FALSE
michaelcswan97,42,6.5682248E+017,The new Toyota advert for hydrogen cars in INGENIOUS combining two things I love- clean energy and film references! https://t.co/JlX4wVNfkS,ad,10/21/2015  1:20 PM,en,1,0,0.8516,FALSE,FALSE,FALSE,FALSE
yedidovich,239,6.5681567E+017,Great Scott!!  always love  you Toyota :)  #BTTF https://t.co/RPyAOsk7s1,ad,10/21/2015 12:53 PM,en,0,0,0.9167,FALSE,FALSE,TRUE,FALSE
vienena,367,6.5681152E+017,Fueled by the Future | Back to the Future | Presented by Toyota Mirai https://t.co/6mwY4gRknA via @YouTube love the 80s sound effects,ad,10/21/2015 12:37 PM,en,0,0,0.6369,FALSE,FALSE,FALSE,FALSE
Me99x,36,6.5677914E+017,Love the Toyota/back to the future advert. https://t.co/s8CcA2rOR5,ad,10/21/2015 10:28 AM,en,0,1,0.6369,FALSE,TRUE,FALSE,FALSE
adrimedia,751,6.5673023E+017,So much #BackToTheFuture fan love on this @Toyota film by @droga5 https://t.co/FVy0eDulBV,ad,10/21/2015  7:14 AM,en,0,2,0.7759,FALSE,TRUE,TRUE,FALSE
Emma_RobertsUK,2555,6.5671498E+017,Love it! @Toyota @toyota_europe #BTTF2015 @TheRealMikeFox #BackToTheFutureDay  https://t.co/KK8WXdo5TS,ad,10/21/2015  6:13 AM,en,2,3,0.6696,FALSE,TRUE,TRUE,FALSE
PRCrystalClear,438,6.5660211E+017,We love it when advertising is topical but Toyota have hit a home run with this ad campaign. #backtothefuture... https://t.co/BJJvkG0BLx,ad,10/20/2015 10:45 PM,en,0,0,0.3818,FALSE,FALSE,TRUE,FALSE
DonnaK93,429,6.595102E+017,@BTSullivan91 @RigidNation @Toyota that's a beast love the lights üòç,car,10/28/2015 11:20 PM,en,0,0,0.6369,FALSE,TRUE,TRUE,FALSE
nailwrapsparty,121,6.5947721E+017,"200,000 miles!!!  This car has seen a lot with two busy boys!  Still going strong....love my #toyota‚Ä¶ https://t.co/SFdROMPz9J",car,10/28/2015  9:09 PM,en,0,0,0,FALSE,TRUE,TRUE,FALSE
CallMeSzabo,459,6.5942075E+017,Goddamn I love Toyota Tacomas,car,10/28/2015  5:25 PM,en,0,1,0.2732,FALSE,FALSE,FALSE,FALSE
ThereseLisan29,386,6.5941385E+017,@Toyota my family has driven every Toyota vehicle possible. We owned a Camry and now a highlander. Safest cars ever. I love it.,car,10/28/2015  4:58 PM,en,1,4,0.7845,FALSE,FALSE,TRUE,TRUE
lizardmess,75,6.5937079E+017,"The 2016 Camry gets great mileage and the Enterprise rental employee is in love with me. Well played, Toyota.",car,10/28/2015  2:07 PM,en,0,1,0.9153,FALSE,FALSE,TRUE,FALSE
Jbonejgr,9591,6.5934704E+017,Still love my Toyota 8 years later. I love the new ones but no reason to get one yet. This baby still‚Ä¶ https://t.co/Y8alcpQXAD,car,10/28/2015 12:32 PM,en,0,4,0.34,FALSE,FALSE,TRUE,FALSE
richardaucock,9700,6.5931154E+017,Toyota S-FR concept at Tokyo. I am in love with it. A modern MR-2 (but for the position of the‚Ä¶ https://t.co/2SUKfZzl6K,car,10/28/2015 10:11 AM,en,0,0,0.6369,FALSE,TRUE,TRUE,FALSE
swirlkous_7490,619,6.5927458E+017,I was forever in love with a Toyota Liftback because it reminded me of the DMC DeLorean.,car,10/28/2015  7:44 AM,en,0,0,0.6369,FALSE,FALSE,TRUE,FALSE
harrytuckerr,2905,6.5924498E+017,"Love the Toyota S-FR. Rear drive, light and built for cheap fun. https://t.co/OPYfgehWQo",car,10/28/2015  5:47 AM,en,0,0,0.8176,FALSE,FALSE,TRUE,TRUE
lil_merm,846,6.5922979E+017,u want the truth ?? Ok: I fukin love driving my Toyota Corolla idgaf,car,10/28/2015  4:46 AM,en,0,9,0.8541,FALSE,FALSE,FALSE,FALSE
CarBuyer,119,6.5918079E+017,Toyota's S-FR is a cutesy way to make young people fall in love with driving again. Does it do it for you? #tms2015 https://t.co/GQ8VJxW7SX,car,10/28/2015  1:32 AM,en,0,0,0.8074,FALSE,TRUE,TRUE,FALSE
aprilec_,52,6.5912872E+017,My family has a love for Toyota vehicles. #ToyotaTacoma #ToyotaCorolla #ToyotaCorollaS2016 Toyota clanüññ,car,10/27/2015 10:05 PM,en,0,0,0.6369,FALSE,FALSE,FALSE,FALSE
austinshorizons,13,6.5911342E+017,Gotta love @Nissan and there #Gtrs and @Toyota and theyre beutiful #celicas https://t.co/WqvlCQ7N7F,car,10/27/2015  9:04 PM,en,0,0,0.6369,FALSE,TRUE,FALSE,FALSE
EOK4,2,6.5911155E+017,@ToyotaCanada We love our Toyota Corolla  :),car,10/27/2015  8:56 PM,en,3,1,0.802,FALSE,FALSE,FALSE,FALSE
Abeershaikh_Mas,70,6.5910491E+017,My Love #Toyota Super Cars üòè https://t.co/hO6rCjokBE,car,10/27/2015  8:30 PM,en,1,0,0.8442,FALSE,FALSE,FALSE,FALSE
jerrystoyota,1890,6.5909443E+017,"Still the #Camry you've always known and love, but loaded with new features: https://t.co/i3dDzS5gEG #JerrysToyota https://t.co/ckRH0r5jOs",car,10/27/2015  7:48 PM,en,0,0,0.3818,TRUE,TRUE,FALSE,FALSE
imyourDestini__,699,6.590547E+017,"when a fill up cost you all of $18.00, love my car @Toyota",car,10/27/2015  5:10 PM,en,0,2,0.6369,FALSE,FALSE,TRUE,FALSE
miggycua,78,6.5904283E+017,Rocketbunny Toyota Gt86 is love,car,10/27/2015  4:23 PM,en,0,1,0.6369,FALSE,FALSE,TRUE,FALSE
mike_hogan,9024,6.5882924E+017,"If you like Toyota Camrys, you'll LOVE hot tech startup @Uber!",car,10/27/2015  2:15 AM,en,0,5,0.8283,FALSE,FALSE,FALSE,TRUE
Meeeshy93,250,6.5882336E+017,"Welcome to my family my new car, named  sugar diamond. love it! #toyota #ToyotaCorolla #newcar‚Ä¶ https://t.co/6LAlkhDQtB",car,10/27/2015  1:51 AM,en,1,0,0.8718,FALSE,TRUE,FALSE,FALSE
TheMiaConnect,6882,6.5881168E+017,"@Weavers_Auto ...yes, first time test driving the @Toyota #Corrola S premium. love! https://t.co/tP9S1gjf39",car,10/27/2015  1:05 AM,en,0,1,0.6696,FALSE,TRUE,TRUE,FALSE
Shatansty,74,6.5880466E+017,@EliasJDM I would love to know what it feels like to drive a Toyota Camry it must be more thrilling than a corolla,car,10/27/2015 12:37 AM,en,0,0,0.8777,FALSE,FALSE,FALSE,TRUE
CarGuyCentral,29,6.5878313E+017,Beautiful Toyota gt86! I freakin love those headlights! #Toyota #gt86 https://t.co/cJU7o0PGUn,car,10/26/2015 11:11 PM,en,0,1,0.8652,FALSE,FALSE,TRUE,FALSE
josmarten,106,6.5877679E+017,@EU_Eurostat @EU_Commission Smartest-Hydrogen- Family in EU : Denmark‚Äôs First Toyota Mirai Gets Delivered https://t.co/QrK7xwDaMM Love the,car,10/26/2015 10:46 PM,en,0,0,0.6696,FALSE,FALSE,FALSE,FALSE
xWhiteAngelus,50,6.5874903E+017,Gotta love that Toyota Celica.,car,10/26/2015  8:56 PM,en,0,0,0.6369,FALSE,FALSE,FALSE,FALSE
PhyliciaaaMerae,579,6.5874109E+017,I love that Toyota Camry üò≠üòç,car,10/26/2015  8:24 PM,en,0,1,0.6369,FALSE,FALSE,FALSE,FALSE
Toyota_Oakbrook,330,6.587192E+017,@Toyota Love the Sequoia!,car,10/26/2015  6:57 PM,en,0,1,0.6696,TRUE,TRUE,TRUE,FALSE
ThereseLisan29,386,6.5871524E+017,@Toyota thanks. I love the Corolla. It's always been my dream car ‚ò∫Ô∏è,car,10/26/2015  6:42 PM,en,0,1,0.8442,FALSE,TRUE,TRUE,FALSE
SirIkokwuPE,742,6.586684E+017,"@1049SMAFM #AutoCare Sir, kindly counsel me...am in love with Toyota Camry(especially 1999 Model), is it okay?",car,10/26/2015  3:35 PM,en,0,1,0.8519,FALSE,FALSE,FALSE,FALSE
Sir_Ntusi,1890,6.5864804E+017,"Love the old Yaris üòçüòçüòç ""@Tumisho_Maps: Toyota Yaris Ain't that bad as a first car though.""",car,10/26/2015  2:15 PM,en,0,0,0.7935,FALSE,FALSE,FALSE,FALSE
TangieGilmore,1117,6.5864656E+017,Gonna be driving a Toyota Yaris for the next few days as a rental and I love it üöóüôÇ,car,10/26/2015  2:09 PM,en,0,0,0.6369,FALSE,TRUE,FALSE,FALSE
gknight738,826,6.5856529E+017,Love this Toyota beautiful classic car :-) https://t.co/mUJ1F0MvCb,car,10/26/2015  8:46 AM,en,0,1,0.886,FALSE,FALSE,FALSE,FALSE
IzzyfromDaO,280,6.5849732E+017,Another Toyota doe. Love them,car,10/26/2015  4:16 AM,en,0,0,0.6369,FALSE,FALSE,TRUE,FALSE
Thow_Lou,290,6.5841325E+017,Toyota Matrix Sport ... my new love about to turn reality,car,10/25/2015 10:42 PM,en,0,0,0.6369,FALSE,FALSE,FALSE,FALSE
Ryan__Rigg,2157,6.5841217E+017,Words cannot express how much I LOVE THIS CAR! I purchased my 2015 @Toyota Camry XSE on 5/28/15 &amp,car, it's been great!üòÉ https://t.co/U5EB,10/25/2015 10:37 PM,en,6,12,FALSE,TRUE,FALSE,TRUE
DaveLoomis1,844,6.5839702E+017,Dead Toyota's   I. Fucking. Love. It.,car,10/25/2015  9:37 PM,en,0,0,0.0498,FALSE,TRUE,FALSE,FALSE
UPPCOS,6,6.5838756E+017,This gorgeous Toyota Supra just arrived for a custom downpipe and intercooler piping. Gotta love sports cars from the 90s!,car,10/25/2015  9:00 PM,en,0,0,0.8588,FALSE,FALSE,FALSE,FALSE
limpyshire,1615,6.5826493E+017,I JUST DROVE MY MOMS NEW TOYOTA AVALON AND IM SO IN LOVE,car,10/25/2015 12:52 PM,en,0,0,0.6682,FALSE,FALSE,FALSE,FALSE
jakenolen,333,6.5810674E+017,@Drive_Toyota we love ours :) https://t.co/fNjdtz5C2M,car,10/25/2015  2:24 AM,en,0,1,0.802,FALSE,TRUE,TRUE,TRUE
ShaneWellington,358,6.580762E+017,@Toyota @DavidWilsonTRD I would so Love to own a #MartyMcFly #BackToTheFuture Edition #Tacoma ‚òùüèªÔ∏è,car,10/25/2015 12:22 AM,en,0,11,0.7481,FALSE,TRUE,FALSE,FALSE
evanmyers4,497,6.5804896E+017,Blacked out Toyota supra. I'm in love,car,10/24/2015 10:34 PM,en,0,0,0.6369,FALSE,FALSE,FALSE,FALSE
Spammyjazzhands,927,6.5803995E+017,"@swarthyvillain ""Why was my Steampunk airship downed by the RAF? Because I love the look and feel of the Toyota HiLux just too damn much.""",car,10/24/2015  9:58 PM,en,0,1,0.3612,FALSE,FALSE,FALSE,FALSE
scottklimt,451,6.580261E+017,[I love what you do for me Toyota jump] https://t.co/CODf5Ospjw,car,10/24/2015  9:03 PM,en,0,0,0.6369,FALSE,FALSE,TRUE,FALSE
JimmyRager,283,6.5800314E+017,My New Love: #SwaggerWagon #Sienna2015 @Toyota - Prototype with options shown. Produ... (Vine by @EhBeeFamily) https://t.co/XghhEFxSv0,car,10/24/2015  7:32 PM,en,0,1,0.6369,FALSE,TRUE,FALSE,FALSE
bowhunter1088,60,6.5797981E+017,"Ha this car for a month and we love it #toyota #priusc #newcar üíØüëçüòÑüòçüôèüèªüöó joannawilliams93 @ Columbia,‚Ä¶ https://t.co/fBf",car,10/24/2015  5:59 PM,en,1,1,0.765,FALSE,FALSE,FALSE,FALSE
KeciaHambrick,12817,6.5797743E+017,My family and I are headed to the pumpkin farm in this 2015 Toyota Corolla. I love the color!‚Ä¶ https://t.co/7Gp5QIijAQ,car,10/24/2015  5:50 PM,en,1,0,0.6696,FALSE,FALSE,FALSE,FALSE
SFTOYOTA,1485,6.5794601E+017,"With a power moonroof, the #Toyota #4Runner #SR5 and Trail keeps you closer to the great outdoors you love. https://t.co/z0ZYIITemD",car,10/24/2015  3:45 PM,en,2,1,0.8519,TRUE,TRUE,FALSE,FALSE
2Wired2Tired,36406,6.5792381E+017,I love the @Toyota #Highlander Its' a great 3 Row SUV for the fam #DriveToyota https://t.co/2804C8CnbO https://t.co/DHSWXQo3um,car,10/24/2015  2:17 PM,en,0,1,0.8519,FALSE,TRUE,FALSE,TRUE
jerrimariewimbi,340,6.5774694E+017,"Love my new # Freeman Toyota from , #thnks Bj, Venus #Alvin https://t.co/9Y5LuZcCOb",car,10/24/2015  2:34 AM,en,0,1,0.7845,FALSE,FALSE,FALSE,FALSE
YokohamaTC,23274,6.5774585E+017,Love that @Toyota Starlet widebody! https://t.co/H50lrCDi2q,car,10/24/2015  2:30 AM,en,4,9,0.6696,FALSE,FALSE,FALSE,FALSE
Dopenessyenni,947,6.5773247E+017,Yes! 2016 Toyota Corolla üíÖüèΩ that's my baby lmao like I love my car  https://t.co/6cjvvYUwIf,car,10/24/2015  1:36 AM,en,0,1,0.9273,FALSE,FALSE,FALSE,FALSE
KTettemer,20,6.5765573E+017,I got a 2012 Toyota Rav4 last weekend and I am in love with it! Thank you @Toyota I'm looking forward to driving this car for years to come!,car,10/23/2015  8:32 PM,en,0,2,0.8065,FALSE,FALSE,FALSE,FALSE
sugoifox,207,6.5758298E+017,I love how there's a Toyota car named Mirai,car,10/23/2015  3:42 PM,en,0,0,0.6369,FALSE,FALSE,TRUE,FALSE
CollinsFabien,1430,6.5750791E+017,Am still in love with you 2015 Toyota Land Cruiser V8 with i-FORCE 5.7L V-8 381hp engine. https://t.co/MHhYYn8AoH,car,10/23/2015 10:44 AM,en,0,1,0.6369,FALSE,FALSE,FALSE,FALSE
mia_tortillaa,446,6.5738998E+017,"@jeremyrules2016 2008 Toyota Yaris! It's super cute and small, I love it.",car,10/23/2015  2:55 AM,en,1,1,0.908,FALSE,FALSE,FALSE,FALSE
AuthorJJohnston,5,6.5734887E+017,they also love their Toyota's! uh-oh maybe my hero should drive a Prius...,car,10/23/2015 12:12 AM,en,0,0,0.8439,FALSE,TRUE,FALSE,TRUE
AutoGuide,67634,6.5734829E+017,#Toyota S-FR Concept Previews a Baby FR-S. Love it or hate it? https://t.co/4njEl0ttEH https://t.co/QfWDJLtHWF,car,10/23/2015 12:10 AM,en,6,7,0.128,FALSE,TRUE,FALSE,TRUE
Karansharma2688,11,6.5732502E+017,Love the Mirai @toyota,car,10/22/2015 10:37 PM,en,0,1,0.6369,FALSE,FALSE,FALSE,FALSE
JoeOlejniczak,327,6.57316E+017,The one car I'm finally happy to own. Love this thing! #toyotacorollasplus #toyota #corolla #2016 @‚Ä¶ https://t.co/h7qUjUSSnb,car,10/22/2015 10:02 PM,en,0,0,0.8478,FALSE,FALSE,FALSE,FALSE
NiceConundrum,1079,6.5731408E+017,Thanks for sharing! Love my #Toyota @realmikefox https://t.co/l0Ka9nyZSG,car,10/22/2015  9:54 PM,en,0,1,0.8805,FALSE,TRUE,TRUE,FALSE
Erika1Romero,1081,6.5728199E+017,#2016WickedTacoma in full 4X4 mode love the new @Toyota Tacoma https://t.co/FrSzGDdWoh,car,10/22/2015  7:46 PM,en,0,2,0.6369,FALSE,FALSE,FALSE,FALSE
PrestigeDiesels,11409,6.5726642E+017,@designmoteur The Toyota 2000 Gt is third on my list.. Just love them :-) @Speedhunters @ThierryLeBras2,car,10/22/2015  6:44 PM,en,0,0,0.8225,FALSE,TRUE,TRUE,FALSE
phattyhales,40,6.572179E+017,Love our new car! #Subaru #brz #toyota #gt86 #scion #frs #utahlake https://t.co/o2G4PAG6gp,car,10/22/2015  3:32 PM,en,0,0,0.6696,FALSE,TRUE,FALSE,FALSE
CarverToyScion,121,6.5721316E+017,We love this 2016 #Tacoma that @Toyota modeled after the one from #BacktotheFuture. Take a look- https://t.co/oLkaxXzhFn,car,10/22/2015  3:13 PM,en,0,1,0.6369,FALSE,TRUE,FALSE,FALSE
carlot831,1453,6.5720491E+017,"2007 Toyota 4Runner Wagon, perfect for families who love to travel! get it for only $12,999! #Used #Car #Sales... https://t.co/97DKWs6swi",car,10/22/2015  2:40 PM,en,0,1,0.8585,FALSE,FALSE,FALSE,FALSE
tharindu_kaveen,50,6.5717248E+017,Yamn ymn. üòçüòç Toyota land cruiser Shara v8 üòò love you so much babe üòç need to ride üòç https://t.co/9YmiDddlMP,car,10/22/2015 12:31 PM,en,0,1,0.6369,FALSE,FALSE,FALSE,FALSE
sanMIGOLight,321,6.5705784E+017,"Toyota's masterpiece, the 2000 GT. Love how the Japanese created a legacy in the automobile industry.‚Ä¶ https://t.co/PeHAZNXZMu",car,10/22/2015  4:56 AM,en,0,0,0.9206,FALSE,TRUE,FALSE,FALSE
HelloVancity,9473,6.5704159E+017,"Love the Blue Streak colour way, only available on special edition models #BoldNewCamry #Toyota @ToyotaCanada https://t.co/fKaO2ikHa2",car,10/22/2015  3:51 AM,en,2,1,0.7845,FALSE,TRUE,FALSE,FALSE
alldailyvideos,312,6.5703594E+017,5 Reasons I LOVE the 2016 Toyota Tacoma! https://t.co/NYhtiAgayE #Reasons #LOVE #the #2016 #Toyota #Tacoma,car,10/22/2015  3:29 AM,en,0,0,0.7371,FALSE,FALSE,FALSE,FALSE
kyle_sprouse,354,6.5701816E+017,I love everything except the fact it has drum brakes on the rear.... Come on Toyota! https://t.co/8urds6UQuC,car,10/22/2015  2:18 AM,en,0,0,0.6696,FALSE,TRUE,TRUE,FALSE
mokshjuneja,4085,6.5700753E+017,"""Toyota's Beautiful Inside-Out KIKAI Concept Car"" #design love to take test drive of this car  https://t.co/nJwjuIWFcm",car,10/22/2015  1:36 AM,en,0,0,0.8442,FALSE,TRUE,TRUE,TRUE
Masked_Demon,1572,6.5700058E+017,I love how he wants a 4x4 toyota.,car,10/22/2015  1:08 AM,en,0,0,0.6369,FALSE,TRUE,TRUE,FALSE
Meinnocenthaha,23,6.5699015E+017,i LOVE my Toyota! https://t.co/LN3l0BfhX5,car,10/22/2015 12:27 AM,en,0,1,0.7371,FALSE,TRUE,TRUE,FALSE
eddiethelazor,182,6.5698913E+017,Still in love with Marthy's Toyota Truck from 1985 #BackToTheFuture #RealFutureDay.,car,10/22/2015 12:23 AM,en,0,0,0.6369,FALSE,FALSE,FALSE,FALSE
love_aliaa,317,6.5698303E+017,https://t.co/fU38Rghdrt Toyota FJ Cruiser 07-12 4D Outside Mount Windows Visor Sun Guard Top Sunroof 5pc ‚Ä¶ https://t.co/uWqLqgiEk7,car,10/21/2015 11:58 PM,en,0,0,0.2023,FALSE,FALSE,FALSE,FALSE
Penguins_71,142,6.5697972E+017,"@tiffaneylee34 @CoryBertling7 LOL Toyota is so advanced, they have jobs that you don't even know how to do it. I love my Corolla BTW!",car,10/21/2015 11:45 PM,en,0,1,0.892,FALSE,FALSE,FALSE,FALSE
NikitaGylander,313,6.5697585E+017,@elonmusk would love option for my car to read my text messages to me or offer quick replies options like Toyota Rav4 does,car,10/21/2015 11:30 PM,en,0,1,0.7717,FALSE,FALSE,FALSE,FALSE
AntBarr312,655,6.5692206E+017,I love that it's only $30 to fill up my tank up from bottom to top.üôåüèΩ #Toyota,car,10/21/2015  7:56 PM,en,0,3,0.6369,FALSE,TRUE,TRUE,FALSE
SanMateoCIO,1118,6.5691143E+017,Toyota Mirai US launch!  Drives great  and love the Power on Demand option. #BTTF2015  #BTTF  #motm2015 #Mirai https://t.co/6hUciRne0x,car,10/21/2015  7:14 PM,en,0,0,0.8439,FALSE,FALSE,FALSE,TRUE
DFWToyota,867,6.5690881E+017,There‚Äôs plenty of reasons to love the Toyota Camry! Here are just some of them. https://t.co/rmnRmGjF7M,car,10/21/2015  7:04 PM,en,0,0,0.6696,TRUE,FALSE,FALSE,FALSE
Hiland_Toyota,183,6.5690828E+017,We LOVE this custom Tacoma! @Toyota @DigitalTrends https://t.co/SFAmpIv5QM https://t.co/DJjGdTCxUY,car,10/21/2015  7:01 PM,en,0,1,0.7371,TRUE,TRUE,FALSE,FALSE
StateFarm,75052,6.5688512E+017,The power of trash (like love) is a curious thing. #BackToTheFuture Proud to offer insurance for the #ToyotaMirai! https://t.co/O2Qtp9aVNf,car,10/21/2015  5:29 PM,en,9,7,0.69,FALSE,TRUE,FALSE,FALSE
andrewdaltonday,1623,6.5683279E+017,@INiedrauer love my new Toyota! https://t.co/IAU3RFNYhz,car,10/21/2015  2:01 PM,en,0,1,0.6696,FALSE,TRUE,TRUE,FALSE
DonnellyGroupNI,1507,6.5680344E+017,The handling of the @ToyotaGB #GT86 will put a childish grin on anyone‚Äôs face! Love it? https://t.co/6SFOmmPMoO https://t.co/7NJ1oN11sH,car,10/21/2015 12:05 PM,en,0,0,0.75,FALSE,FALSE,FALSE,FALSE
JudyG75,202,6.566937E+017,@Toyota I will be! Love Tacoma's have 2 üòÅ #Tacoma,car,10/21/2015  4:49 AM,en,0,1,0.6696,FALSE,FALSE,FALSE,FALSE
JudyG75,202,6.5669043E+017,@Toyota sweet ... This is a beauty üòç love it!,car,10/21/2015  4:36 AM,en,0,2,0.906,FALSE,TRUE,TRUE,FALSE
MitsubishiKempy,26,6.5664206E+017,The Toyota FJ40 enjoyed a decades-long production run and managed to become a favorite among off-road enthusiasts https://t.co/tzd0elNETT,car,10/21/2015  1:24 AM,en,0,0,0.8271,FALSE,FALSE,FALSE,FALSE
BerryShortKake,2258,6.5660793E+017,Looking at some nice @Toyota RAV4s. Oh Im in love. üòç #2015,car,10/20/2015 11:08 PM,en,0,2,0.7906,FALSE,TRUE,FALSE,FALSE
danielleshea7,38,6.5658898E+017,Love my Toyota so much üíö https://t.co/z6lWfVz1m3,car,10/20/2015  9:53 PM,en,0,1,0.6369,FALSE,FALSE,TRUE,FALSE
horne_joey,74,6.5657876E+017,https://t.co/3Zh4UZy6Te Words cannot describe how beautiful this car is... I love it... @Toyota #Prius,car,10/20/2015  9:12 PM,en,0,2,0.2626,FALSE,FALSE,FALSE,FALSE
ToyotaScionSF,22,6.5655294E+017,Love the wheels!! #toyota #trd #tundra #letsgoplaces https://t.co/hiyTlvLnrJ,car,10/20/2015  7:29 PM,en,0,0,0.6988,TRUE,TRUE,FALSE,FALSE
RemiRyderXXX,1894,6.5654151E+017,"@FunMate85 I tell it I love it all the time! Isn't that enough?! It's a 2000 Toyota Echo and I've had it since I was 17, so any time",car,10/20/2015  6:44 PM,en,0,1,0.6988,FALSE,FALSE,FALSE,FALSE
CRAZEDMETS,286,6.5648078E+017,"@Raphael4NY I have Old 1994 Used TOYOTA COROLLA (Knock on Wood still Goin Strong 160,000Miles on it- Cassete Deck too I love My CASETTES LPs",car,10/20/2015  2:43 PM,en,0,1,0.8176,FALSE,FALSE,FALSE,FALSE
voodooban1973,42,6.5634011E+017,One more thing I love as much as my Toyota Hybrid https://t.co/kZer4WnseX,car,10/20/2015  5:24 AM,en,0,0,0.6682,FALSE,FALSE,TRUE,FALSE
YoStepDad,175,6.5633777E+017,I still love a Toyota Run-X though! I'd trade my Polo for a Run-X anytime.,car,10/20/2015  5:14 AM,en,0,0,0.6696,FALSE,FALSE,FALSE,FALSE
KayDesigner,10159,6.5627021E+017,"All the #Unemployed in the US, would love to have one of those #Toyota Trucks bought w/ loans from China + Japan. https://t.co/csK4BMIs1A",car,10/20/2015 12:46 AM,en,0,0,0.6369,FALSE,TRUE,FALSE,FALSE
5Guys1Twooter,11,6.5626456E+017,@Toyota I really loved the new Tacoma &amp,car, thought the interior was really nicely done. Love the stamping in the tailgate &amp, front end.,10/20/2015 12:23 AM,en,0,FALSE,FALSE,FALSE,FALSE
JamesHalderman,235,6.5623682E+017,When I'm in California I love seeing vehicles like this #Toyota Mirai fuel cell car. We don't have these in Ohio! https://t.co/flvuhxNi8s,car,10/19/2015 10:33 PM,en,0,0,0.7901,FALSE,FALSE,FALSE,FALSE
AWOLFOXES,102,6.5621502E+017,"A Lamborghini? Ehm no shit, I love and I want a Toyota GT86‚ò∫ https://t.co/wRz0BIhXBp",car,10/19/2015  9:07 PM,en,0,1,-0.0772,FALSE,FALSE,TRUE,FALSE
martin_raizen,6,6.5616585E+017,You just have to love that Toyota celica tho üòçüî∞üî∞ http://t.co/Gw4GmGcgXQ,car,10/19/2015  5:51 PM,en,0,0,0.6369,FALSE,FALSE,FALSE,FALSE
FalcoholicZippo,1366,6.5939887E+017,@briangrunt311 I love the new Civics. It's a good look. I've been a Toyota guy my whole life though. :P,car comparison,10/28/2015  3:58 PM,en,0,0,0.8816,FALSE,FALSE,TRUE,FALSE
caaam,414,6.5938256E+017,Swapped out a toyota truck for an older civic earlier this year. Love the decision https://t.co/LKATnxRJNX,car comparison,10/28/2015  2:53 PM,en,0,0,0.6369,FALSE,FALSE,FALSE,FALSE
AnnieIsCool84,77,6.5885571E+017,"I LOVE my Toyota, I do... but MAN do I miss my VW, I miss those heated seats. I'm cold.   #ohioweather",car comparison,10/27/2015  4:00 AM,en,0,0,0.043,FALSE,TRUE,TRUE,FALSE
ernie_mangus,164,6.5759944E+017,@ChevyCustCare Drove one last night actually üòÄ Love the truck. Between Colorado/Canyon and Toyota Tacoma. Can you sway me?,car comparison,10/23/2015  4:48 PM,en,0,0,0.6369,FALSE,FALSE,FALSE,FALSE
miyuru007,103,6.5718227E+017,"2015 BMW X6 M vs. 2016 Mercedes-AMG GLE63 S Coupe - I love big SUVs. Not the ""Mudalali type"", ugly Toyota LandCrui‚Ä¶ https://t.co/9HsPjsRUh",car comparison,10/22/2015  1:10 PM,en,1,0,0.2263,FALSE,FALSE,TRUE,FALSE
alexmed2002,108,6.5715293E+017,@BlackPanthaaYT I'm now in love with the 1999 Nissan skyline R34 and the 1997 Toyota supra üòç,car comparison,10/22/2015 11:14 AM,en,0,1,0.6369,FALSE,TRUE,FALSE,FALSE
EvenKeeld,172,6.5700525E+017,Delorean's are cool but I still love that Toyota Marty got. Sweet ass truck.,car comparison,10/22/2015  1:27 AM,en,0,1,0.7717,FALSE,FALSE,FALSE,FALSE
tundrahq,770,6.5685308E+017,"While, we love the Tundra, this photo gallery makes us a bit jealous of our Tacoma owning friends! https://t.co/QGwFl8OELJ",car comparison,10/21/2015  3:22 PM,en,0,0,0.68,FALSE,FALSE,TRUE,FALSE
rycarey,147,6.5655666E+017,"@Hertz as much as I love the @Toyota Corolla and the @chevrolet Malibu, $1,000,000/week seems a little high, no?!? https://t.co/pcj17imY0u",car comparison,10/20/2015  7:44 PM,en,0,0,0.6034,FALSE,FALSE,FALSE,FALSE
EmiForLove,329273,6.594203E+017,#Toyota Thank U friends for spreading GLOBAL love joy &amp,company, kindness We now have over 145 MILLION in our group! We were on the news last nig,10/28/2015  5:23 PM,en,10,7,FALSE,TRUE,TRUE,FALSE
LaurraSimpson,431,6.5907077E+017,@chloeis__ @Toyota Yesssss!!!!!! I'm already in love with it!!!!,company,10/27/2015  6:14 PM,en,0,2,0.7482,FALSE,TRUE,TRUE,FALSE
ap1jon,1351,6.5878837E+017,@Toyota I love you Toyota,company,10/26/2015 11:32 PM,en,0,0,0.6369,FALSE,FALSE,TRUE,FALSE
ARegularJo,28,6.5870927E+017,"@polyglotme @LindaSuhler I actually love Toyota's and have owned many. Both Jap and US era models. They're still a quasi-US made auto, today",company,10/26/2015  6:18 PM,en,0,0,0.6369,FALSE,TRUE,TRUE,FALSE
ArsonKapone,1002,6.5867165E+017,I love you @Toyota,company,10/26/2015  3:48 PM,en,0,1,0.6369,FALSE,TRUE,TRUE,FALSE
Sealordphoto,147,6.5866582E+017,"Love the electric car sharing service in Grenoble, France with Toyota i-roads and Toyota Coms.  @ToyotaMotorCorp https://t.co/sP5FbZi5IH",company,10/26/2015  3:25 PM,en,0,1,0.7906,FALSE,FALSE,FALSE,FALSE
yeimarcel_,116,6.5859388E+017,@suwavi love the work toyota,company,10/26/2015 10:39 AM,en,0,0,0.6369,FALSE,FALSE,TRUE,FALSE
NoHoToyota,811,6.5832972E+017,If reliability is important to you...you're going to love this report: Consumer Reports Reliability Study: Toyota... https://t.co/gzKXcYWvDi,company,10/25/2015  5:10 PM,en,0,0,0.7184,TRUE,TRUE,TRUE,FALSE
Alex_Camp1,166,6.5806256E+017,I LOVE TOYOTA SM.,company,10/24/2015 11:28 PM,en,0,0,0.6369,FALSE,FALSE,TRUE,FALSE
AndreaLeon,2066,6.5771467E+017,"Gotta love it, .@Toyota sells you a defective product &amp; all .@ToyotaCustCare can say is ""sorry about that"" and ""that is our final positi",company,10/24/2015 12:26 AM,en,0,0,0.25,FALSE,TRUE,TRUE,FALSE
arriola,481,6.5766442E+017,".@Toyota @TOYOTA_PR the future was driven, and I love the feeling. #Mirai #Êú™Êù•  @PopTech #Hybrid #FuelCell https://t.co/bbOHFfpifY",company,10/23/2015  9:06 PM,en,1,0,0.6908,FALSE,TRUE,FALSE,TRUE
kazbrecher,612,6.5723308E+017,Love @Toyota commitment to reduce emissions by 90% by 2050! #motm2015 #BackToTheFuture https://t.co/QJDCMJ6OCp,company,10/22/2015  4:32 PM,en,5,4,0.7959,FALSE,TRUE,TRUE,FALSE
1bettercallpaul,141,6.5711316E+017,This is why I love toyota. The humor üòÇ @toyotamarin üéÉ https://t.co/oFePNTg71N,company,10/22/2015  8:35 AM,en,0,0,0.743,FALSE,TRUE,TRUE,FALSE
SunshadowAvR,2,6.5710149E+017,"@MayorofLondon..@ToyotaGB ..you just love Toyota for having kept the Previa for so long, I dnt blame u, they make reliable card",company,10/22/2015  7:49 AM,en,0,0,0.3687,FALSE,FALSE,FALSE,FALSE
NikkiBarua,221,6.5708072E+017,Love my friends @SCMSDC and @Toyota. Your support helped @beyond_curious win National Supplier of the Year! https://t.co/wmtyaM6puu,company,10/22/2015  6:27 AM,en,0,1,0.9336,FALSE,TRUE,TRUE,FALSE
brookeG105,7693,6.5698851E+017,@TwinToo72 @Toyota love it!!,company,10/22/2015 12:20 AM,en,0,1,0.6988,FALSE,TRUE,TRUE,FALSE
Zack_Love_,78,6.569869E+017,Toyota builds a Back to the Future car https://t.co/A6y8JbIsge,company,10/22/2015 12:14 AM,en,0,0,0,FALSE,TRUE,TRUE,FALSE
stanyee,3454,6.5698686E+017,Japan's biggest parking co expanding into short-term rentals w fleet of Toyota EVs https://t.co/QehZBB9Z82 https://t.co/blK6owmR88,company,10/22/2015 12:14 AM,en,0,0,0,FALSE,FALSE,TRUE,FALSE
sarahertzz,193,6.5697672E+017,@Toyota I'm CRYING THIS IS THE CUTEST BEST THING IVE EVER SEEN I LOVE TOYOTA,company,10/21/2015 11:33 PM,en,0,1,0.9112,FALSE,FALSE,TRUE,FALSE
englandfanatic,579,6.5697463E+017,@CatherineMcNair @Toyota LOVE IT! #iheartgullwingdoors,company,10/21/2015 11:25 PM,en,0,0,0.7371,FALSE,TRUE,TRUE,FALSE
CI_Pratt,112,6.5697009E+017,Guess what car brand we love? @Toyota #Toyota #BRANDLOYALTY #quality #workcar #familycar #everydaycar https://t.co/TLHoVrv1cv,company,10/21/2015 11:07 PM,en,0,1,0.6369,FALSE,FALSE,FALSE,FALSE
mattborck,100,6.5691625E+017,@ToyotaCanada Thx for the retweet - love #Toyota !!,company,10/21/2015  7:33 PM,en,0,0,0.8065,FALSE,TRUE,FALSE,FALSE
MaryannHrichak,950,6.5689563E+017,Love Toyota &amp,company, my Prius C! https://t.co/7eJRJz5WVU,10/21/2015  6:11 PM,en,0,1,FALSE,FALSE,TRUE,FALSE
RielDeal,1881,6.5688365E+017,"@cesargamez @mashable Seriously. I love seeing everything that brands are doing, too. The Toyota spot is pretty spectacular!",company,10/21/2015  5:24 PM,en,0,0,0.7901,FALSE,FALSE,TRUE,FALSE
ASBSmartBiz,925,6.5687773E+017,Toyota... I give you guys 2 HUGE THUMBS UP!!! This is too good!!! LOVE THIS!!! https://t.co/6eWkWCUpeV,company,10/21/2015  5:00 PM,en,0,0,0.9191,FALSE,TRUE,TRUE,FALSE
b_fearron,87,6.568593E+017,@Toyota funny funny i love you guys ps yodda in the house,company,10/21/2015  3:47 PM,en,0,0,0.875,FALSE,TRUE,TRUE,FALSE
esvegana,4,6.5685396E+017,Omg I love you @toyota! Thank you. #toyotamirai #bttf,company,10/21/2015  3:26 PM,en,0,1,0.7901,FALSE,TRUE,FALSE,FALSE
hellbenthagen,679,6.5682883E+017,"@Toyota absolutely awesome, I love where your head is at!",company,10/21/2015  1:46 PM,en,0,1,0.8797,FALSE,TRUE,TRUE,FALSE
Jahangirabbask,76,6.5672513E+017,# i love pakistan Toyota recalls 6.5 million vehicles globally over window defect https://t.co/osdcO2rFVx,company,10/21/2015  6:54 AM,en,0,0,0.4215,FALSE,FALSE,TRUE,FALSE
Kelly4BJ,4,6.5667204E+017,@Toyota You'd make more $ if u released the gull wing! I want one!!! Love the promo.,company,10/21/2015  3:23 AM,en,0,1,0.7696,FALSE,TRUE,TRUE,FALSE
RobertTWilder,6936,6.5658959E+017,"Toyota hold music: ""How Deep is your Love?"" Are you really asking, #Toyota ? #creepy",company,10/20/2015  9:55 PM,en,0,0,0,FALSE,FALSE,TRUE,FALSE
taylorr_deannn,109,6.5658729E+017,Straight love Toyota. This will be mine in a few short months! https://t.co/7snhcQPqUZ,company,10/20/2015  9:46 PM,en,0,0,0.75,FALSE,FALSE,TRUE,FALSE
BereftStatistic,233,6.5655251E+017,@TheSquirmyWorms I love near the Toyota factory and have been round there on a tour. Don't think they had as many robots.,company,10/20/2015  7:28 PM,en,0,1,0.6369,FALSE,FALSE,TRUE,FALSE
amciglobal,856,6.5734571E+017,"Toyota, Ford and BMW all embrace Back to the Future Day https://t.co/uPPA0NDacz #BTTF",company comparison,10/23/2015 12:00 AM,en,0,0,0.3182,FALSE,TRUE,TRUE,TRUE
KillaMitchy,335,6.5725977E+017,"@estefany_arlene everyone's telling me a Honda, Nissan or Toyota but idk I haven't fell in love with one yet",company comparison,10/22/2015  6:18 PM,en,0,0,-0.7312,FALSE,FALSE,TRUE,FALSE
wdw_ben,857,6.569185E+017,"@jefflipack I love the Ducks. But they're just as guilty as Toyota, or Nike, or Game of Thrones.",company comparison,10/21/2015  7:42 PM,en,0,1,0.34,FALSE,TRUE,TRUE,FALSE
calise13,604,6.5689637E+017,@INoahBro I love those v12 cts-v 's  Toyota really made a nice one. üëå and those chevy charger heavendogs. God damn üëåüëå,company comparison,10/21/2015  6:14 PM,en,0,1,0.7703,FALSE,FALSE,FALSE,FALSE
Scyfo,12,6.5631528E+017,@motoringcomau @Jeep @jeepaustralia I'd love one. Better than crappy Toyota. Not sure why Aussies love junk Toyotas.,company comparison,10/20/2015  3:45 AM,en,0,0,0.875,FALSE,TRUE,TRUE,FALSE
lemuel_bryant,10,6.5918935E+017,"@KevinHart4real I caught your show at the Toyota Center in Houston, Texas.  It was hilarious.  Anchorage will love it.",company owned,10/28/2015  2:06 AM,en,0,0,0.7845,FALSE,FALSE,TRUE,TRUE
sydney_tobolski,825,6.58442E+017,Fire game with my love‚ô•Ô∏èüòç @ Toyota Park Chicago Fire Stadium https://t.co/13MdgZdytC,company owned,10/26/2015 12:36 AM,en,0,0,-0.5859,FALSE,FALSE,FALSE,TRUE
EllyDeutch,5422,6.5844137E+017,Love coming back to my old stomping grounds! Thanks @MLS #DecisionDay (@ Toyota Park) https://t.co/7Y9Bn85BZw https://t.co/KEtvqlDIh1,company owned,10/26/2015 12:33 AM,en,0,3,0.8122,FALSE,FALSE,TRUE,TRUE
channing_hine,1238,6.5800665E+017,Spider-Man and Sponge Bob. The only men who will ever love us üç≠ @ Houston Toyota Center https://t.co/uGQQglC5gz,company owned,10/24/2015  7:46 PM,en,0,0,0.6369,FALSE,FALSE,TRUE,TRUE
CortinyCureton,15,6.5717734E+017,@blakeshelton when are you coming to Wenatchee wa Mr. Blake we would love to have you at the town Toyota center .... That is all :),company owned,10/22/2015 12:51 PM,en,0,0,0.802,FALSE,TRUE,TRUE,TRUE
bckcntryroads,829,6.5638374E+017,"HEY ALL !!  If anyone has pics or video of BCR from Toyota Park on Sunday, we'd love to see them !!",company owned,10/20/2015  8:17 AM,en,0,0,0.7482,FALSE,FALSE,TRUE,TRUE
moderndaywillie,130,6.5626658E+017,Love my employee parking at Sitos right in front of Toyota center. Perks lol,company owned,10/20/2015 12:31 AM,en,0,0,0.7906,FALSE,FALSE,TRUE,TRUE
Toyota,533585,6.5940166E+017,"@austinshorizons It's all about the up-keep, and a little bit of love! :) What are you driving from our line? :)",company res,10/28/2015  4:09 PM,en,0,1,0.8814,TRUE,TRUE,TRUE,FALSE
Toyota,533585,6.5940063E+017,"@ThereseLisan29 We know you can do it, Therese! You've got that motivation that we love! Good luck! :)",company res,10/28/2015  4:05 PM,en,0,0,0.9466,TRUE,TRUE,TRUE,FALSE
Toyota,533585,6.5906479E+017,@youngrisingsons We love you right back! :),company res,10/27/2015  5:51 PM,en,0,1,0.8172,TRUE,TRUE,TRUE,FALSE
Toyota,533585,6.5871457E+017,@ArsonKapone We love you back! :),company res,10/26/2015  6:39 PM,en,1,3,0.8172,TRUE,TRUE,TRUE,FALSE
Toyota,533585,6.5871088E+017,"@yllomenna So glad that your daughter is safe, Molly! Best wishes to you and yours. We love you.",company res,10/26/2015  6:24 PM,en,0,1,0.9476,TRUE,TRUE,TRUE,FALSE
Toyota,533585,6.5870351E+017,"@jmcox28 What a perfect shot, Jonathan! We love this! Don't hesitate to send more to us! :)",company res,10/26/2015  5:55 PM,en,1,3,0.9307,TRUE,TRUE,TRUE,FALSE
Toyota,533585,6.5869869E+017,"@JosephKokoszka Too chic! Too classy! Love this shot, Joseph! :)",company res,10/26/2015  5:36 PM,en,0,0,0.9198,TRUE,TRUE,TRUE,FALSE
Toyota,533585,6.5868714E+017,"@Ryan__Rigg Awesome, Ryan! Always love seeing that gorgeous Camry of yours in our feed! :)",company res,10/26/2015  4:50 PM,en,0,1,0.9508,TRUE,FALSE,FALSE,FALSE
Toyota,533585,6.5728705E+017,"@therealistmom Three, Beth? That's awesome! Sounds a lot like love! ;)",company res,10/22/2015  8:06 PM,en,0,0,0.9229,TRUE,TRUE,TRUE,FALSE
Toyota,533585,6.5727526E+017,"@IsraelPRoman Every opinion is welcome, and we‚Äôd love if you shared your POV on The Conversation, here: https://t.co/kqDmMH2FZ7",company res,10/22/2015  7:20 PM,en,0,2,0.8625,TRUE,TRUE,TRUE,FALSE
Toyota,533585,6.5725295E+017,@RhondaHeadley Thank you for the love!,company res,10/22/2015  5:51 PM,en,0,1,0.7901,TRUE,TRUE,FALSE,FALSE
Toyota,533585,6.5697241E+017,@Vin_Paolella Glad you enjoyed it! We love the film so this was an especially fun project to work on! https://t.co/KLvOIXD8he,company res,10/21/2015 11:16 PM,en,1,1,0.9401,TRUE,TRUE,TRUE,FALSE
Toyota,533585,6.5697142E+017,@esvegana Thank you so much for the words of support and encouragement! We love you back! :) #BackToTheFuture,company res,10/21/2015 11:12 PM,en,0,0,0.9411,TRUE,TRUE,TRUE,FALSE
Toyota,533585,6.5694981E+017,"@HeyMadiLynn We certainly love that Tacoma 4x4 of Marty's, Madi! :) What a grea shot! Thanks for sharing it with us!",company res,10/21/2015  9:46 PM,en,1,1,0.9449,TRUE,FALSE,FALSE,FALSE
Toyota,533584,6.569455E+017,"@LukeCarra Thanks, Luke! We love you back, and we‚Äôre glad to have your support! Making this #FueledbyEverything episode was so fun!",company res,10/21/2015  9:29 PM,en,1,2,0.9579,TRUE,TRUE,TRUE,FALSE
Toyota,533584,6.5693827E+017,"@brettconner_ Thanks, Brett! We love you back! :)",company res,10/21/2015  9:01 PM,en,0,1,0.893,TRUE,TRUE,TRUE,FALSE
Toyota,533584,6.5693418E+017,"@testerdahl That's heavy, Tim. It's hard not to love both the Mirai and that gorgeous Tacoma 4x4, isn't it? ;)",company res,10/21/2015  8:44 PM,en,0,2,-0.1114,TRUE,FALSE,FALSE,FALSE
Toyota,533584,6.5691927E+017,"@JcSkyline Thank you! We're proud of it, so we love hearing that people are enjoying it as well! :)",company res,10/21/2015  7:45 PM,en,0,1,0.9593,TRUE,TRUE,TRUE,FALSE
Toyota,533584,6.5691778E+017,"@CheshireKay Glad you enjoyed it, Kayla! We love the film, so this was an especially fun project to work on! https://t.co/KLvOIXD8he",company res,10/21/2015  7:39 PM,en,1,3,0.9401,TRUE,TRUE,TRUE,FALSE
Toyota,533584,6.5661238E+017,"@BerryShortKake You're really going to fall in love with our #RAV4 when you check out the gallery, Virginia! ;) https://t.co/rcioBumJNA",company res,10/20/2015 11:26 PM,en,1,2,0.75,TRUE,TRUE,FALSE,FALSE
karitoyota,17,6.565639E+017,Get the card that rewards you simply for doing the things you love - the Toyota Rewards Visa. #toytoa #visa #rewards https://t.co/SzGM3VIYAu,company res,10/20/2015  8:13 PM,en,0,0,0.886,TRUE,FALSE,TRUE,FALSE
ToyotaGB,40603,6.564753E+017,@elproffo You're certainly after interesting car. We love a good classic #Toyota too. But a new #Aygo deal may suit: https://t.co/eidhuFUZ43,company res,10/20/2015  2:21 PM,en,0,0,0.9042,TRUE,FALSE,FALSE,FALSE
Toyota,533585,6.5620624E+017,"@Uzziah_ And we love you, Uz√≠as! #LetsGoPlaces",company res,10/19/2015  8:32 PM,en,1,0,0.6696,TRUE,TRUE,TRUE,FALSE
Toyota,533585,6.5617413E+017,"@dmesser20 Now that's a great shot, Dylan! What a beauty! Keep 'em coming, we love to see photos here! #LetsGoPlaces",company res,10/19/2015  6:24 PM,en,0,1,0.9322,TRUE,TRUE,TRUE,FALSE
ToyotaofHunt,3181,6.561617E+017,"2016 #Toyota #Prius C gets two-tone Persona Series, we love it, how about you? http://t.co/ae3w2dVI2C",company res,10/19/2015  5:35 PM,en,1,1,0.6369,TRUE,TRUE,FALSE,FALSE
Toyota,533585,6.5615046E+017,"@jje_oxox Funny, Jacqueline, because we think you're the best! Thanks for all the love!",company res,10/19/2015  4:50 PM,en,1,1,0.9411,TRUE,TRUE,TRUE,FALSE
Toyota,533585,6.5614974E+017,"@AnnaMyrha You're really going to love it when you see the gallery, Anna! You may want to make one your Prius! ;) http://t.co/3ytQQ2MjmD",company res,10/19/2015  4:47 PM,en,0,0,0.8046,TRUE,TRUE,TRUE,FALSE
SociallyKatie,42,6.5915829E+017,"20k maintenance check at @Toyota. Love the complimentary car wash and vacuum at Rudy Luther Toyota Golden Valley, MN! #AboveAndBeyond",dealership,10/28/2015 12:02 AM,en,0,1,0.8122,FALSE,FALSE,TRUE,FALSE
5280Adam,16192,6.5913974E+017,At the @Toyota dealership going twelve rounds of negotiating on a 2016 4Runner. I hate the care buying process but love this part of it. $$$,dealership,10/27/2015 10:48 PM,en,0,6,0.7615,FALSE,TRUE,FALSE,FALSE
samicakes,557,6.5905516E+017,Free hot chocolate at Toyota Checkered Flag. üòç I love this place. They always take good care of me lol.,dealership,10/27/2015  5:12 PM,en,0,1,0.9468,FALSE,FALSE,TRUE,FALSE
Whatevsies_,419,6.5901998E+017,I love getting my car serviced the Toyota waiting room is TRILLLL,dealership,10/27/2015  2:53 PM,en,0,0,0.6369,FALSE,FALSE,TRUE,FALSE
sisdrenjen,61,6.5891576E+017,"@ToyotaGB I would love to, does that mean you are going to donate one to me? That's very nice and charitable of Toyota",dealership,10/27/2015  7:58 AM,en,0,0,0.8822,FALSE,FALSE,FALSE,FALSE
ScottyThibb,415,6.58803E+017,@VanzantHailey I hate that smh but I do love the awesome deals we have here at Lawton Toyota you should come by,dealership,10/27/2015 12:30 AM,en,1,2,0.8873,FALSE,TRUE,TRUE,FALSE
outlanderirela1,2847,6.5868788E+017,@andrew_finnie got to love the Toyota Group!,dealership,10/26/2015  4:53 PM,en,0,1,0.6696,FALSE,FALSE,TRUE,FALSE
parlerfranglais,217,6.5694144E+017,"I love coming to @Toyota of Vineland and having Young Ray Liotta wait on me. He's so nice and looks just like, well, a young Ray Liotta. ÔøΩ",dealership,10/21/2015  9:13 PM,en,0,1,0.9084,FALSE,TRUE,TRUE,FALSE
bill_15_2014,30,6.5692582E+017,"@ToyotaGB Thanks! Are there any northern factories? Would love to work for Toyota, my dads had one for years now üòÑüòÑ",dealership,10/21/2015  8:11 PM,en,0,0,0.8122,FALSE,TRUE,FALSE,FALSE
madddy___,629,6.5649831E+017,really love being at toyota so much,dealership,10/20/2015  3:52 PM,en,0,1,0.6697,FALSE,FALSE,TRUE,FALSE
ToyotaGB,40603,6.5945584E+017,@Blairy20 @Shoutyskii We'd love to see Jamie's vision of a future #Toyota influenced by the past. Based on the same model or another? ^ST,dealership ad,10/28/2015  7:44 PM,en,0,0,0.7351,TRUE,TRUE,TRUE,FALSE
ToyotaGB,40603,6.594391E+017,"@Ness_Macaulay Hi Ness, very cheeky - sorry we can't give them away! But we'd love to welcome you for a test-drive of any new #Toyota. ^ST",dealership ad,10/28/2015  6:38 PM,en,0,0,0.7854,TRUE,TRUE,TRUE,TRUE
ToyotaofHunt,3181,6.5939809E+017,"Damn, That‚Äôs A Good Looking Drift¬†Car #Toyota #Love https://t.co/PgmL0lu4Lv",dealership ad,10/28/2015  3:55 PM,en,1,0,0.0516,TRUE,TRUE,TRUE,FALSE
GermainToyota,799,6.5937348E+017,Fall in love with a new #Toyota! https://t.co/v0NVvIyZfr,dealership ad,10/28/2015  2:17 PM,en,0,0,0.6696,TRUE,TRUE,TRUE,FALSE
LakewoodsToyota,9,6.5936904E+017,What do you love most about your Toyota from Lakewood?,dealership ad,10/28/2015  2:00 PM,en,0,0,0.6369,TRUE,FALSE,TRUE,FALSE
MaitlandToyota,36,6.5923792E+017,Love that new car feeling? Come and talk to us about Toyota Access. https://t.co/UODEIOpivA,dealership ad,10/28/2015  5:19 AM,en,0,0,0.6908,TRUE,FALSE,TRUE,FALSE
GOSchToyotaCA,2,6.5916575E+017,@MAGICALBLOOMS What do you love most about your Toyota?,dealership ad,10/28/2015 12:32 AM,en,0,0,0.6369,TRUE,TRUE,TRUE,FALSE
Robbins_Toyota,92,6.59113E+017,"We love making happy customers, its what we do. Thank you for your business. https://t.co/4k1Prb7ig0",dealership ad,10/27/2015  9:02 PM,en,0,0,0.886,TRUE,TRUE,TRUE,TRUE
GulloToyota,1564,6.591008E+017,@GlenHallJr @Toyota Love it!,dealership ad,10/27/2015  8:14 PM,en,0,0,0.6696,TRUE,TRUE,TRUE,FALSE
HurlbertToyota,552,6.5907463E+017,"Our car of the week this week is perfect for those who love to save and look good, a 2011 Prius 5dr HB II! https://t.co/tQvWzbVhN3",dealership ad,10/27/2015  6:30 PM,en,0,0,0.9359,TRUE,FALSE,FALSE,FALSE
DARCARS,1315,6.5906437E+017,"@Me_n_Nise @atoocsatoob we have 4 Toyota locations in Baltimore, Rockville, Silver Spring and Frederick! We would love to help.",dealership ad,10/27/2015  5:49 PM,en,0,0,0.8016,FALSE,TRUE,TRUE,FALSE
ToyotaofBoerne,791,6.5878903E+017,We take pride in customer service! Here's some accolades and awards we would love to share with you! https://t.co/J56ZqkrM0y,dealership ad,10/26/2015 11:35 PM,en,0,0,0.9078,TRUE,TRUE,FALSE,TRUE
MaitlandToyota,36,6.5876007E+017,"Toyota tree day is just another way we love to get involved with the community. Education is super important,... https://t.co/vZZfdTQSBr",dealership ad,10/26/2015  9:40 PM,en,0,0,0.8442,TRUE,FALSE,TRUE,FALSE
JHToyota,388,6.5866738E+017,Do you love car selfies? Show us a picture of yourself with your Toyota! https://t.co/W30w2OPyjM,dealership ad,10/26/2015  3:31 PM,en,0,0,0.6696,TRUE,FALSE,TRUE,FALSE
AutoLendersNJ,1887,6.5863928E+017,Love the dependability of the #Toyota Rav4? We got more Rav4's in store for you and yours. https://t.co/1AWKhMIi4G https://t.co/VMYqkPk0iD,dealership ad,10/26/2015  1:40 PM,en,0,0,0.6369,FALSE,TRUE,FALSE,FALSE
YubaCity_Toyota,517,6.5804731E+017,Let‚Äôs get you back to doing what you love. Our service and parts departments get your Toyota the service it needs. https://t.co/fLnIsNrx6O,dealership ad,10/24/2015 10:28 PM,en,0,0,0.6369,TRUE,FALSE,TRUE,FALSE
TS_toyota,7,6.5804088E+017,We love your choice of car #OrlandoBloom! Courtesy of @Zimbio.com https://t.co/H0qknHSGEC,dealership ad,10/24/2015 10:02 PM,en,0,1,0.7901,TRUE,FALSE,TRUE,FALSE
Toyota_Oakbrook,330,6.5794413E+017,We LOVE helping you save money! We have the perfect coupon for you! Check it out today! #CarCoupons https://t.co/7idZPwIQPz,dealership ad,10/24/2015  3:38 PM,en,0,0,0.9424,TRUE,TRUE,TRUE,FALSE
Toyota_Desert,27,6.5779893E+017,Get a #car you can trust with a price you'll #love with this 2015 #Toyota #Corolla. https://t.co/QO6Tfu1zh0,dealership ad,10/24/2015  6:01 AM,en,0,0,0.5106,TRUE,TRUE,FALSE,FALSE
DFWToyota,867,6.5769475E+017,Heading out for the night? Your friends will love all the room in your Toyota! https://t.co/uaJOnmE7cD,dealership ad,10/23/2015 11:07 PM,en,1,0,0.8221,TRUE,FALSE,TRUE,FALSE
YorktonToyota,75,6.5765217E+017,Let's see your Toyota Love - https://t.co/1ziwwHmjrf ... enter to win weekly prizes!  Just submit a photo... https://t.co/KYtcYegglB,dealership ad,10/23/2015  8:17 PM,en,0,0,0.906,TRUE,FALSE,TRUE,FALSE
ToyotaPartsCntr,394,6.5762644E+017,Does your Toyota love the beach? https://t.co/WAbIGP6qSh https://t.co/tzOTwOaxqa,dealership ad,10/23/2015  6:35 PM,en,0,0,0.6369,TRUE,FALSE,TRUE,FALSE
bobsmithtoyota,153,6.5762529E+017,We love hearing from YOU! Go to https://t.co/YwHd4W6mLf and tell us about your experience at Bob Smith Toyota! https://t.co/UQE00ZPIzk,dealership ad,10/23/2015  6:31 PM,en,0,0,0.6988,TRUE,TRUE,TRUE,FALSE
DOTHANTOYOTA,535,6.5762308E+017,"Congratulations to Brittany Logan on her brand new Toyota Highlander! You will absolutely love it!  Enjoy, have... https://t.co/gSL8Itq6Vj",dealership ad,10/23/2015  6:22 PM,en,1,0,0.9252,TRUE,FALSE,FALSE,FALSE
BarnhillAuto,5,6.5761345E+017,"@CaptDaveOnAir Ah, totally get that. Well, if your Toyota ever needs a little love, we're here to help you out! Would you keep us in mind?",dealership ad,10/23/2015  5:43 PM,en,0,0,0.8505,FALSE,FALSE,TRUE,FALSE
hudiburgtoyota,5003,6.575884E+017,"Oklahomans love long lasting vehicles and that's why they love Toyota's. Test drive the 2016 Toyota Camry, your... https://t.co/Tys1OGQXS5",dealership ad,10/23/2015  4:04 PM,en,0,0,0.8555,TRUE,FALSE,FALSE,TRUE
MikeCalvertToy,531,6.5756768E+017,We love providing you with specials! Check out the latest and greatest on awesome new #Toyota models here! https://t.co/ySNLg9b2Mt,dealership ad,10/23/2015  2:42 PM,en,0,0,0.9335,FALSE,TRUE,TRUE,FALSE
ask_for_liz,95,6.5756577E+017,Know someone looking for a New or Pre-Owned car? #Deerfieldbeach #Toyota has what you need and i would love to help.#askforliz #coralsprings,dealership ad,10/23/2015  2:34 PM,en,0,0,0.6369,FALSE,TRUE,TRUE,TRUE
Toyota_Oakbrook,330,6.5720987E+017,The year was 1973 when the #Toyota #Carina roamed the streets. Don't you love the retro color? #ThrowBackThursday https://t.co/RuOtlQzZY5,dealership ad,10/22/2015  3:00 PM,en,0,0,-0.5216,TRUE,TRUE,FALSE,FALSE
ask_for_liz,95,6.5686724E+017,Know someone looking to buy a New car? I would love to help #askforliz @ #Deerfieldbeach #Toyota . #boca #lasolas #weston #sawgrass #broward,dealership ad,10/21/2015  4:18 PM,en,1,0,0.7845,FALSE,TRUE,TRUE,TRUE
ask_for_liz,95,6.5666536E+017,Tomorrow is your day to drive off in your dream car. I'll be @ #Deerfieldbeach #Toyota all day tomorrow &amp,dealership ad, would love to help. #askforliz,10/21/2015  2:56 AM,en,0,0,FALSE,TRUE,TRUE,TRUE
billingstoyota,116,6.5660638E+017,You'll love driving home in this 2011 #Mazda CX-9 from Lithia #Toyota of #Billings today! - https://t.co/Fs173pyh8V,dealership ad,10/20/2015 11:02 PM,en,0,0,0.6696,TRUE,TRUE,TRUE,FALSE
ask_for_liz,95,6.5659283E+017,"The New car you deserve is here @ #Deerfield #Toyota waiting for you . Stop by tonight , I would love to help you out. #askforliz #florida",dealership ad,10/20/2015 10:08 PM,en,0,0,0.6908,FALSE,TRUE,TRUE,TRUE
ToyotaOfLV,2169,6.5659151E+017,"Release your inner driver with the #ToyotaCorolla! Trust us, you'll LOVE this car! https://t.co/rurhuMAHnG https://t.co/EgUfZja79T",dealership ad,10/20/2015 10:03 PM,en,0,0,0.8695,TRUE,TRUE,FALSE,TRUE
MJTOYOTA,208,6.565635E+017,lovebunny via DealerRater: Everyone was wonderful people and the environment is such a beautiful view. I love ... https://t.co/17heTrlTk2,dealership ad,10/20/2015  8:11 PM,en,0,0,0.9153,TRUE,TRUE,TRUE,FALSE
GOSchToyotaCA,2,6.565509E+017,"@TonyBusko I love that about it, it's so different! Are you a big Toyota fan as well?",dealership ad,10/20/2015  7:21 PM,en,0,0,0.8356,TRUE,FALSE,TRUE,FALSE
ClintBowyerAuto,1324,6.5654356E+017,Russell Beck just picked up his brand new 2016 @Toyota #Tundra We love our customers!! #Emporia https://t.co/xJqecDNbtr,dealership ad,10/20/2015  6:52 PM,en,0,3,0.6988,FALSE,TRUE,FALSE,TRUE
momentum_toyota,2,6.5652288E+017,"With a power moonroof, the #Toyota #4Runner #SR5 and Trail keeps you closer to the great outdoors you love. https://t.co/dFzwC799oZ",dealership ad,10/20/2015  5:30 PM,en,0,0,0.8519,TRUE,TRUE,FALSE,FALSE
ask_for_liz,95,6.5650636E+017,Do you or someone you know deserve a new car? I would love to help you get the car you deserve @ #Deerfieldbeach #Toyota . #askforliz #954,dealership ad,10/20/2015  4:24 PM,en,0,0,0.7845,FALSE,FALSE,TRUE,TRUE
LindopToyota,646,6.5641771E+017,You can't help but love the new #Toyota #Auris https://t.co/nGIul1BJX8,dealership ad,10/20/2015 10:32 AM,en,0,0,-0.7336,TRUE,TRUE,FALSE,FALSE
AutoZoneSA,180,6.5634914E+017,"Left vs. Right - Which bakkie do you love more, the Ford Ranger or the Toyota Hilux? https://t.co/0juV1Bof92",dealership ad,10/20/2015  6:00 AM,en,0,0,0.6369,FALSE,FALSE,FALSE,FALSE
Robbins_Toyota,92,6.5623526E+017,Robbins Toyota would love to thank Tina Ruth Daugherty for the purchase of her very nice Cobalt. Thank You very much https://t.co/bxLifFzvkk,dealership ad,10/19/2015 10:27 PM,en,0,0,0.911,TRUE,FALSE,TRUE,TRUE
Toyota_Desert,27,6.5622856E+017,We didn't know it would be so easy to fall in #love with the 2016 #Toyota #Camry. Come fall in love with one today! https://t.co/pOAuIuN9O9,dealership ad,10/19/2015 10:00 PM,en,0,0,0.8494,TRUE,TRUE,FALSE,FALSE
YubaCity_Toyota,517,6.561906E+017,Let‚Äôs get you back to doing what you love. Our service and parts departments get your Toyota the service it needs. https://t.co/fLnIsNrx6O,dealership ad,10/19/2015  7:30 PM,en,0,0,0.6369,TRUE,FALSE,TRUE,FALSE
FrankKrat,369,6.5876389E+017,I love it when Ethan rolls coal in his Toyota Avalon,driver,10/26/2015  9:55 PM,en,2,3,0.6369,FALSE,TRUE,FALSE,FALSE
mantustoboggan,175,6.5847749E+017,@itsBayleyWWE I love you for owning a Toyota,driver,10/26/2015  2:57 AM,en,0,0,0.6369,FALSE,FALSE,TRUE,FALSE
ToriKnight315,200,6.5770398E+017,"If you drive a Toyota and listen to gangsta rap, I probably love you already.",driver,10/23/2015 11:43 PM,en,3,8,0.6369,FALSE,TRUE,TRUE,TRUE
KarennBabyy,128,6.5744047E+017,To the guy with the 2013 Black Toyota Camry with the weed sticker on the back.. Can you please stop leaving me love notes on my car. Thanks!,driver,10/23/2015  6:16 AM,en,0,1,0.8172,FALSE,FALSE,FALSE,FALSE
MarkDuplass,232639,6.5734652E+017,"Fact: @jonlajoiecomedy drives a really dirty, bashed up Toyota Camry from the early 2000's. I love him so much for this.",driver,10/23/2015 12:03 AM,en,53,250,0.2516,FALSE,FALSE,FALSE,TRUE
ProperlySeared,869,6.5667048E+017,Caribbeans Love Toyota...... üòä https://t.co/Si0z6HzDJp,driver,10/21/2015  3:16 AM,en,0,0,0.6369,FALSE,TRUE,TRUE,FALSE
E_V_Edwards,142,6.5638911E+017,"Great cycle in, except for the fag smoking, JeremyKyleesque scrote  in an ancient Toyota trying to play skittles with me. Got to love #Yate",driver,10/20/2015  8:38 AM,en,0,1,0.8225,FALSE,FALSE,TRUE,TRUE
banishamse,1403,6.5869749E+017,#Toyota #palestine  #struggle more than 60 years #to #recover #freedom #support#tell #truth #love #palestine #rights #yes#Palestine,isis,10/26/2015  5:31 PM,en,0,0,0,FALSE,TRUE,TRUE,FALSE
Danschaefer12,63,6.5843432E+017,I love how ISIS uses Toyota vehicles. Good advertising on Toyota's part,isis,10/26/2015 12:05 AM,en,0,0,0.7964,FALSE,FALSE,FALSE,TRUE
mustaphaDM,408,6.5878057E+017,I love Vibe (Pontiac) #vibe #pontiacVibe #generalmotors #pontiac #pontiaconly  #toyota #pontiac2010‚Ä¶ https://t.co/yXluAsaLtC,other company ,10/26/2015 11:01 PM,en,0,0,0.6369,FALSE,TRUE,TRUE,FALSE
macorrea1969,29,6.5847581E+017,"@Toyota @Pontiac I love my 2005 Pontiac Vibe. Just reached 299,000 miles and my odometer stopped. Can you help? https://t.co/NKJAzpw51E",other company ,10/26/2015  2:50 AM,en,0,0,0.7506,FALSE,TRUE,TRUE,FALSE
markyfla,160,6.5894608E+017,an excellent video diary of a Toyota land cruiser restoration https://t.co/kEvkbrcP6c absolutely love these,prop,10/27/2015  9:59 AM,en,0,0,0.8479,FALSE,FALSE,FALSE,FALSE
TF_110b,8,6.592621E+017,@DannyFChen @ToyotaMotorCorp love Ichiro! Glad hes with Toyota!,racing,10/28/2015  6:55 AM,en,0,1,0.8309,FALSE,TRUE,FALSE,FALSE
wouter_weez,71,6.5912441E+017,@dirtgame @Codemasters Will you please put the Toyota Corolla WRC In the DIRT RALLY game. I love this car. https://t.co/bCBznmxt59,racing,10/27/2015  9:47 PM,en,0,0,0.5215,FALSE,FALSE,FALSE,FALSE
SheriffGbailey,781,6.5756977E+017,@JBLaudio @CBellRacing21 @KBMteam @ToyotaRacing i love JBL and hate that terrorism official car Toyota,racing,10/23/2015  2:50 PM,en,0,0,-0.6249,FALSE,FALSE,FALSE,TRUE
BWT_Toyota,201,6.5947972E+017,"@ShotByJinx__ Love your cover photo! We noticed you're a photographer -- did you take that picture, too?",yes,10/28/2015  9:19 PM,en,0,0,0.6696,TRUE,TRUE,TRUE,FALSE
JeanevaFalafel,206,6.5947543E+017,MY POOR BABY. SENDING LOVE TO MY TOYOTA. YOU DIDN'T DESERVE THIS AT ALL.,yes,10/28/2015  9:02 PM,en,0,1,0.2732,FALSE,TRUE,TRUE,FALSE
Francescaj67,65,6.5944331E+017,3 days til i collect my new love üòç‚ô•Ô∏èüöò #Toyota #ToyotaAurisSport https://t.co/ZtksJVZpBR,yes,10/28/2015  6:55 PM,en,0,0,0.6369,FALSE,TRUE,FALSE,FALSE
EmiForLove,329273,6.5942195E+017,#Toyota global love is our theme &amp,yes, has gone viral now twice with more then 145 Million social outreach in our group  https://t.co/T5GKbt,10/28/2015  5:30 PM,en,5,2,FALSE,TRUE,TRUE,FALSE
Kate_CRAZY_Pole,740,6.594064E+017,#VogliamoMikaNeiTeatriItaliani Love Today Tomorrow Toyota,yes,10/28/2015  4:28 PM,en,1,0,0.6369,FALSE,FALSE,TRUE,FALSE
shortiekuehn,104,6.5938676E+017,@EmiForLove @Casio @Toyota @McDonalds CONGRATULATIONS EMI! You are an inspiration to all survivors &amp,yes, fighters of breast cancer! Love you,10/28/2015  3:10 PM,en,0,1,FALSE,TRUE,TRUE,FALSE
KtSmokesHydro,2783,6.5937927E+017,@allisteez I love them. Ryan has 2 1989 Toyota 4 runner he's fixing up he's obsessed turning one into a monster 4x4,yes,10/28/2015  2:40 PM,en,0,1,0.5423,FALSE,FALSE,TRUE,FALSE
maddisenadair,382,6.5936087E+017,"Just saw someone with an Instagram bio that said ""in love with my 2014 Toyota Camry"" ok what why ???",yes,10/28/2015  1:27 PM,en,0,2,0.787,FALSE,FALSE,FALSE,FALSE
Toyota_Desert,27,6.5934416E+017,"""Choose a #job you #love, and you will never have to work a day in your life."" --Proverb #life #quote",yes,10/28/2015 12:21 PM,en,0,0,0,TRUE,FALSE,TRUE,FALSE
kel_azwad,17,6.5934248E+017,i love #turbo_toyota &lt,yes,3 https://t.co/txc8GbHSZ6,10/28/2015 12:14 PM,en,0,0,FALSE,TRUE,TRUE,FALSE
Ar_car_na,248,6.5932915E+017,"Dear Mazda - imitation is the sincerest form of... what was it again? Love, Toyota. https://t.co/NHPQIzH35H",yes,10/28/2015 11:21 AM,en,18,30,0.8689,FALSE,TRUE,TRUE,FALSE
Ierai,319,6.5929971E+017,"@Toyota_UAE Glad you like the shot!I wasnt,but after  crossing Oman N to S and back to N with the FJ..you gotta love it!! @elputoJay",yes,10/28/2015  9:24 AM,en,0,1,0.8904,FALSE,TRUE,TRUE,FALSE
ZimMotorShow,317,6.5927845E+017,Wonder if this will be at the #ZMS2016 gotta love that #Toyota https://t.co/0D25qeuQCC,yes,10/28/2015  8:00 AM,en,0,0,0.6369,FALSE,FALSE,TRUE,FALSE
MotoringHistory,120,6.5926807E+017,@ToyotaMotorCorp @toyota_europe We love this vintage photograph and the quote! Thank you.,yes,10/28/2015  7:18 AM,en,0,1,0.7901,FALSE,TRUE,TRUE,FALSE
Vanessa4Change,4,6.5919753E+017,@CoveGuardians Revenue=action.  Tell Japanese brands you love @Toyota @Subaru to Take a Stand,yes,10/28/2015  2:38 AM,en,2,4,0.6369,FALSE,TRUE,TRUE,FALSE
teguhku,150,6.5917314E+017,If i couldn't be strong .. Would you still love me‚Ä¶ ‚ô´ Locked Away by R. City (at Toyota Auto2000 Puri Kembangan) ‚Äî https://t.co/7q9GTv,yes,10/28/2015  1:01 AM,en,0,0,0.3607,FALSE,TRUE,TRUE,FALSE
dustyDeGroff,137,6.5915519E+017,@5280Adam @Toyota your gonna love it!,yes,10/27/2015 11:50 PM,en,0,1,0.6696,FALSE,TRUE,FALSE,FALSE
TBP_Tiger_GAC,492,6.5913243E+017,@AaronGoodwin Its a toyota... Ew.. üòì Sorry Aaron... Still love ya!!,yes,10/27/2015 10:19 PM,en,0,2,0.6688,FALSE,TRUE,TRUE,FALSE
JDMAuctionWatch,75,6.5911274E+017,These Toyota Crown Taxi's are everywhere in Japan... would love to see someone build one into a drift car!,yes,10/27/2015  9:01 PM,en,0,0,0.6696,FALSE,FALSE,FALSE,FALSE
Kinsel_Toyota,787,6.590985E+017,"""The love of family and the admiration of friends is much more important than wealth and privilege.""  ~Charles Kuralt",yes,10/27/2015  8:05 PM,en,0,0,0.9465,TRUE,TRUE,TRUE,FALSE
FinishedbyFive,1230,6.5909752E+017,Just &lt 3 Gord @ #RedDeer #Toyota on Lantern. Love the phone call from you just now buddy! you da best &amp ,yes,, I'm calling you when I buy a T,10/27/2015  8:01 PM,en,0,FALSE,TRUE,TRUE,FALSE
Adrianna_luis,19,6.5908481E+017,LOVE MY RING AND NAILS &amp,yes, ABSOLUTELY LOVE ‚ù§ MY CAR üöó #Toyota #Yaris‚Ä¶ https://t.co/3e3FTxNfmR,10/27/2015  7:10 PM,en,1,0,FALSE,TRUE,TRUE,FALSE
SamShughart,209,6.590796E+017,@AutumnRoyer @Toyota Stop making fun of me! I love Back to The FutureüòÇüò©,yes,10/27/2015  6:49 PM,en,1,1,0.7644,FALSE,TRUE,TRUE,FALSE
SelfieRobot,942,6.5901758E+017,#gedi#fortuner#reyben#aviator#toyota#love#car#f4f#days#winter#come#tdh#lounge#frnds#selfies#cp#instamood#instadaily‚Ä¶ https://t.co/ZSk0X8EA,yes,10/27/2015  2:43 PM,en,0,0,0,FALSE,TRUE,FALSE,FALSE
gmulholland1980,1,6.5896417E+017,"Also give us some more JDM icons, with more customisation options, I would love the s14, 180sx and the toyota Mark II. Inspire us please :)",yes,10/27/2015 11:11 AM,en,0,0,0.9217,FALSE,FALSE,TRUE,FALSE
AnmarBne,98,6.5896077E+017,It's a nice street üõ£ I love it #prius #toyota #amman #jordan @ Shafa Badran https://t.co/o5QbuEPjxg,yes,10/27/2015 10:57 AM,en,0,0,0.7906,FALSE,TRUE,FALSE,FALSE
chrystabelled,189,6.5892161E+017,Commando drives pregnant Michelle Bridges around in smashed up Toyota https://t.co/3ZaESQr6Fy @DailyMailCeleb,yes,10/27/2015  8:22 AM,en,0,0,0,FALSE,FALSE,TRUE,TRUE
RoyDT,8448,6.5887532E+017,@JessFoxxx @Toyota_Aus love it!,yes,10/27/2015  5:18 AM,en,0,0,0.6696,FALSE,TRUE,TRUE,FALSE
ZokRaceCarbs,12,6.58862E+017,Just love rebuilding these toyota blowers - not - the smell that comes out of these when you open the oil cavity... https://t.co/smD41cT36T,yes,10/27/2015  4:25 AM,en,0,0,0.6369,FALSE,FALSE,TRUE,FALSE
VScomedy,242,6.5883227E+017,@KyleBusch Congrads on getting M&amp,yes,M #Mars #Toyota advanced in #TheChase Would love to do #NASCAR #podcast with you https://t.co/lvSwcf047,10/27/2015  2:27 AM,en,0,0,FALSE,TRUE,FALSE,TRUE
iloveqatar,53452,6.5882657E+017,"A message from @Toyota #Japan - ""we are so grateful to Qatar's love or Land Cruisers. We've never seen something like this."" #MrQinTokyo",yes,10/27/2015  2:04 AM,en,1,3,0.788,FALSE,TRUE,TRUE,FALSE
EtheWHITAKER,91,6.5876972E+017,"@Woo_Husky I love it, I love Subaru, my next car. I need one for Toyota Land Cruiser",yes,10/26/2015 10:18 PM,en,0,2,0.8555,FALSE,TRUE,FALSE,FALSE
LindopToyota,646,6.5874503E+017,Fancy a cuppa pop in &amp,yes, see us we love tea &amp, coffee as much as we love our cars #Toyota #takeABreak #lindopToyota https://t.co/EWwxEe,10/26/2015  8:40 PM,en,1,TRUE,TRUE,TRUE,FALSE
lovinn_jakai,295,6.5871886E+017,@1BOSSLADYYY I swear yall love them Toyota,yes,10/26/2015  6:56 PM,en,0,1,0.6124,FALSE,FALSE,FALSE,FALSE
toyota_autoc,1,6.5871518E+017,I think I'm in love. https://t.co/COV9c9jrgc,yes,10/26/2015  6:41 PM,en,0,0,0.6369,TRUE,TRUE,TRUE,FALSE
jackson_garner,142,6.5863744E+017,The Toyota has a love bug graveyard on the front end,yes,10/26/2015  1:32 PM,en,0,7,0.4588,FALSE,FALSE,TRUE,FALSE
ugo_danjuma,674,6.5860684E+017,"Very true, you either love samsung or the iphone,  same way you either love toyota or honda. Not the both https://t.co/H5gIY94xvX",yes,10/26/2015 11:31 AM,en,0,0,0.9099,FALSE,FALSE,TRUE,FALSE
Limecello,4631,6.5846686E+017,"Uh Toyota? No. I mean, I love football. I REALLY fucking love football. But‚Ä¶if I were to ever get married, it wouldn't be on the damn fiel",yes,10/26/2015  2:15 AM,en,0,1,0.6705,FALSE,TRUE,TRUE,FALSE
nikhak,1266,6.5846178E+017,@jvlaha @ChicagoFire @wunitedfc @FireWUFC @Cf97Sirens @Section8Chicago I love this scarf. OG Toyota Park days.,yes,10/26/2015  1:54 AM,en,0,0,0.6369,FALSE,FALSE,TRUE,TRUE
SP_JohnSullivan,686,6.5841985E+017,@Toyota @kelliwardaz BTW I need a 1996 Avalon driver's side mirror. Competitors don't have drivers still talking about 1996. I love you.,yes,10/25/2015 11:08 PM,en,0,0,0.6369,FALSE,TRUE,FALSE,TRUE
rampantlyon,37,6.5840887E+017,I sure do love it here. I will miss coming out to this place. @ Toyota‚Ä¶ https://t.co/ufRyGxyCB6,yes,10/25/2015 10:24 PM,en,0,0,0.7096,FALSE,FALSE,TRUE,FALSE
Toyota_Preius,311,6.5834801E+017,I have a love hate relationship with the patriots,yes,10/25/2015  6:22 PM,en,0,0,0.128,TRUE,TRUE,TRUE,FALSE
MajiiKunMJ,1500,6.5833691E+017,In love with you #stance #stancelovers #stancenation #corolla #ohsoretro #toyota #lowered‚Ä¶ https://t.co/I3ELSIZArb,yes,10/25/2015  5:38 PM,en,0,0,0.6369,FALSE,TRUE,FALSE,FALSE
RantiScreamer,612,6.5826364E+017,"I love 5star ads. Airtel, Idea and Toyota learn something from it. Hire new and better ad. agency.",yes,10/25/2015 12:47 PM,en,0,0,0.7964,FALSE,FALSE,FALSE,FALSE
DJEddieOne,33396,6.5821447E+017,Full house last night at the @congaroom üéâ for all my people that love to dance. @Toyota is hooking it‚Ä¶ https://t.co/44RD0bApWZ,yes,10/25/2015  9:32 AM,en,0,1,0.6369,FALSE,TRUE,TRUE,FALSE
Simplyy_Kiondra,1700,6.5817053E+017,@Toyota_CAMRYx3 - I love my life.,yes,10/25/2015  6:37 AM,en,0,0,0.6369,FALSE,TRUE,FALSE,FALSE
Toyota_Kamree,762,6.581554E+017,I love FAM. They're sending out texts making sure everyone made it home safely,yes,10/25/2015  5:37 AM,en,1,0,0.8658,TRUE,TRUE,TRUE,FALSE
mariogoso,10104,6.5815037E+017,Integrated PR @integrated_pr: Actress @BlancaBlanco IPR founder @MoniqueMoss love @TheSimpsons and support @green4EMA  @Toyota @Lexus...,yes,10/25/2015  5:17 AM,en,0,0,0.7845,FALSE,TRUE,TRUE,FALSE
integrated_pr,88603,6.5814955E+017,Actress @BlancaBlanco IPR founder @MoniqueMoss love @TheSimpsons and support @green4EMA  @Toyota @Lexus #ToyotaMirai https://t.co/yy3P8YyW3K,yes,10/25/2015  5:14 AM,en,1,2,0.7845,FALSE,TRUE,FALSE,FALSE
Ladyjethro1,42,6.5810087E+017,@NHLFlyers @Toyota love the lavender,yes,10/25/2015  2:00 AM,en,0,0,0.6369,FALSE,TRUE,TRUE,FALSE
Toyota_CAMRYx3,869,6.5810073E+017,I need to talk to you üòì love me @FlyGuyKelz,yes,10/25/2015  2:00 AM,en,0,0,0.6369,TRUE,TRUE,TRUE,FALSE
Obama_Ointment,3681,6.5804252E+017,"@FoxNews @vito4224 Strike until the cows come home for all I care #UAW #GovernmentMotors #Detroit #union scum, I love my #TX built #Toyota",yes,10/24/2015 10:08 PM,en,2,2,0.7845,FALSE,TRUE,TRUE,FALSE
avendanoerik_,147,6.5803031E+017,I LOVE THIS. https://t.co/0tFJV3yVSU,yes,10/24/2015  9:20 PM,en,0,0,0.7125,FALSE,TRUE,TRUE,FALSE
JonivaErnst,353,6.5796047E+017,getting senior pictures taken in the middle of the street like yes i would love to get run over by a 2003 toyota camry,yes,10/24/2015  4:42 PM,en,1,5,0.8555,FALSE,TRUE,FALSE,FALSE
cherastus,20,6.5790871E+017,"I really love airtel, ready to win the Toyota car,in Jesus name",yes,10/24/2015  1:17 PM,en,0,0,0.9013,FALSE,FALSE,TRUE,FALSE
TimCWing,91,6.5789498E+017,@LOCASHmusic love the new look guys. Not sure what Toyota is doing here.  #randomladypic https://t.co/LVAe5I1hYD,yes,10/24/2015 12:22 PM,en,0,0,0.7579,FALSE,TRUE,FALSE,FALSE
AnnaRoseBaldwin,1107,6.5783655E+017,Happy birthday to my sisterrüë≠. I hope you have the best day&amp,yes, night possible. Enjoy your presents!!üíò Love you toyota https://t.co/E,10/24/2015  8:30 AM,en,0,2,FALSE,TRUE,TRUE,FALSE
Toyota_CAMRYx3,869,6.5780935E+017,that's why I'm never falling in love ever again,yes,10/24/2015  6:42 AM,en,0,0,-0.4449,TRUE,TRUE,TRUE,FALSE
Ralstonsmusic,2730,6.5772968E+017,@Toyota Hello. Sharing this dream. https://t.co/CrikMjD7Dt https://t.co/Yzp27Ygyai Enjoy. One love. https://t.co/Mabxhjp76c,yes,10/24/2015  1:25 AM,en,0,2,0.9091,FALSE,TRUE,TRUE,FALSE
Toyota_CAMRYx3,869,6.5772893E+017,do all I can't just to show you you're special. certain it's your love that holds me together.,yes,10/24/2015  1:22 AM,en,0,1,0.8402,TRUE,TRUE,TRUE,FALSE
WaterRollsUphil,8943,6.5770583E+017,Vote for the #Toyota #MR2!  Love the adubs!  https://t.co/sKZnfwCHDv #SoapBox2015 https://t.co/Z7pqP5RX7D,yes,10/23/2015 11:51 PM,en,0,1,0.6988,FALSE,TRUE,FALSE,FALSE
jeromiemtz,48,6.5768984E+017,@LanceTheDriver1 @Toyota I LOVE mine. https://t.co/mm6mHZSD8h,yes,10/23/2015 10:47 PM,en,0,3,0.7125,FALSE,TRUE,TRUE,TRUE
MD1Henderson22,135,6.5762205E+017,"@triadrt @Kenny_Wallace I was just curious, I work for Toyota Technical Center so I race a crate late model Would love to race a @Toyota",yes,10/23/2015  6:18 PM,en,0,0,0.7579,FALSE,FALSE,FALSE,TRUE
Toyota_Oakbrook,330,6.5760707E+017,@ImpactBodyWorks Love this!,yes,10/23/2015  5:18 PM,en,0,0,0.6696,TRUE,TRUE,TRUE,FALSE
206inc,1463,6.5759545E+017,@HarroldWith2Rs @Toyota love this!,yes,10/23/2015  4:32 PM,en,0,1,0.6696,FALSE,TRUE,TRUE,FALSE
Toyota,533585,6.5759376E+017,@SPODemonic We love nostalgic rode trips! #LetsGoPlaces,yes,10/23/2015  4:25 PM,en,0,0,0.6696,TRUE,TRUE,TRUE,FALSE
ToyotaWC,593,6.5752627E+017,"Photo: #fbf 1967 #Toyota #2000gt #flashbackfriday I don‚Äôt know about you, but I love it! https://t.co/mNLIhUX3Sb",yes,10/23/2015 11:57 AM,en,0,0,0.7959,TRUE,TRUE,FALSE,FALSE
Toyota_Camaury,171,6.575041E+017,"Please, for the love of god, no one let Germany know about the American expression ""third times the charm"".",yes,10/23/2015 10:29 AM,en,1,1,0.7506,TRUE,TRUE,TRUE,FALSE
10kArLcRockets,838,6.5743506E+017,Love the idea of putting the whole squad on the facade of Toyota!  https://t.co/iOZsiidoX8,yes,10/23/2015  5:55 AM,en,0,0,0.6696,FALSE,TRUE,FALSE,FALSE
Toyota_Preius,311,6.5737498E+017,"Can somebody anybody, get me some futures!!!!!!!!!! I'll love you forever üòÅ",yes,10/23/2015  1:56 AM,en,0,0,0.7482,TRUE,TRUE,TRUE,FALSE
idk_aylee,550,6.5736692E+017,i love michael j. fox fight me https://t.co/yQMl1Pkiy5,yes,10/23/2015  1:24 AM,en,0,0,0.3818,FALSE,TRUE,TRUE,FALSE
GOSchToyotaCA,2,6.5735074E+017,"@LaraWyss They are pretty amazing, you're going to love it! Are you driving a Toyota right now too?",yes,10/23/2015 12:20 AM,en,0,0,0.9098,TRUE,FALSE,TRUE,FALSE
snoflke,74,6.5731682E+017,üöò little blue car ‚ùÑÔ∏èSNOFLKE‚ùÑÔ∏è #mycar #snoflke #matrix #toyota #love #blue #sky #cornfeild #followme https://t.co/IXiFLZ1Uej,yes,10/22/2015 10:05 PM,en,0,0,0,FALSE,FALSE,FALSE,FALSE
MF3419,1027,6.572745E+017,@zbindendesign heres some truck love for your other followers.. #TUNDRA #TRD #400hp #ToyotaNation #5.7L @Toyota https://t.co/5MyVI7zbBx,yes,10/22/2015  7:17 PM,en,0,2,0.6369,FALSE,FALSE,FALSE,FALSE
Toyota_CAMRYx3,869,6.5726049E+017,sex amazing makes me wanna do it again. baby you're my weekend love,yes,10/22/2015  6:21 PM,en,0,0,0.8402,TRUE,TRUE,TRUE,FALSE
Rodge_FS,176,6.5725862E+017,I love you guys! https://t.co/qtvHdRNGIw,yes,10/22/2015  6:14 PM,en,0,0,0.6696,FALSE,TRUE,TRUE,FALSE
AnIceCreamCone,814,6.572485E+017,Love to find pics of me! (not my pic) #Cruiser ‚ù§üëå #GoodPeople #IceCream #Mine #LoveIt #NelkiNa #INeededThis #Stressed #Toyota #GoodMusi,yes,10/22/2015  5:33 PM,en,0,0,0.6696,FALSE,TRUE,TRUE,FALSE
DSplus,234,6.572438E+017,They like us! (Maybe they even love us.) We‚Äôre a Certified Provider. https://t.co/15WffwkCLw https://t.co/7ZW3Lgqrao,yes,10/22/2015  5:15 PM,en,0,0,0.7901,FALSE,TRUE,FALSE,FALSE
gregisalunatic,47,6.5720499E+017,"Would love to know what this cost Toyota, haha. Might also surprise people to know I'm 100% supportive https://t.co/Y2mVNkAFvV",yes,10/22/2015  2:40 PM,en,0,0,0.8885,FALSE,TRUE,TRUE,FALSE
DebsJRiccio,310,6.5719914E+017,Love this: Michael J. Fox &amp,yes, Christopher Lloyd Go ‚ÄòBack To The Future‚Äô In Full Toyota¬†Commercial https://t.co/cvqzajPFVw via @Hollyw,10/22/2015  2:17 PM,en,0,0,FALSE,TRUE,TRUE,FALSE
planeshooter15,145,6.5716645E+017,@AdmarkUK @PrestigeDiesels @Toyota @jeffylew Love it!,yes,10/22/2015 12:07 PM,en,0,2,0.6696,FALSE,TRUE,FALSE,FALSE
evoMatthew,930,6.5711996E+017,"As much as I know it would be disappointing, I'd love to try one of these: https://t.co/FjADhWIhUu https://t.co/ai9rRmPmNe",yes,10/22/2015  9:03 AM,en,0,0,0.25,FALSE,TRUE,FALSE,FALSE
riani_toyota,17,6.5708687E+017,I love u abi @rmnk_fz https://t.co/f38EAtjQj9,yes,10/22/2015  6:51 AM,en,0,0,0.6369,TRUE,TRUE,TRUE,FALSE
Josephv_27,405,6.5705098E+017,I think I'm in love! üòç https://t.co/Xm45jxZmye,yes,10/22/2015  4:28 AM,en,2,0,0.6696,FALSE,TRUE,TRUE,FALSE
ann_m_stone,539,6.5703967E+017,love it! https://t.co/E3aipWiXYc,yes,10/22/2015  3:43 AM,en,0,0,0.6696,FALSE,TRUE,TRUE,FALSE
limon_con_sal17,737,6.570305E+017,I LOVE THIS SO MUCH ! https://t.co/a8SByhafIC,yes,10/22/2015  3:07 AM,en,1,0,0.7371,FALSE,TRUE,TRUE,FALSE
TimiKomo,899,6.5701993E+017,Love it &gt,yes,&gt, Ad of the Day: Here Is Toyota's Full 5-Minute Spot With Marty McFly and Doc Brown https://t.co/ThfQ2XkurW,10/22/2015  2:25 AM,en,0,FALSE,TRUE,TRUE,FALSE
NoNonsenseMofo,1509,6.5701776E+017,I love it!  https://t.co/DtfZX8AtwC,yes,10/22/2015  2:16 AM,en,0,1,0.6696,FALSE,TRUE,TRUE,FALSE
brettconner_,171,6.5701683E+017,#GreatScott @Srdiv4 spread the love https://t.co/r8XtmvhVJK,yes,10/22/2015  2:13 AM,en,0,0,0.6369,FALSE,TRUE,TRUE,FALSE
athenamenezes,302,6.5701657E+017,ITS THE POWER OF LOVE ‚ù§Ô∏è‚ù§Ô∏è‚ù§Ô∏è‚ù§Ô∏è‚ù§Ô∏è https://t.co/eMp0NJZeyS  @Toyota sua linda #BTTFDAY,yes,10/22/2015  2:12 AM,en,0,0,0.7125,FALSE,TRUE,TRUE,FALSE
Toyota_CAMRYx3,869,6.5701149E+017,I love it I need it gotta have it gotta keep it,yes,10/22/2015  1:52 AM,en,0,0,0.6369,TRUE,TRUE,TRUE,FALSE
BrooklynViro,130,6.5700005E+017,Amazing! I love this!!!  https://t.co/By8UXieZaI,yes,10/22/2015  1:06 AM,en,0,1,0.8798,FALSE,TRUE,TRUE,FALSE
pnkheelspnktrk,5686,6.5699319E+017,Sharing the Toyota love on Ep 002 of #BOSSGIRLCREATIVE Podcast https://t.co/lTDeiROEhc #bossgirl #bossbabe,yes,10/22/2015 12:39 AM,en,0,1,0.7906,FALSE,FALSE,TRUE,FALSE
Jackie256374888,1999,6.5697635E+017,Happy Back to the Future day! I love all the festivities. https://t.co/nsuP9F6Jj9,yes,10/21/2015 11:32 PM,en,0,0,0.906,FALSE,TRUE,TRUE,FALSE
rockchik2022,110,6.5697126E+017,@toyota But I want one! :(  I love Back to the Future. https://t.co/gRzqcKaFU5,yes,10/21/2015 11:12 PM,en,0,0,0.4389,FALSE,TRUE,TRUE,FALSE
sarah_alxndr,269,6.5696604E+017,@Toyota love it! #defyingboundaries,yes,10/21/2015 10:51 PM,en,0,1,0.6696,FALSE,TRUE,FALSE,FALSE
NicoletJade,91,6.5695011E+017,@Toyota awesome !!! I love it !!! I want one !!!!,yes,10/21/2015  9:48 PM,en,0,0,0.8949,FALSE,TRUE,TRUE,FALSE
GringoLingoTV,1692,6.5694951E+017,"#BackToFutureDay I drive the modern version of Marty's 1985 Toyota, love Eastwood, play guitar &amp; distrust Libyans... https://t.co/M3aw78",yes,10/21/2015  9:45 PM,en,0,1,0.5859,FALSE,TRUE,TRUE,TRUE
druh_ew,482,6.5694917E+017,"I LOVE LIFE CAUSE BACK TO THE FUTURE IS TAKING OVER TODAY WITH SELF LACING SHOWS, PEPSI PERFECT, AND MARTY'S TOYOTA TACOMA BEING RECREATED",yes,10/21/2015  9:44 PM,en,0,3,0.836,FALSE,FALSE,FALSE,FALSE
yuriko18837544,706,6.5694378E+017,#KCA #VoteJKT48ID jonkhicks: Toyota I would love to get one of these! #BTTF,yes,10/21/2015  9:22 PM,en,0,0,0.6696,FALSE,FALSE,FALSE,FALSE
DiamondPeethro,944,6.5693707E+017,I LOVE THIS!!!üíò https://t.co/cgnJnJoSpg,yes,10/21/2015  8:56 PM,en,0,0,0.7788,FALSE,TRUE,TRUE,FALSE
sammyjrux,76,6.5693536E+017,Loveüòç https://t.co/P7BQBP5rUq,yes,10/21/2015  8:49 PM,en,0,0,0,FALSE,TRUE,TRUE,FALSE
AmyCapitola,144,6.5693442E+017,Yep...I love advertising minds... https://t.co/U7iKa9hJO0,yes,10/21/2015  8:45 PM,en,0,0,0.6369,FALSE,TRUE,TRUE,FALSE
ForumToyota,278,6.5693438E+017,"@Toyota yeah, love to see it I'm in the mid cities of the dallas-fort Worth area right now, but I'm not certain where the truck is at.",yes,10/21/2015  8:45 PM,en,1,0,0.3462,TRUE,TRUE,TRUE,FALSE
CBNerd,1495,6.569283E+017,"I love seeing these two, together again. https://t.co/zTqzcQUBq1",yes,10/21/2015  8:21 PM,en,0,0,0.6369,FALSE,TRUE,TRUE,FALSE
alicia_annA1,1408,6.5692725E+017,LOVE LOVE THIS üò≠üòç‚ù§Ô∏è https://t.co/uY1A1cJnNJ,yes,10/21/2015  8:17 PM,en,0,1,0.8971,FALSE,TRUE,TRUE,FALSE
TaffyRoman,1530,6.5692559E+017,This is freaking awesome! @JayceeRoman you will especially love this. #GreatScott #ONEPOINTTWENTYONEJIGAWATTS  https://t.co/6Rw4jFm4yA,yes,10/21/2015  8:10 PM,en,0,1,0.7955,FALSE,FALSE,TRUE,FALSE
RoMona_Styles,108,6.5692459E+017,Omg I'm so n love. üòçüôåüèΩ‚ù§Ô∏èüíØüòÇ https://t.co/1WN1VlSLap,yes,10/21/2015  8:06 PM,en,0,0,0.7481,FALSE,TRUE,TRUE,FALSE
SpiritCath_Ryan,2672,6.5692358E+017,This car looks pretty sweet. Love to see what fuel cells will do in the next 10 years. https://t.co/0vIiVJZAzp,yes,10/21/2015  8:02 PM,en,0,0,0.886,FALSE,FALSE,TRUE,FALSE
__megara,885,6.5692301E+017,I love this so much  https://t.co/3F8O8HmHvg,yes,10/21/2015  8:00 PM,en,0,0,0.6369,FALSE,TRUE,TRUE,FALSE
lizmack3434,72,6.569226E+017,I am speechless... Too cute I love it I what one. https://t.co/x96rprI75n,yes,10/21/2015  7:58 PM,en,0,1,0.802,FALSE,TRUE,TRUE,FALSE
ChampBeatsChump,212,6.5692229E+017,@Toyota The Mirai,yes, i love it! Lets clean up the earth! Now something that withdraws hydrocarbons from the atmosphere!,10/21/2015  7:57 PM,en,0,0,FALSE,TRUE,TRUE,FALSE
Love_Lustx3,216,6.5692062E+017,Pretty cool  https://t.co/cfdo80sH4n,yes,10/21/2015  7:50 PM,en,0,0,0.6705,FALSE,TRUE,TRUE,FALSE
CalgaryUrban,19,6.5691192E+017,"Love this article! Are we as ""Clean"" as they predicted we would be in #BacktotheFuture? https://t.co/uDdPfWE4GE #Energy #Efficient",yes,10/21/2015  7:16 PM,en,0,0,0.6696,FALSE,TRUE,TRUE,FALSE
alawton77,415,6.5690934E+017,Lucy Dory Lawton this is why I love picks ups !! Can I have one https://t.co/2vNQEClyPQ,yes,10/21/2015  7:06 PM,en,0,0,0.6988,FALSE,TRUE,TRUE,FALSE
AverageGeekShow,368,6.5690799E+017,Little bit old. Little bit new. LOVE IT! https://t.co/bjYWoHoqdE,yes,10/21/2015  7:00 PM,en,0,0,0.715,FALSE,TRUE,TRUE,FALSE
DealerDOCX,37,6.5690711E+017,Doc Brown drove in the clouds in Part II &amp,yes, so do we! Love this throwback from @Toyota https://t.co/xUYS7ohrC5 #BackToTheFutureDay,10/21/2015  6:57 PM,en,0,1,FALSE,TRUE,TRUE,FALSE
Leilani_V0127,9,6.5690677E+017,@ManonMathews @Toyota i love you manon,yes,10/21/2015  6:55 PM,en,0,0,0.6369,FALSE,TRUE,TRUE,FALSE
theiloveyouman,127,6.5690492E+017,"Platinum, people. Platinum. Here comes hydrogen fuel-cell technology. I love you! https://t.co/eQ9KuuBNBd",yes,10/21/2015  6:48 PM,en,0,0,0.6696,FALSE,TRUE,TRUE,FALSE
twop0intfive,214,6.5688951E+017,"The new ride. Verdict so far: love it. Wallet won't, but that's whatever. #car #carporn #toyota #suv‚Ä¶ https://t.co/sFP7rnpM2S",yes,10/21/2015  5:47 PM,en,0,0,0.4659,FALSE,TRUE,TRUE,FALSE
COSMLCNlALL1D,110,6.5688384E+017,I actually love this üòÇüòÇüíó https://t.co/9IEGSGKv0Y,yes,10/21/2015  5:24 PM,en,0,0,0.6369,FALSE,TRUE,TRUE,FALSE
chica_yeahyeah,123,6.5687895E+017,@Toyota So many details on this video... I love it!!!,yes,10/21/2015  5:05 PM,en,0,2,0.7249,FALSE,TRUE,TRUE,FALSE
laurenoake,720,6.5687341E+017,@WareTaliah my Toyota*üòâ THANK YOU LOVE YOU üòà‚ù§Ô∏è,yes,10/21/2015  4:43 PM,en,0,1,0.8468,FALSE,TRUE,TRUE,FALSE
nheymann,1632,6.568697E+017,"Happy Back to the Future Day to all the nerdy kids. Love, your friends at @droga5 and @Toyota. https://t.co/5op7WKlvQO",yes,10/21/2015  4:28 PM,en,1,7,0.8957,FALSE,TRUE,TRUE,FALSE
golfclubgirl,151,6.568653E+017,"the best one was hands down ""Longest Love Poem Written And Recited For a Newt While Sitting On The Back Seat Of A Toyota Prius""",yes,10/21/2015  4:11 PM,en,0,1,0.8555,FALSE,TRUE,FALSE,FALSE
Lucitita,2407,6.5685523E+017,ITS THE POWER OF LOVE ‚ù§Ô∏è‚ù§Ô∏è‚ù§Ô∏è‚ù§Ô∏è‚ù§Ô∏è https://t.co/EvuR3rPoHb @Toyota sua linda #BTTFDAY,yes,10/21/2015  3:31 PM,en,1,0,0.7125,FALSE,TRUE,TRUE,FALSE
SocialMediaTWTR,1292,6.5684525E+017,I'd love to see adoption of @neahpowerinc Formira HOD platform--no gaseous hydrogen in the future. #fuelcells #bttf https://t.co/i4gs66Ztki,yes,10/21/2015  2:51 PM,en,0,0,0.6369,FALSE,TRUE,TRUE,FALSE
Briwxoxo7,464,6.5683048E+017,Love back to the future and the dularian üòç https://t.co/FLmfz1iiXR,yes,10/21/2015  1:52 PM,en,0,0,0.6369,FALSE,TRUE,TRUE,FALSE
stephparker,1472,6.5683038E+017,"Also, this is now a thing you can watch. And I love it. https://t.co/nxGR8vfqoa #BackToTheFuture",yes,10/21/2015  1:52 PM,en,0,0,0.6369,FALSE,TRUE,TRUE,FALSE
ForumToyota,278,6.5682739E+017,@ScottDeYager @Toyota Are you in DFW?  I'd love to get a look at that truck.,yes,10/21/2015  1:40 PM,en,0,0,0.6369,TRUE,TRUE,TRUE,FALSE
RodiBasso,437,6.56806E+017,#Subaru #Honda and #Toyota motorsport. I love this country ! #Japan,yes,10/21/2015 12:15 PM,en,0,1,0.6696,FALSE,TRUE,TRUE,FALSE
toyotastoke,1477,6.5680198E+017,"Love technology? Soon this #future #hybrid will offer improved mpg, emissions and more! &gt; https://t.co/7EvAm5ND76 https://t.co/RnMBuYIQZf",yes,10/21/2015 11:59 AM,en,0,0,0.8221,TRUE,FALSE,TRUE,FALSE
TeufelsKueche,4185,6.5672795E+017,@JoachimHesse love it! @Toyota,yes,10/21/2015  7:05 AM,en,0,0,0.6696,FALSE,TRUE,TRUE,FALSE
aye_ricaxo,1329,6.5671825E+017,"Drove stick shift in Toyota, Honda, Nissan, Bmw, Infiniti...camaro is the only one I fell in love with out of all of emüò´üôåüèº",yes,10/21/2015  6:26 AM,en,1,0,0.6369,FALSE,TRUE,TRUE,FALSE
supmccann,1250,6.5669906E+017,"@elainagarciahd @itsjustinties @itshoneydaniels love... its merely a toyota, go ahead",yes,10/21/2015  5:10 AM,en,0,2,0,FALSE,TRUE,TRUE,FALSE
JudyG75,202,6.5669075E+017,OMG ... Love it! Super sweet! #BTTF #Tacoma  https://t.co/6JTK1Be4jO,yes,10/21/2015  4:37 AM,en,0,0,0.9133,FALSE,FALSE,FALSE,FALSE
KadeWoodson18,240,6.5668733E+017,I love it üòçüòç  https://t.co/UHmQT3gG8B,yes,10/21/2015  4:23 AM,en,0,0,0.6369,FALSE,TRUE,TRUE,FALSE
JayRat88,109,6.5668492E+017,Oh hell yeah! Love it!  https://t.co/Aed2walPtU,yes,10/21/2015  4:14 AM,en,0,0,0.3365,FALSE,TRUE,TRUE,FALSE
shiner917,166,6.5667972E+017,@Darwen88 Would love to test drive that car. https://t.co/jp9FykegrU,yes,10/21/2015  3:53 AM,en,0,0,0.6369,FALSE,TRUE,TRUE,TRUE
phanjun,202,6.5666949E+017,Love Toyota Love Aichi Love SKE48 :3,yes,10/21/2015  3:13 AM,en,0,0,0.9509,FALSE,FALSE,TRUE,FALSE
satriaariwibowo,417,6.5662359E+017,#toyota #toyotachr #purple love it so much üòé https://t.co/ybmpLX0589,yes,10/21/2015 12:10 AM,en,0,0,0.6369,FALSE,TRUE,TRUE,FALSE
hamfid,231,6.566208E+017,would you still love me the same? ‚ô´ Locked Away by R. City (at TOYOTA Technical Education Program-STEMBAYO) ‚Äî https://t.co/IxoGm0mA4M,yes,10/20/2015 11:59 PM,en,0,0,0.6369,FALSE,TRUE,TRUE,FALSE
paul3553,168,6.5656054E+017,#carslive love it reminds me of the 12 years I worked at Toyota,yes,10/20/2015  8:00 PM,en,0,0,0.6369,FALSE,FALSE,TRUE,FALSE
hakudoshyjavie1,11,6.565568E+017,@kirakosarin @dosomething @Toyota i love you kira you're the best :-),yes,10/20/2015  7:45 PM,en,0,0,0.8934,FALSE,TRUE,TRUE,FALSE
banishamse,1403,6.5654437E+017,#Toyota   #palestine  #struggle more than 60 years #to #recover #freedom #support#tell #truth #love #palestine #rights #yes#Palestine,yes,10/20/2015  6:55 PM,en,0,0,0,FALSE,TRUE,TRUE,FALSE
kang_agusherman,39,6.5654295E+017,"Need Love, take me to your heart take me to your soul. Info toyota, see https://t.co/ktSSOvQfEY https://t.co/gzbuOaROlw",yes,10/20/2015  6:50 PM,en,0,0,0.6369,FALSE,TRUE,TRUE,FALSE
SavRogers6,413,6.565314E+017,Praying for my love as he goes through this Toyota interview üéâüéäüéâüôèüèºüôèüèºüôèüèºüôèüèº I am very excited,yes,10/20/2015  6:04 PM,en,0,7,0.8553,FALSE,FALSE,TRUE,FALSE
StudioBrandC,4488,6.5652216E+017,We love our #Rockets and these hunger-inducing photos! #Houston https://t.co/eQeyelpvmO,yes,10/20/2015  5:27 PM,en,1,1,0.6696,FALSE,TRUE,TRUE,FALSE
TylenaAmelia,1146,6.5651677E+017,"Happy birthday nixie dude! Hope you have a fantastic day, you can be looking fly in the Toyota now! Love u üíïüéâ @nixiegrajera",yes,10/20/2015  5:06 PM,en,0,1,0.9431,FALSE,FALSE,TRUE,FALSE
z_pro,810,6.5649549E+017,#love #lovecars #loveit #toyota #mr2spyder #mrs #tokyo #jpn #f4f from¬†Instagram https://t.co/6kEX3fNre4 https://t.co/6FkR91owSJ,yes,10/20/2015  3:41 PM,en,0,0,0,FALSE,TRUE,FALSE,FALSE
itsjuanlove,3404,6.5644103E+017,"@MichaelCalienes cheers, love your toyota truck spot",yes,10/20/2015 12:05 PM,en,0,1,0.8074,FALSE,FALSE,FALSE,FALSE
Brickinthesky,471,6.5639578E+017,"Toyota, Pepsi, Nike and Tonny Hawk, all love Back to the¬†Future https://t.co/A8ffUk9HCY https://t.co/8XMwRU4xOM",yes,10/20/2015  9:05 AM,en,0,0,0.6369,FALSE,TRUE,TRUE,FALSE
Toyota_CAMRYx3,869,6.5635337E+017,Believe it or not I'm always thinking of ways to show someone I love/care about them. Or that I'm simply thinking about them,yes,10/20/2015  6:16 AM,en,0,0,0,TRUE,TRUE,TRUE,FALSE
Toyota_CAMRYx3,869,6.5631721E+017,@KylieJenner I'm in love with you,yes,10/20/2015  3:53 AM,en,0,0,0.6369,TRUE,TRUE,TRUE,FALSE
Toyota_CAMRYx3,869,6.5626585E+017,I love you @NiaNRiley #LHHH,yes,10/20/2015 12:29 AM,en,0,0,0.6369,TRUE,TRUE,TRUE,FALSE
Toyota_CAMRYx3,869,6.5626505E+017,I love nia idc #LHHH,yes,10/20/2015 12:25 AM,en,0,0,0.6369,TRUE,TRUE,TRUE,FALSE
Toyota_CAMRYx3,869,6.562578E+017,@JasParnin happy birthday baby ... Miss &amp,yes, Love you üíú,10/19/2015 11:57 PM,en,1,1,TRUE,TRUE,TRUE,FALSE
ALBassTrail,3349,6.5623762E+017,I love to get these pics from a sponsor! Thanks Dan O'Sullivan for doing business with Bill Penney Toyota and... https://t.co/vyXrkINj1o,yes,10/19/2015 10:36 PM,en,1,1,0.8122,FALSE,FALSE,TRUE,FALSE
VanitySlavery,667,6.5616641E+017,@Michael__am he works at Toyota though and is love with my Subie,yes,10/19/2015  5:53 PM,en,0,0,0.6369,FALSE,FALSE,TRUE,FALSE
thekeydom,29,6.5615499E+017,@UniforToyota Would love to see Toyota part of the Unifor Family,yes,10/19/2015  5:08 PM,en,0,0,0.6369,FALSE,FALSE,TRUE,FALSE
